use_case,variant,db_label,n,run_id,phase,elapsed_ms,heap_b,comm_bytes,rounds,correct,param_profile
UC2,std,DB1,512,1,setup,240.728,75429136,0,0,false,full
UC2,std,DB1,512,1,precomp,0.000,0,0,0,false,full
UC2,std,DB1,512,1,encrypt,12.760,7139144,0,0,false,full
UC2,std,DB1,512,1,eval,73.704,35507048,0,0,false,full
UC2,std,DB1,512,1,decrypt,3.738,1186384,2097152,1,true,full
UC2,std_modsw,DB1,512,1,setup,232.228,54810400,0,0,false,full
UC2,std_modsw,DB1,512,1,precomp,0.000,0,0,0,false,full
UC2,std_modsw,DB1,512,1,encrypt,13.418,7139128,0,0,false,full
UC2,std_modsw,DB1,512,1,eval,73.914,35507048,0,0,false,full
UC2,std_modsw,DB1,512,1,decrypt,6.466,25997000,1048576,1,true,full
UC2,label,DB1,512,1,setup,233.838,70309792,0,0,false,full
UC2,label,DB1,512,1,precomp,0.001,0,0,0,false,full
UC2,label,DB1,512,1,encrypt,14.475,12598416,0,0,false,full
UC2,label,DB1,512,1,eval,91.255,61980784,0,0,false,full
UC2,label,DB1,512,1,decrypt,3.683,4469280,1048576,1,true,full
UC2,std,DB1,512,2,setup,230.549,68465888,0,0,false,full
UC2,std,DB1,512,2,precomp,0.000,0,0,0,false,full
UC2,std,DB1,512,2,encrypt,12.466,7139128,0,0,false,full
UC2,std,DB1,512,2,eval,75.317,35507048,0,0,false,full
UC2,std,DB1,512,2,decrypt,5.113,1186384,2097152,1,true,full
UC2,std_modsw,DB1,512,2,setup,233.975,68465888,0,0,false,full
UC2,std_modsw,DB1,512,2,precomp,0.000,0,0,0,false,full
UC2,std_modsw,DB1,512,2,encrypt,13.477,7139128,0,0,false,full
UC2,std_modsw,DB1,512,2,eval,74.903,35507048,0,0,false,full
UC2,std_modsw,DB1,512,2,decrypt,6.306,25997112,1048576,1,true,full
UC2,label,DB1,512,2,setup,234.227,70039696,0,0,false,full
UC2,label,DB1,512,2,precomp,0.000,0,0,0,false,full
UC2,label,DB1,512,2,encrypt,15.413,12598544,0,0,false,full
UC2,label,DB1,512,2,eval,99.393,20871576,0,0,false,full
UC2,label,DB1,512,2,decrypt,3.189,4469280,1048576,1,true,full
UC2,std,DB1,512,3,setup,233.197,75292672,0,0,false,full
UC2,std,DB1,512,3,precomp,0.000,0,0,0,false,full
UC2,std,DB1,512,3,encrypt,12.548,7139128,0,0,false,full
UC2,std,DB1,512,3,eval,73.419,35507048,0,0,false,full
UC2,std,DB1,512,3,decrypt,5.827,1186384,2097152,1,true,full
UC2,std_modsw,DB1,512,3,setup,235.778,68466000,0,0,false,full
UC2,std_modsw,DB1,512,3,precomp,0.000,0,0,0,false,full
UC2,std_modsw,DB1,512,3,encrypt,12.545,7139128,0,0,false,full
UC2,std_modsw,DB1,512,3,eval,72.596,35507048,0,0,false,full
UC2,std_modsw,DB1,512,3,decrypt,5.766,25996984,1048576,1,true,full
UC2,label,DB1,512,3,setup,232.400,75556952,0,0,false,full
UC2,label,DB1,512,3,precomp,0.000,0,0,0,false,full
UC2,label,DB1,512,3,encrypt,14.467,12598176,0,0,false,full
UC2,label,DB1,512,3,eval,96.370,20872120,0,0,false,full
UC2,label,DB1,512,3,decrypt,3.159,4469280,1048576,1,true,full
UC2,std,DB1,512,4,setup,239.209,75298248,0,0,false,full
UC2,std,DB1,512,4,precomp,0.000,0,0,0,false,full
UC2,std,DB1,512,4,encrypt,13.639,7139128,0,0,false,full
UC2,std,DB1,512,4,eval,74.564,35507048,0,0,false,full
UC2,std,DB1,512,4,decrypt,3.804,1186384,2097152,1,true,full
UC2,std_modsw,DB1,512,4,setup,231.117,70569008,0,0,false,full
UC2,std_modsw,DB1,512,4,precomp,0.000,0,0,0,false,full
UC2,std_modsw,DB1,512,4,encrypt,13.021,7139128,0,0,false,full
UC2,std_modsw,DB1,512,4,eval,74.596,35507048,0,0,false,full
UC2,std_modsw,DB1,512,4,decrypt,5.703,25997096,1048576,1,true,full
UC2,label,DB1,512,4,setup,232.452,54546040,0,0,false,full
UC2,label,DB1,512,4,precomp,0.000,0,0,0,false,full
UC2,label,DB1,512,4,encrypt,15.685,12598448,0,0,false,full
UC2,label,DB1,512,4,eval,97.849,41632240,0,0,false,full
UC2,label,DB1,512,4,decrypt,2.981,4469392,1048576,1,true,full
UC2,std,DB1,512,5,setup,224.867,68465664,0,0,false,full
UC2,std,DB1,512,5,precomp,0.001,0,0,0,false,full
UC2,std,DB1,512,5,encrypt,13.361,7139128,0,0,false,full
UC2,std,DB1,512,5,eval,76.020,35507048,0,0,false,full
UC2,std,DB1,512,5,decrypt,4.796,1186384,2097152,1,true,full
UC2,std_modsw,DB1,512,5,setup,228.488,68465888,0,0,false,full
UC2,std_modsw,DB1,512,5,precomp,0.000,0,0,0,false,full
UC2,std_modsw,DB1,512,5,encrypt,13.203,7139128,0,0,false,full
UC2,std_modsw,DB1,512,5,eval,73.861,35507048,0,0,false,full
UC2,std_modsw,DB1,512,5,decrypt,6.059,25996984,1048576,1,true,full
UC2,label,DB1,512,5,setup,235.130,59798152,0,0,false,full
UC2,label,DB1,512,5,precomp,0.000,0,0,0,false,full
UC2,label,DB1,512,5,encrypt,17.968,12598336,0,0,false,full
UC2,label,DB1,512,5,eval,95.888,41632352,0,0,false,full
UC2,label,DB1,512,5,decrypt,3.451,4469392,1048576,1,true,full
UC2,std,DB1,512,6,setup,231.721,54545848,0,0,false,full
UC2,std,DB1,512,6,precomp,0.000,0,0,0,false,full
UC2,std,DB1,512,6,encrypt,13.289,7139128,0,0,false,full
UC2,std,DB1,512,6,eval,74.386,35507048,0,0,false,full
UC2,std,DB1,512,6,decrypt,3.967,1186384,2097152,1,true,full
UC2,std_modsw,DB1,512,6,setup,229.785,65319072,0,0,false,full
UC2,std_modsw,DB1,512,6,precomp,0.000,0,0,0,false,full
UC2,std_modsw,DB1,512,6,encrypt,13.265,7139128,0,0,false,full
UC2,std_modsw,DB1,512,6,eval,73.347,35507048,0,0,false,full
UC2,std_modsw,DB1,512,6,decrypt,6.991,25997000,1048576,1,true,full
UC2,label,DB1,512,6,setup,232.961,70172808,0,0,false,full
UC2,label,DB1,512,6,precomp,0.000,0,0,0,false,full
UC2,label,DB1,512,6,encrypt,14.991,12598688,0,0,false,full
UC2,label,DB1,512,6,eval,94.456,41632240,0,0,false,full
UC2,label,DB1,512,6,decrypt,3.826,4469280,1048576,1,true,full
UC2,std,DB1,512,7,setup,230.551,70304456,0,0,false,full
UC2,std,DB1,512,7,precomp,0.000,0,0,0,false,full
UC2,std,DB1,512,7,encrypt,12.610,7139128,0,0,false,full
UC2,std,DB1,512,7,eval,72.910,35507048,0,0,false,full
UC2,std,DB1,512,7,decrypt,4.203,1186384,2097152,1,true,full
UC2,std_modsw,DB1,512,7,setup,228.302,73718752,0,0,false,full
UC2,std_modsw,DB1,512,7,precomp,0.000,0,0,0,false,full
UC2,std_modsw,DB1,512,7,encrypt,13.161,7139128,0,0,false,full
UC2,std_modsw,DB1,512,7,eval,73.195,35507048,0,0,false,full
UC2,std_modsw,DB1,512,7,decrypt,6.194,25996984,1048576,1,true,full
UC2,label,DB1,512,7,setup,236.393,54281120,0,0,false,full
UC2,label,DB1,512,7,precomp,0.000,0,0,0,false,full
UC2,label,DB1,512,7,encrypt,15.095,12598224,0,0,false,full
UC2,label,DB1,512,7,eval,98.265,41631728,0,0,false,full
UC2,label,DB1,512,7,decrypt,3.267,4469504,1048576,1,true,full
UC2,std,DB1,512,8,setup,229.473,68465776,0,0,false,full
UC2,std,DB1,512,8,precomp,0.000,0,0,0,false,full
UC2,std,DB1,512,8,encrypt,13.818,7139128,0,0,false,full
UC2,std,DB1,512,8,eval,74.144,35507048,0,0,false,full
UC2,std,DB1,512,8,decrypt,4.102,1186608,2097152,1,true,full
UC2,std_modsw,DB1,512,8,setup,233.516,70303880,0,0,false,full
UC2,std_modsw,DB1,512,8,precomp,0.000,0,0,0,false,full
UC2,std_modsw,DB1,512,8,encrypt,13.915,7139128,0,0,false,full
UC2,std_modsw,DB1,512,8,eval,73.686,35507048,0,0,false,full
UC2,std_modsw,DB1,512,8,decrypt,5.943,25988968,1048576,1,true,full
UC2,label,DB1,512,8,setup,236.362,75557192,0,0,false,full
UC2,label,DB1,512,8,precomp,0.000,0,0,0,false,full
UC2,label,DB1,512,8,encrypt,14.908,12598288,0,0,false,full
UC2,label,DB1,512,8,eval,95.953,41631808,0,0,false,full
UC2,label,DB1,512,8,decrypt,3.868,4469280,1048576,1,true,full
UC2,std,DB1,512,9,setup,229.398,65319072,0,0,false,full
UC2,std,DB1,512,9,precomp,0.000,0,0,0,false,full
UC2,std,DB1,512,9,encrypt,12.737,7139128,0,0,false,full
UC2,std,DB1,512,9,eval,74.637,35507048,0,0,false,full
UC2,std,DB1,512,9,decrypt,4.211,1186608,2097152,1,true,full
UC2,std_modsw,DB1,512,9,setup,230.521,59798344,0,0,false,full
UC2,std_modsw,DB1,512,9,precomp,0.000,0,0,0,false,full
UC2,std_modsw,DB1,512,9,encrypt,14.139,7139128,0,0,false,full
UC2,std_modsw,DB1,512,9,eval,74.163,35507048,0,0,false,full
UC2,std_modsw,DB1,512,9,decrypt,6.168,25996984,1048576,1,true,full
UC2,label,DB1,512,9,setup,231.619,64786992,0,0,false,full
UC2,label,DB1,512,9,precomp,0.000,0,0,0,false,full
UC2,label,DB1,512,9,encrypt,15.237,12598784,0,0,false,full
UC2,label,DB1,512,9,eval,96.767,61996256,0,0,false,full
UC2,label,DB1,512,9,decrypt,3.509,4469280,1048576,1,true,full
UC2,std,DB1,512,10,setup,229.110,68465664,0,0,false,full
UC2,std,DB1,512,10,precomp,0.000,0,0,0,false,full
UC2,std,DB1,512,10,encrypt,13.444,7139128,0,0,false,full
UC2,std,DB1,512,10,eval,74.789,35507048,0,0,false,full
UC2,std,DB1,512,10,decrypt,4.156,1186384,2097152,1,true,full
UC2,std_modsw,DB1,512,10,setup,232.697,65319072,0,0,false,full
UC2,std_modsw,DB1,512,10,precomp,0.000,0,0,0,false,full
UC2,std_modsw,DB1,512,10,encrypt,12.775,7139128,0,0,false,full
UC2,std_modsw,DB1,512,10,eval,74.061,35507048,0,0,false,full
UC2,std_modsw,DB1,512,10,decrypt,6.771,25997000,1048576,1,true,full
UC2,label,DB1,512,10,setup,231.473,68465776,0,0,false,full
UC2,label,DB1,512,10,precomp,0.000,0,0,0,false,full
UC2,label,DB1,512,10,encrypt,14.850,12598608,0,0,false,full
UC2,label,DB1,512,10,eval,97.264,61996144,0,0,false,full
UC2,label,DB1,512,10,decrypt,3.379,4469392,1048576,1,true,full
UC2,std,DB1,512,11,setup,233.302,75557416,0,0,false,full
UC2,std,DB1,512,11,precomp,0.000,0,0,0,false,full
UC2,std,DB1,512,11,encrypt,13.372,7139128,0,0,false,full
UC2,std,DB1,512,11,eval,74.915,35507048,0,0,false,full
UC2,std,DB1,512,11,decrypt,4.619,1186384,2097152,1,true,full
UC2,std_modsw,DB1,512,11,setup,237.072,70304456,0,0,false,full
UC2,std_modsw,DB1,512,11,precomp,0.000,0,0,0,false,full
UC2,std_modsw,DB1,512,11,encrypt,12.560,7139128,0,0,false,full
UC2,std_modsw,DB1,512,11,eval,72.764,35507048,0,0,false,full
UC2,std_modsw,DB1,512,11,decrypt,6.151,25996984,1048576,1,true,full
UC2,label,DB1,512,11,setup,237.927,70039808,0,0,false,full
UC2,label,DB1,512,11,precomp,0.000,0,0,0,false,full
UC2,label,DB1,512,11,encrypt,14.704,12598496,0,0,false,full
UC2,label,DB1,512,11,eval,96.123,41631696,0,0,false,full
UC2,label,DB1,512,11,decrypt,3.778,4469280,1048576,1,true,full
UC2,std,DB1,512,12,setup,228.690,68465776,0,0,false,full
UC2,std,DB1,512,12,precomp,0.000,0,0,0,false,full
UC2,std,DB1,512,12,encrypt,12.725,7139128,0,0,false,full
UC2,std,DB1,512,12,eval,74.636,35507048,0,0,false,full
UC2,std,DB1,512,12,decrypt,3.744,1186496,2097152,1,true,full
UC2,std_modsw,DB1,512,12,setup,234.693,70039856,0,0,false,full
UC2,std_modsw,DB1,512,12,precomp,0.000,0,0,0,false,full
UC2,std_modsw,DB1,512,12,encrypt,12.728,7139128,0,0,false,full
UC2,std_modsw,DB1,512,12,eval,73.288,35507048,0,0,false,full
UC2,std_modsw,DB1,512,12,decrypt,5.724,25996984,1048576,1,true,full
UC2,label,DB1,512,12,setup,232.705,75557048,0,0,false,full
UC2,label,DB1,512,12,precomp,0.001,0,0,0,false,full
UC2,label,DB1,512,12,encrypt,14.479,12598080,0,0,false,full
UC2,label,DB1,512,12,eval,96.971,20871480,0,0,false,full
UC2,label,DB1,512,12,decrypt,3.031,4469280,1048576,1,true,full
UC2,std,DB1,512,13,setup,225.319,68465664,0,0,false,full
UC2,std,DB1,512,13,precomp,0.000,0,0,0,false,full
UC2,std,DB1,512,13,encrypt,13.489,7139128,0,0,false,full
UC2,std,DB1,512,13,eval,74.732,35507048,0,0,false,full
UC2,std,DB1,512,13,decrypt,4.172,1186384,2097152,1,true,full
UC2,std_modsw,DB1,512,13,setup,230.597,68465664,0,0,false,full
UC2,std_modsw,DB1,512,13,precomp,0.000,0,0,0,false,full
UC2,std_modsw,DB1,512,13,encrypt,12.924,7139128,0,0,false,full
UC2,std_modsw,DB1,512,13,eval,73.765,35507048,0,0,false,full
UC2,std_modsw,DB1,512,13,decrypt,5.816,25997208,1048576,1,true,full
UC2,label,DB1,512,13,setup,236.917,54281264,0,0,false,full
UC2,label,DB1,512,13,precomp,0.000,0,0,0,false,full
UC2,label,DB1,512,13,encrypt,14.574,12598528,0,0,false,full
UC2,label,DB1,512,13,eval,96.826,20871464,0,0,false,full
UC2,label,DB1,512,13,decrypt,2.988,4469280,1048576,1,true,full
UC2,std,DB1,512,14,setup,232.832,68465776,0,0,false,full
UC2,std,DB1,512,14,precomp,0.000,0,0,0,false,full
UC2,std,DB1,512,14,encrypt,13.435,7139128,0,0,false,full
UC2,std,DB1,512,14,eval,74.338,35507048,0,0,false,full
UC2,std,DB1,512,14,decrypt,3.989,1186384,2097152,1,true,full
UC2,std_modsw,DB1,512,14,setup,229.780,54813232,0,0,false,full
UC2,std_modsw,DB1,512,14,precomp,0.000,0,0,0,false,full
UC2,std_modsw,DB1,512,14,encrypt,13.554,7139128,0,0,false,full
UC2,std_modsw,DB1,512,14,eval,72.949,35507048,0,0,false,full
UC2,std_modsw,DB1,512,14,decrypt,7.142,25997208,1048576,1,true,full
UC2,label,DB1,512,14,setup,235.841,54545288,0,0,false,full
UC2,label,DB1,512,14,precomp,0.000,0,0,0,false,full
UC2,label,DB1,512,14,encrypt,16.141,12598704,0,0,false,full
UC2,label,DB1,512,14,eval,94.369,41631584,0,0,false,full
UC2,label,DB1,512,14,decrypt,3.090,4469280,1048576,1,true,full
UC2,std,DB1,512,15,setup,233.099,68465664,0,0,false,full
UC2,std,DB1,512,15,precomp,0.000,0,0,0,false,full
UC2,std,DB1,512,15,encrypt,14.017,7139128,0,0,false,full
UC2,std,DB1,512,15,eval,74.488,35507048,0,0,false,full
UC2,std,DB1,512,15,decrypt,4.686,1185728,2097152,1,true,full
UC2,std_modsw,DB1,512,15,setup,238.164,59534128,0,0,false,full
UC2,std_modsw,DB1,512,15,precomp,0.000,0,0,0,false,full
UC2,std_modsw,DB1,512,15,encrypt,13.643,7139128,0,0,false,full
UC2,std_modsw,DB1,512,15,eval,73.109,35507048,0,0,false,full
UC2,std_modsw,DB1,512,15,decrypt,6.133,25996984,1048576,1,true,full
UC2,label,DB1,512,15,setup,230.510,70571936,0,0,false,full
UC2,label,DB1,512,15,precomp,0.000,0,0,0,false,full
UC2,label,DB1,512,15,encrypt,14.797,12598464,0,0,false,full
UC2,label,DB1,512,15,eval,95.683,20871464,0,0,false,full
UC2,label,DB1,512,15,decrypt,3.425,4469280,1048576,1,true,full
UC2,std,DB1,512,16,setup,232.383,54810256,0,0,false,full
UC2,std,DB1,512,16,precomp,0.000,0,0,0,false,full
UC2,std,DB1,512,16,encrypt,14.054,7139128,0,0,false,full
UC2,std,DB1,512,16,eval,73.583,35507048,0,0,false,full
UC2,std,DB1,512,16,decrypt,4.837,1186384,2097152,1,true,full
UC2,std_modsw,DB1,512,16,setup,230.363,70039808,0,0,false,full
UC2,std_modsw,DB1,512,16,precomp,0.000,0,0,0,false,full
UC2,std_modsw,DB1,512,16,encrypt,12.886,7139128,0,0,false,full
UC2,std_modsw,DB1,512,16,eval,75.414,35507048,0,0,false,full
UC2,std_modsw,DB1,512,16,decrypt,5.828,25997000,1048576,1,true,full
UC2,label,DB1,512,16,setup,228.943,68465776,0,0,false,full
UC2,label,DB1,512,16,precomp,0.000,0,0,0,false,full
UC2,label,DB1,512,16,encrypt,17.468,12598272,0,0,false,full
UC2,label,DB1,512,16,eval,96.741,77137032,0,0,false,full
UC2,label,DB1,512,16,decrypt,3.735,4469280,1048576,1,true,full
UC2,std,DB1,512,17,setup,227.365,60062304,0,0,false,full
UC2,std,DB1,512,17,precomp,0.000,0,0,0,false,full
UC2,std,DB1,512,17,encrypt,13.771,7139128,0,0,false,full
UC2,std,DB1,512,17,eval,73.179,35507048,0,0,false,full
UC2,std,DB1,512,17,decrypt,4.669,1186384,2097152,1,true,full
UC2,std_modsw,DB1,512,17,setup,233.023,70039968,0,0,false,full
UC2,std_modsw,DB1,512,17,precomp,0.000,0,0,0,false,full
UC2,std_modsw,DB1,512,17,encrypt,12.619,7139128,0,0,false,full
UC2,std_modsw,DB1,512,17,eval,75.066,35507048,0,0,false,full
UC2,std_modsw,DB1,512,17,decrypt,6.061,25996984,1048576,1,true,full
UC2,label,DB1,512,17,setup,229.194,70039488,0,0,false,full
UC2,label,DB1,512,17,precomp,0.000,0,0,0,false,full
UC2,label,DB1,512,17,encrypt,17.000,12598544,0,0,false,full
UC2,label,DB1,512,17,eval,97.100,20936168,0,0,false,full
UC2,label,DB1,512,17,decrypt,3.820,4469280,1048576,1,true,full
UC2,std,DB1,512,18,setup,233.475,70039488,0,0,false,full
UC2,std,DB1,512,18,precomp,0.000,0,0,0,false,full
UC2,std,DB1,512,18,encrypt,12.783,7139128,0,0,false,full
UC2,std,DB1,512,18,eval,74.569,35507048,0,0,false,full
UC2,std,DB1,512,18,decrypt,4.030,1186384,2097152,1,true,full
UC2,std_modsw,DB1,512,18,setup,234.148,68465776,0,0,false,full
UC2,std_modsw,DB1,512,18,precomp,0.000,0,0,0,false,full
UC2,std_modsw,DB1,512,18,encrypt,13.540,7139128,0,0,false,full
UC2,std_modsw,DB1,512,18,eval,74.991,35507048,0,0,false,full
UC2,std_modsw,DB1,512,18,decrypt,5.848,25996984,1048576,1,true,full
UC2,label,DB1,512,18,setup,230.360,68465776,0,0,false,full
UC2,label,DB1,512,18,precomp,0.000,0,0,0,false,full
UC2,label,DB1,512,18,encrypt,15.410,12598384,0,0,false,full
UC2,label,DB1,512,18,eval,93.775,20871576,0,0,false,full
UC2,label,DB1,512,18,decrypt,2.748,4469280,1048576,1,true,full
UC2,std,DB1,512,19,setup,240.874,75557560,0,0,false,full
UC2,std,DB1,512,19,precomp,0.000,0,0,0,false,full
UC2,std,DB1,512,19,encrypt,13.256,7139128,0,0,false,full
UC2,std,DB1,512,19,eval,72.188,35507048,0,0,false,full
UC2,std,DB1,512,19,decrypt,3.694,1186384,2097152,1,true,full
UC2,std_modsw,DB1,512,19,setup,230.926,70173032,0,0,false,full
UC2,std_modsw,DB1,512,19,precomp,0.000,0,0,0,false,full
UC2,std_modsw,DB1,512,19,encrypt,12.810,7139128,0,0,false,full
UC2,std_modsw,DB1,512,19,eval,72.726,35507048,0,0,false,full
UC2,std_modsw,DB1,512,19,decrypt,5.764,25996984,1048576,1,true,full
UC2,label,DB1,512,19,setup,236.544,70039968,0,0,false,full
UC2,label,DB1,512,19,precomp,0.001,0,0,0,false,full
UC2,label,DB1,512,19,encrypt,15.963,12598304,0,0,false,full
UC2,label,DB1,512,19,eval,97.470,41632352,0,0,false,full
UC2,label,DB1,512,19,decrypt,3.918,4469280,1048576,1,true,full
UC2,std,DB1,512,20,setup,231.859,70304456,0,0,false,full
UC2,std,DB1,512,20,precomp,0.000,0,0,0,false,full
UC2,std,DB1,512,20,encrypt,12.962,7139128,0,0,false,full
UC2,std,DB1,512,20,eval,73.812,35507048,0,0,false,full
UC2,std,DB1,512,20,decrypt,4.452,1186384,2097152,1,true,full
UC2,std_modsw,DB1,512,20,setup,234.108,70039600,0,0,false,full
UC2,std_modsw,DB1,512,20,precomp,0.000,0,0,0,false,full
UC2,std_modsw,DB1,512,20,encrypt,12.624,7139128,0,0,false,full
UC2,std_modsw,DB1,512,20,eval,74.199,35507048,0,0,false,full
UC2,std_modsw,DB1,512,20,decrypt,5.537,25996984,1048576,1,true,full
UC2,label,DB1,512,20,setup,237.023,54281216,0,0,false,full
UC2,label,DB1,512,20,precomp,0.000,0,0,0,false,full
UC2,label,DB1,512,20,encrypt,16.176,12598656,0,0,false,full
UC2,label,DB1,512,20,eval,99.391,61995488,0,0,false,full
UC2,label,DB1,512,20,decrypt,4.097,4469280,1048576,1,true,full
UC2,std,DB2,100000,1,setup,229.741,70039856,0,0,false,full
UC2,std,DB2,100000,1,precomp,0.000,0,0,0,false,full
UC2,std,DB2,100000,1,encrypt,90.193,26251768,0,0,false,full
UC2,std,DB2,100000,1,eval,487.745,84065416,0,0,false,full
UC2,std,DB2,100000,1,decrypt,5.168,1185696,2097152,1,true,full
UC2,std_modsw,DB2,100000,1,setup,229.426,70571936,0,0,false,full
UC2,std_modsw,DB2,100000,1,precomp,0.000,0,0,0,false,full
UC2,std_modsw,DB2,100000,1,encrypt,87.772,26251768,0,0,false,full
UC2,std_modsw,DB2,100000,1,eval,485.356,84065416,0,0,false,full
UC2,std_modsw,DB2,100000,1,decrypt,5.577,25982128,1048576,1,true,full
UC2,label,DB2,100000,1,setup,231.681,75292720,0,0,false,full
UC2,label,DB2,100000,1,precomp,0.000,0,0,0,false,full
UC2,label,DB2,100000,1,encrypt,109.632,47120704,0,0,false,full
UC2,label,DB2,100000,1,eval,602.011,81572800,0,0,false,full
UC2,label,DB2,100000,1,decrypt,4.339,2893720,1048576,1,true,full
UC2,std,DB2,100000,2,setup,223.969,68465776,0,0,false,full
UC2,std,DB2,100000,2,precomp,0.000,0,0,0,false,full
UC2,std,DB2,100000,2,encrypt,90.202,26251768,0,0,false,full
UC2,std,DB2,100000,2,eval,488.435,86172536,0,0,false,full
UC2,std,DB2,100000,2,decrypt,4.720,1185728,2097152,1,true,full
UC2,std_modsw,DB2,100000,2,setup,227.995,54281104,0,0,false,full
UC2,std_modsw,DB2,100000,2,precomp,0.000,0,0,0,false,full
UC2,std_modsw,DB2,100000,2,encrypt,88.932,26251768,0,0,false,full
UC2,std_modsw,DB2,100000,2,eval,486.670,84065416,0,0,false,full
UC2,std_modsw,DB2,100000,2,decrypt,6.361,25982152,1048576,1,true,full
UC2,label,DB2,100000,2,setup,231.487,54281264,0,0,false,full
UC2,label,DB2,100000,2,precomp,0.000,0,0,0,false,full
UC2,label,DB2,100000,2,encrypt,108.263,50931000,0,0,false,full
UC2,label,DB2,100000,2,eval,594.381,42729032,0,0,false,full
UC2,label,DB2,100000,2,decrypt,3.466,2893720,1048576,1,true,full
UC2,std,DB2,100000,3,setup,225.940,65318960,0,0,false,full
UC2,std,DB2,100000,3,precomp,0.000,0,0,0,false,full
UC2,std,DB2,100000,3,encrypt,89.563,26251768,0,0,false,full
UC2,std,DB2,100000,3,eval,486.765,84065416,0,0,false,full
UC2,std,DB2,100000,3,decrypt,3.598,5910136,2097152,1,true,full
UC2,std_modsw,DB2,100000,3,setup,224.907,54545784,0,0,false,full
UC2,std_modsw,DB2,100000,3,precomp,0.000,0,0,0,false,full
UC2,std_modsw,DB2,100000,3,encrypt,89.677,26251768,0,0,false,full
UC2,std_modsw,DB2,100000,3,eval,488.254,84065592,0,0,false,full
UC2,std_modsw,DB2,100000,3,decrypt,7.267,23882808,1048576,1,true,full
UC2,label,DB2,100000,3,setup,232.023,63212800,0,0,false,full
UC2,label,DB2,100000,3,precomp,0.000,0,0,0,false,full
UC2,label,DB2,100000,3,encrypt,112.224,50932408,0,0,false,full
UC2,label,DB2,100000,3,eval,595.994,20085528,0,0,false,full
UC2,label,DB2,100000,3,decrypt,3.933,2893720,1048576,1,true,full
UC2,std,DB2,100000,4,setup,231.583,70039856,0,0,false,full
UC2,std,DB2,100000,4,precomp,0.000,0,0,0,false,full
UC2,std,DB2,100000,4,encrypt,88.518,26251768,0,0,false,full
UC2,std,DB2,100000,4,eval,486.970,84065416,0,0,false,full
UC2,std,DB2,100000,4,decrypt,3.737,-1174240,2097152,1,true,full
UC2,std_modsw,DB2,100000,4,setup,229.682,75425560,0,0,false,full
UC2,std_modsw,DB2,100000,4,precomp,0.000,0,0,0,false,full
UC2,std_modsw,DB2,100000,4,encrypt,88.637,26251768,0,0,false,full
UC2,std_modsw,DB2,100000,4,eval,483.716,84065656,0,0,false,full
UC2,std_modsw,DB2,100000,4,decrypt,5.875,25982184,1048576,1,true,full
UC2,label,DB2,100000,4,setup,225.848,65319072,0,0,false,full
UC2,label,DB2,100000,4,precomp,0.000,0,0,0,false,full
UC2,label,DB2,100000,4,encrypt,110.088,50932152,0,0,false,full
UC2,label,DB2,100000,4,eval,593.700,40448888,0,0,false,full
UC2,label,DB2,100000,4,decrypt,5.061,2893720,1048576,1,true,full
UC2,std,DB2,100000,5,setup,225.432,68466000,0,0,false,full
UC2,std,DB2,100000,5,precomp,0.000,0,0,0,false,full
UC2,std,DB2,100000,5,encrypt,91.273,26251768,0,0,false,full
UC2,std,DB2,100000,5,eval,485.177,84065592,0,0,false,full
UC2,std,DB2,100000,5,decrypt,4.299,-1177296,2097152,1,true,full
UC2,std_modsw,DB2,100000,5,setup,228.546,54813344,0,0,false,full
UC2,std_modsw,DB2,100000,5,precomp,0.001,0,0,0,false,full
UC2,std_modsw,DB2,100000,5,encrypt,90.315,26251768,0,0,false,full
UC2,std_modsw,DB2,100000,5,eval,486.881,84065416,0,0,false,full
UC2,std_modsw,DB2,100000,5,decrypt,6.613,24932984,1048576,1,true,full
UC2,label,DB2,100000,5,setup,223.283,65318960,0,0,false,full
UC2,label,DB2,100000,5,precomp,0.000,0,0,0,false,full
UC2,label,DB2,100000,5,encrypt,108.973,50931512,0,0,false,full
UC2,label,DB2,100000,5,eval,608.587,40449000,0,0,false,full
UC2,label,DB2,100000,5,decrypt,3.367,2893720,1048576,1,true,full
UC2,std,DB2,100000,6,setup,224.920,60066208,0,0,false,full
UC2,std,DB2,100000,6,precomp,0.000,0,0,0,false,full
UC2,std,DB2,100000,6,encrypt,88.718,26251768,0,0,false,full
UC2,std,DB2,100000,6,eval,487.437,85118968,0,0,false,full
UC2,std,DB2,100000,6,decrypt,4.845,1185728,2097152,1,true,full
UC2,std_modsw,DB2,100000,6,setup,224.911,60063344,0,0,false,full
UC2,std_modsw,DB2,100000,6,precomp,0.000,0,0,0,false,full
UC2,std_modsw,DB2,100000,6,encrypt,89.714,26251768,0,0,false,full
UC2,std_modsw,DB2,100000,6,eval,487.397,85118968,0,0,false,full
UC2,std_modsw,DB2,100000,6,decrypt,7.017,25982152,1048576,1,true,full
UC2,label,DB2,100000,6,setup,228.913,54281376,0,0,false,full
UC2,label,DB2,100000,6,precomp,0.000,0,0,0,false,full
UC2,label,DB2,100000,6,encrypt,107.131,50931448,0,0,false,full
UC2,label,DB2,100000,6,eval,605.474,40449768,0,0,false,full
UC2,label,DB2,100000,6,decrypt,4.049,2893720,1048576,1,true,full
UC2,std,DB2,100000,7,setup,229.868,65319008,0,0,false,full
UC2,std,DB2,100000,7,precomp,0.000,0,0,0,false,full
UC2,std,DB2,100000,7,encrypt,89.178,26251768,0,0,false,full
UC2,std,DB2,100000,7,eval,486.220,84065416,0,0,false,full
UC2,std,DB2,100000,7,decrypt,3.960,5910136,2097152,1,true,full
UC2,std_modsw,DB2,100000,7,setup,226.160,59798968,0,0,false,full
UC2,std_modsw,DB2,100000,7,precomp,0.000,0,0,0,false,full
UC2,std_modsw,DB2,100000,7,encrypt,89.047,26251768,0,0,false,full
UC2,std_modsw,DB2,100000,7,eval,486.509,84065416,0,0,false,full
UC2,std_modsw,DB2,100000,7,decrypt,5.740,25996984,1048576,1,true,full
UC2,label,DB2,100000,7,setup,233.398,75425560,0,0,false,full
UC2,label,DB2,100000,7,precomp,0.000,0,0,0,false,full
UC2,label,DB2,100000,7,encrypt,113.365,50931368,0,0,false,full
UC2,label,DB2,100000,7,eval,599.655,61209024,0,0,false,full
UC2,label,DB2,100000,7,decrypt,3.291,2893720,1048576,1,true,full
UC2,std,DB2,100000,8,setup,224.590,65319072,0,0,false,full
UC2,std,DB2,100000,8,precomp,0.000,0,0,0,false,full
UC2,std,DB2,100000,8,encrypt,88.862,26251768,0,0,false,full
UC2,std,DB2,100000,8,eval,485.754,84065416,0,0,false,full
UC2,std,DB2,100000,8,decrypt,4.080,5910136,2097152,1,true,full
UC2,std_modsw,DB2,100000,8,setup,224.627,65318960,0,0,false,full
UC2,std_modsw,DB2,100000,8,precomp,0.000,0,0,0,false,full
UC2,std_modsw,DB2,100000,8,encrypt,89.504,26251768,0,0,false,full
UC2,std_modsw,DB2,100000,8,eval,491.662,85118968,0,0,false,full
UC2,std_modsw,DB2,100000,8,decrypt,6.981,25982152,1048576,1,true,full
UC2,label,DB2,100000,8,setup,234.001,65319184,0,0,false,full
UC2,label,DB2,100000,8,precomp,0.000,0,0,0,false,full
UC2,label,DB2,100000,8,encrypt,109.416,47181904,0,0,false,full
UC2,label,DB2,100000,8,eval,599.306,61209120,0,0,false,full
UC2,label,DB2,100000,8,decrypt,3.516,2893720,1048576,1,true,full
UC2,std,DB2,100000,9,setup,223.712,65319184,0,0,false,full
UC2,std,DB2,100000,9,precomp,0.000,0,0,0,false,full
UC2,std,DB2,100000,9,encrypt,88.656,26251768,0,0,false,full
UC2,std,DB2,100000,9,eval,485.071,84065416,0,0,false,full
UC2,std,DB2,100000,9,decrypt,3.592,5910136,2097152,1,true,full
UC2,std_modsw,DB2,100000,9,setup,224.884,65319184,0,0,false,full
UC2,std_modsw,DB2,100000,9,precomp,0.000,0,0,0,false,full
UC2,std_modsw,DB2,100000,9,encrypt,88.820,26251768,0,0,false,full
UC2,std_modsw,DB2,100000,9,eval,485.287,85118968,0,0,false,full
UC2,std_modsw,DB2,100000,9,decrypt,5.766,25982152,1048576,1,true,full
UC2,label,DB2,100000,9,setup,232.039,54281104,0,0,false,full
UC2,label,DB2,100000,9,precomp,0.000,0,0,0,false,full
UC2,label,DB2,100000,9,encrypt,109.134,50931576,0,0,false,full
UC2,label,DB2,100000,9,eval,608.941,61197456,0,0,false,full
UC2,label,DB2,100000,9,decrypt,3.491,2893720,1048576,1,true,full
UC2,std,DB2,100000,10,setup,223.978,65318960,0,0,false,full
UC2,std,DB2,100000,10,precomp,0.000,0,0,0,false,full
UC2,std,DB2,100000,10,encrypt,91.366,26251768,0,0,false,full
UC2,std,DB2,100000,10,eval,490.008,85118968,0,0,false,full
UC2,std,DB2,100000,10,decrypt,5.359,1185728,2097152,1,true,full
UC2,std_modsw,DB2,100000,10,setup,233.490,54280896,0,0,false,full
UC2,std_modsw,DB2,100000,10,precomp,0.001,0,0,0,false,full
UC2,std_modsw,DB2,100000,10,encrypt,89.970,26251768,0,0,false,full
UC2,std_modsw,DB2,100000,10,eval,485.654,84065416,0,0,false,full
UC2,std_modsw,DB2,100000,10,decrypt,5.946,25982240,1048576,1,true,full
UC2,label,DB2,100000,10,setup,226.615,65318960,0,0,false,full
UC2,label,DB2,100000,10,precomp,0.001,0,0,0,false,full
UC2,label,DB2,100000,10,encrypt,111.745,47120912,0,0,false,full
UC2,label,DB2,100000,10,eval,590.720,81573568,0,0,false,full
UC2,label,DB2,100000,10,decrypt,3.326,2893848,1048576,1,true,full
UC2,std,DB2,100000,11,setup,222.620,64786944,0,0,false,full
UC2,std,DB2,100000,11,precomp,0.000,0,0,0,false,full
UC2,std,DB2,100000,11,encrypt,89.454,26251768,0,0,false,full
UC2,std,DB2,100000,11,eval,485.948,85118968,0,0,false,full
UC2,std,DB2,100000,11,decrypt,5.296,1185728,2097152,1,true,full
UC2,std_modsw,DB2,100000,11,setup,227.084,60063232,0,0,false,full
UC2,std_modsw,DB2,100000,11,precomp,0.000,0,0,0,false,full
UC2,std_modsw,DB2,100000,11,encrypt,90.915,26251768,0,0,false,full
UC2,std_modsw,DB2,100000,11,eval,488.362,84065416,0,0,false,full
UC2,std_modsw,DB2,100000,11,decrypt,6.550,25988856,1048576,1,true,full
UC2,label,DB2,100000,11,setup,232.827,65184208,0,0,false,full
UC2,label,DB2,100000,11,precomp,0.000,0,0,0,false,full
UC2,label,DB2,100000,11,encrypt,110.877,46991936,0,0,false,full
UC2,label,DB2,100000,11,eval,594.930,40449432,0,0,false,full
UC2,label,DB2,100000,11,decrypt,3.432,2893720,1048576,1,true,full
UC2,std,DB2,100000,12,setup,224.811,65319184,0,0,false,full
UC2,std,DB2,100000,12,precomp,0.000,0,0,0,false,full
UC2,std,DB2,100000,12,encrypt,91.150,26251768,0,0,false,full
UC2,std,DB2,100000,12,eval,486.970,84065416,0,0,false,full
UC2,std,DB2,100000,12,decrypt,3.598,5910136,2097152,1,true,full
UC2,std_modsw,DB2,100000,12,setup,223.521,60066096,0,0,false,full
UC2,std_modsw,DB2,100000,12,precomp,0.001,0,0,0,false,full
UC2,std_modsw,DB2,100000,12,encrypt,88.585,26251768,0,0,false,full
UC2,std_modsw,DB2,100000,12,eval,484.347,84065416,0,0,false,full
UC2,std_modsw,DB2,100000,12,decrypt,6.840,24932984,1048576,1,true,full
UC2,label,DB2,100000,12,setup,231.276,54281264,0,0,false,full
UC2,label,DB2,100000,12,precomp,0.000,0,0,0,false,full
UC2,label,DB2,100000,12,encrypt,109.212,50931224,0,0,false,full
UC2,label,DB2,100000,12,eval,608.582,102321464,0,0,false,full
UC2,label,DB2,100000,12,decrypt,3.912,2893720,1048576,1,true,full
UC2,std,DB2,100000,13,setup,225.188,65319184,0,0,false,full
UC2,std,DB2,100000,13,precomp,0.000,0,0,0,false,full
UC2,std,DB2,100000,13,encrypt,90.481,26251768,0,0,false,full
UC2,std,DB2,100000,13,eval,486.586,84065464,0,0,false,full
UC2,std,DB2,100000,13,decrypt,3.729,5910136,2097152,1,true,full
UC2,std_modsw,DB2,100000,13,setup,235.133,54281104,0,0,false,full
UC2,std_modsw,DB2,100000,13,precomp,0.000,0,0,0,false,full
UC2,std_modsw,DB2,100000,13,encrypt,89.401,26251768,0,0,false,full
UC2,std_modsw,DB2,100000,13,eval,488.575,84065416,0,0,false,full
UC2,std_modsw,DB2,100000,13,decrypt,6.551,25982152,1048576,1,true,full
UC2,label,DB2,100000,13,setup,232.146,54281376,0,0,false,full
UC2,label,DB2,100000,13,precomp,0.000,0,0,0,false,full
UC2,label,DB2,100000,13,encrypt,107.607,50931368,0,0,false,full
UC2,label,DB2,100000,13,eval,606.147,20085976,0,0,false,full
UC2,label,DB2,100000,13,decrypt,4.034,2893720,1048576,1,true,full
UC2,std,DB2,100000,14,setup,232.655,65318976,0,0,false,full
UC2,std,DB2,100000,14,precomp,0.000,0,0,0,false,full
UC2,std,DB2,100000,14,encrypt,89.087,26251768,0,0,false,full
UC2,std,DB2,100000,14,eval,488.835,85118968,0,0,false,full
UC2,std,DB2,100000,14,decrypt,4.287,5910136,2097152,1,true,full
UC2,std_modsw,DB2,100000,14,setup,229.089,54281216,0,0,false,full
UC2,std_modsw,DB2,100000,14,precomp,0.000,0,0,0,false,full
UC2,std_modsw,DB2,100000,14,encrypt,90.452,26251768,0,0,false,full
UC2,std_modsw,DB2,100000,14,eval,486.786,84065592,0,0,false,full
UC2,std_modsw,DB2,100000,14,decrypt,5.927,25982128,1048576,1,true,full
UC2,label,DB2,100000,14,setup,230.262,70039824,0,0,false,full
UC2,label,DB2,100000,14,precomp,0.000,0,0,0,false,full
UC2,label,DB2,100000,14,encrypt,108.991,47181456,0,0,false,full
UC2,label,DB2,100000,14,eval,600.693,20085800,0,0,false,full
UC2,label,DB2,100000,14,decrypt,3.347,2893720,1048576,1,true,full
UC2,std,DB2,100000,15,setup,229.531,65318960,0,0,false,full
UC2,std,DB2,100000,15,precomp,0.000,0,0,0,false,full
UC2,std,DB2,100000,15,encrypt,89.048,26251768,0,0,false,full
UC2,std,DB2,100000,15,eval,486.207,85118968,0,0,false,full
UC2,std,DB2,100000,15,decrypt,3.857,1185728,2097152,1,true,full
UC2,std_modsw,DB2,100000,15,setup,225.649,60066320,0,0,false,full
UC2,std_modsw,DB2,100000,15,precomp,0.000,0,0,0,false,full
UC2,std_modsw,DB2,100000,15,encrypt,92.744,26251768,0,0,false,full
UC2,std_modsw,DB2,100000,15,eval,489.616,85118968,0,0,false,full
UC2,std_modsw,DB2,100000,15,decrypt,5.614,25982184,1048576,1,true,full
UC2,label,DB2,100000,15,setup,230.512,54281216,0,0,false,full
UC2,label,DB2,100000,15,precomp,0.000,0,0,0,false,full
UC2,label,DB2,100000,15,encrypt,111.210,50931544,0,0,false,full
UC2,label,DB2,100000,15,eval,608.423,20085752,0,0,false,full
UC2,label,DB2,100000,15,decrypt,2.721,2893720,1048576,1,true,full
UC2,std,DB2,100000,16,setup,230.521,54281440,0,0,false,full
UC2,std,DB2,100000,16,precomp,0.000,0,0,0,false,full
UC2,std,DB2,100000,16,encrypt,90.750,26251768,0,0,false,full
UC2,std,DB2,100000,16,eval,486.838,84065368,0,0,false,full
UC2,std,DB2,100000,16,decrypt,4.418,1185728,2097152,1,true,full
UC2,std_modsw,DB2,100000,16,setup,224.163,65319072,0,0,false,full
UC2,std_modsw,DB2,100000,16,precomp,0.000,0,0,0,false,full
UC2,std_modsw,DB2,100000,16,encrypt,89.059,26251768,0,0,false,full
UC2,std_modsw,DB2,100000,16,eval,486.085,85119160,0,0,false,full
UC2,std_modsw,DB2,100000,16,decrypt,5.779,25996984,1048576,1,true,full
UC2,label,DB2,100000,16,setup,228.095,54281104,0,0,false,full
UC2,label,DB2,100000,16,precomp,0.000,0,0,0,false,full
UC2,label,DB2,100000,16,encrypt,110.298,47203520,0,0,false,full
UC2,label,DB2,100000,16,eval,615.836,53846752,0,0,false,full
UC2,label,DB2,100000,16,decrypt,2.712,2893736,1048576,1,true,full
UC2,std,DB2,100000,17,setup,224.124,63213040,0,0,false,full
UC2,std,DB2,100000,17,precomp,0.000,0,0,0,false,full
UC2,std,DB2,100000,17,encrypt,89.918,26251768,0,0,false,full
UC2,std,DB2,100000,17,eval,488.984,85119032,0,0,false,full
UC2,std,DB2,100000,17,decrypt,3.996,1185840,2097152,1,true,full
UC2,std_modsw,DB2,100000,17,setup,227.243,65318960,0,0,false,full
UC2,std_modsw,DB2,100000,17,precomp,0.000,0,0,0,false,full
UC2,std_modsw,DB2,100000,17,encrypt,88.928,26251768,0,0,false,full
UC2,std_modsw,DB2,100000,17,eval,490.236,85118968,0,0,false,full
UC2,std_modsw,DB2,100000,17,decrypt,6.752,25997000,1048576,1,true,full
UC2,label,DB2,100000,17,setup,230.414,65318960,0,0,false,full
UC2,label,DB2,100000,17,precomp,0.000,0,0,0,false,full
UC2,label,DB2,100000,17,encrypt,110.800,47120688,0,0,false,full
UC2,label,DB2,100000,17,eval,606.006,61209008,0,0,false,full
UC2,label,DB2,100000,17,decrypt,2.640,2893720,1048576,1,true,full
UC2,std,DB2,100000,18,setup,230.295,75557448,0,0,false,full
UC2,std,DB2,100000,18,precomp,0.000,0,0,0,false,full
UC2,std,DB2,100000,18,encrypt,88.902,26251768,0,0,false,full
UC2,std,DB2,100000,18,eval,487.336,84065432,0,0,false,full
UC2,std,DB2,100000,18,decrypt,4.032,-1177280,2097152,1,true,full
UC2,std_modsw,DB2,100000,18,setup,223.556,65315984,0,0,false,full
UC2,std_modsw,DB2,100000,18,precomp,0.000,0,0,0,false,full
UC2,std_modsw,DB2,100000,18,encrypt,89.484,26251768,0,0,false,full
UC2,std_modsw,DB2,100000,18,eval,485.671,84065416,0,0,false,full
UC2,std_modsw,DB2,100000,18,decrypt,6.793,24932984,1048576,1,true,full
UC2,label,DB2,100000,18,setup,234.428,54281104,0,0,false,full
UC2,label,DB2,100000,18,precomp,0.000,0,0,0,false,full
UC2,label,DB2,100000,18,encrypt,110.911,50931416,0,0,false,full
UC2,label,DB2,100000,18,eval,592.234,81573456,0,0,false,full
UC2,label,DB2,100000,18,decrypt,3.287,2893720,1048576,1,true,full
UC2,std,DB2,100000,19,setup,229.147,57960048,0,0,false,full
UC2,std,DB2,100000,19,precomp,0.000,0,0,0,false,full
UC2,std,DB2,100000,19,encrypt,89.719,26251768,0,0,false,full
UC2,std,DB2,100000,19,eval,488.342,86172536,0,0,false,full
UC2,std,DB2,100000,19,decrypt,4.369,1185728,2097152,1,true,full
UC2,std_modsw,DB2,100000,19,setup,222.587,59798952,0,0,false,full
UC2,std_modsw,DB2,100000,19,precomp,0.000,0,0,0,false,full
UC2,std_modsw,DB2,100000,19,encrypt,89.525,26251768,0,0,false,full
UC2,std_modsw,DB2,100000,19,eval,487.839,85118968,0,0,false,full
UC2,std_modsw,DB2,100000,19,decrypt,5.648,25988968,1048576,1,true,full
UC2,label,DB2,100000,19,setup,227.267,63212800,0,0,false,full
UC2,label,DB2,100000,19,precomp,0.000,0,0,0,false,full
UC2,label,DB2,100000,19,encrypt,110.742,50931288,0,0,false,full
UC2,label,DB2,100000,19,eval,594.406,70078344,0,0,false,full
UC2,label,DB2,100000,19,decrypt,4.079,1579936,1048576,1,true,full
UC2,std,DB2,100000,20,setup,226.664,75292352,0,0,false,full
UC2,std,DB2,100000,20,precomp,0.000,0,0,0,false,full
UC2,std,DB2,100000,20,encrypt,88.837,26251768,0,0,false,full
UC2,std,DB2,100000,20,eval,488.241,84065416,0,0,false,full
UC2,std,DB2,100000,20,decrypt,3.590,5910136,2097152,1,true,full
UC2,std_modsw,DB2,100000,20,setup,225.594,54281264,0,0,false,full
UC2,std_modsw,DB2,100000,20,precomp,0.000,0,0,0,false,full
UC2,std_modsw,DB2,100000,20,encrypt,89.000,26251768,0,0,false,full
UC2,std_modsw,DB2,100000,20,eval,489.276,84065592,0,0,false,full
UC2,std_modsw,DB2,100000,20,decrypt,7.122,25996984,1048576,1,true,full
UC2,label,DB2,100000,20,setup,225.701,65319072,0,0,false,full
UC2,label,DB2,100000,20,precomp,0.000,0,0,0,false,full
UC2,label,DB2,100000,20,encrypt,108.735,50931800,0,0,false,full
UC2,label,DB2,100000,20,eval,596.543,61209840,0,0,false,full
UC2,label,DB2,100000,20,decrypt,3.262,2893720,1048576,1,true,full
UC2,std,DB3,1000000,1,setup,224.780,80545424,0,0,false,full
UC2,std,DB3,1000000,1,precomp,0.000,0,0,0,false,full
UC2,std,DB3,1000000,1,encrypt,782.386,137270512,0,0,false,full
UC2,std,DB3,1000000,1,eval,4202.409,136908248,0,0,false,full
UC2,std,DB3,1000000,1,decrypt,3.591,5910136,2097152,1,true,full
UC2,std_modsw,DB3,1000000,1,setup,216.285,60066096,0,0,false,full
UC2,std_modsw,DB3,1000000,1,precomp,0.000,0,0,0,false,full
UC2,std_modsw,DB3,1000000,1,encrypt,782.622,137270304,0,0,false,full
UC2,std_modsw,DB3,1000000,1,eval,4203.711,136908248,0,0,false,full
UC2,std_modsw,DB3,1000000,1,decrypt,5.527,25997000,1048576,1,true,full
UC2,label,DB3,1000000,1,setup,217.640,75292352,0,0,false,full
UC2,label,DB3,1000000,1,precomp,0.000,0,0,0,false,full
UC2,label,DB3,1000000,1,encrypt,939.469,211450168,0,0,false,full
UC2,label,DB3,1000000,1,eval,4874.317,156610736,0,0,false,full
UC2,label,DB3,1000000,1,decrypt,2.520,9719696,1048576,1,true,full
UC2,std,DB3,1000000,2,setup,212.755,54545992,0,0,false,full
UC2,std,DB3,1000000,2,precomp,0.000,0,0,0,false,full
UC2,std,DB3,1000000,2,encrypt,783.544,137270304,0,0,false,full
UC2,std,DB3,1000000,2,eval,4193.150,136908200,0,0,false,full
UC2,std,DB3,1000000,2,decrypt,3.648,5910136,2097152,1,true,full
UC2,std_modsw,DB3,1000000,2,setup,218.221,64786992,0,0,false,full
UC2,std_modsw,DB3,1000000,2,precomp,0.000,0,0,0,false,full
UC2,std_modsw,DB3,1000000,2,encrypt,781.575,137270304,0,0,false,full
UC2,std_modsw,DB3,1000000,2,eval,4185.857,136908248,0,0,false,full
UC2,std_modsw,DB3,1000000,2,decrypt,5.618,25997000,1048576,1,true,full
UC2,label,DB3,1000000,2,setup,216.003,70561792,0,0,false,full
UC2,label,DB3,1000000,2,precomp,0.001,0,0,0,false,full
UC2,label,DB3,1000000,2,encrypt,936.254,201210344,0,0,false,full
UC2,label,DB3,1000000,2,eval,4854.105,156611408,0,0,false,full
UC2,label,DB3,1000000,2,decrypt,2.545,9719696,1048576,1,true,full
UC2,std,DB3,1000000,3,setup,217.169,75557432,0,0,false,full
UC2,std,DB3,1000000,3,precomp,0.000,0,0,0,false,full
UC2,std,DB3,1000000,3,encrypt,783.453,137270304,0,0,false,full
UC2,std,DB3,1000000,3,eval,4192.856,136908424,0,0,false,full
UC2,std,DB3,1000000,3,decrypt,3.834,5910136,2097152,1,true,full
UC2,std_modsw,DB3,1000000,3,setup,216.417,54809760,0,0,false,full
UC2,std_modsw,DB3,1000000,3,precomp,0.000,0,0,0,false,full
UC2,std_modsw,DB3,1000000,3,encrypt,780.198,137270512,0,0,false,full
UC2,std_modsw,DB3,1000000,3,eval,4192.870,136908200,0,0,false,full
UC2,std_modsw,DB3,1000000,3,decrypt,6.759,25997000,1048576,1,true,full
UC2,label,DB3,1000000,3,setup,216.815,70304376,0,0,false,full
UC2,label,DB3,1000000,3,precomp,0.000,0,0,0,false,full
UC2,label,DB3,1000000,3,encrypt,941.766,201210392,0,0,false,full
UC2,label,DB3,1000000,3,eval,4873.029,115487064,0,0,false,full
UC2,label,DB3,1000000,3,decrypt,2.511,9719696,1048576,1,true,full
UC2,std,DB3,1000000,4,setup,217.195,54813456,0,0,false,full
UC2,std,DB3,1000000,4,precomp,0.000,0,0,0,false,full
UC2,std,DB3,1000000,4,encrypt,782.491,137815008,0,0,false,full
UC2,std,DB3,1000000,4,eval,4191.157,136908296,0,0,false,full
UC2,std,DB3,1000000,4,decrypt,3.593,5910136,2097152,1,true,full
UC2,std_modsw,DB3,1000000,4,setup,215.048,54809760,0,0,false,full
UC2,std_modsw,DB3,1000000,4,precomp,0.000,0,0,0,false,full
UC2,std_modsw,DB3,1000000,4,encrypt,785.287,137270304,0,0,false,full
UC2,std_modsw,DB3,1000000,4,eval,4186.242,136908296,0,0,false,full
UC2,std_modsw,DB3,1000000,4,decrypt,5.520,25997000,1048576,1,true,full
UC2,label,DB3,1000000,4,setup,219.457,75557560,0,0,false,full
UC2,label,DB3,1000000,4,precomp,0.000,0,0,0,false,full
UC2,label,DB3,1000000,4,encrypt,937.260,211450088,0,0,false,full
UC2,label,DB3,1000000,4,eval,4862.620,136247504,0,0,false,full
UC2,label,DB3,1000000,4,decrypt,2.521,9719696,1048576,1,true,full
UC2,std,DB3,1000000,5,setup,216.095,80545440,0,0,false,full
UC2,std,DB3,1000000,5,precomp,0.000,0,0,0,false,full
UC2,std,DB3,1000000,5,encrypt,780.899,138901672,0,0,false,full
UC2,std,DB3,1000000,5,eval,4191.938,136908424,0,0,false,full
UC2,std,DB3,1000000,5,decrypt,4.078,5910136,2097152,1,true,full
UC2,std_modsw,DB3,1000000,5,setup,219.549,64919832,0,0,false,full
UC2,std_modsw,DB3,1000000,5,precomp,0.000,0,0,0,false,full
UC2,std_modsw,DB3,1000000,5,encrypt,784.670,137270304,0,0,false,full
UC2,std_modsw,DB3,1000000,5,eval,4190.428,136908200,0,0,false,full
UC2,std_modsw,DB3,1000000,5,decrypt,6.108,25997000,1048576,1,true,full
UC2,label,DB3,1000000,5,setup,214.803,64787120,0,0,false,full
UC2,label,DB3,1000000,5,precomp,0.000,0,0,0,false,full
UC2,label,DB3,1000000,5,encrypt,937.335,201211064,0,0,false,full
UC2,label,DB3,1000000,5,eval,4860.188,136249232,0,0,false,full
UC2,label,DB3,1000000,5,decrypt,2.535,9719696,1048576,1,true,full
UC2,std,DB3,1000000,6,setup,220.194,54546104,0,0,false,full
UC2,std,DB3,1000000,6,precomp,0.000,0,0,0,false,full
UC2,std,DB3,1000000,6,encrypt,782.646,137270304,0,0,false,full
UC2,std,DB3,1000000,6,eval,4189.635,136908248,0,0,false,full
UC2,std,DB3,1000000,6,decrypt,3.679,5910136,2097152,1,true,full
UC2,std_modsw,DB3,1000000,6,setup,213.761,70039488,0,0,false,full
UC2,std_modsw,DB3,1000000,6,precomp,0.000,0,0,0,false,full
UC2,std_modsw,DB3,1000000,6,encrypt,784.717,137270304,0,0,false,full
UC2,std_modsw,DB3,1000000,6,eval,4190.066,136908200,0,0,false,full
UC2,std_modsw,DB3,1000000,6,decrypt,6.574,25997000,1048576,1,true,full
UC2,label,DB3,1000000,6,setup,215.231,70568240,0,0,false,full
UC2,label,DB3,1000000,6,precomp,0.001,0,0,0,false,full
UC2,label,DB3,1000000,6,encrypt,940.250,211450072,0,0,false,full
UC2,label,DB3,1000000,6,eval,4864.220,115486936,0,0,false,full
UC2,label,DB3,1000000,6,decrypt,2.524,9719696,1048576,1,true,full
UC2,std,DB3,1000000,7,setup,220.169,54809760,0,0,false,full
UC2,std,DB3,1000000,7,precomp,0.000,0,0,0,false,full
UC2,std,DB3,1000000,7,encrypt,780.877,137270304,0,0,false,full
UC2,std,DB3,1000000,7,eval,4193.689,136908248,0,0,false,full
UC2,std,DB3,1000000,7,decrypt,3.635,5910136,2097152,1,true,full
UC2,std_modsw,DB3,1000000,7,setup,218.461,60066096,0,0,false,full
UC2,std_modsw,DB3,1000000,7,precomp,0.000,0,0,0,false,full
UC2,std_modsw,DB3,1000000,7,encrypt,781.674,137270304,0,0,false,full
UC2,std_modsw,DB3,1000000,7,eval,4195.236,136908200,0,0,false,full
UC2,std_modsw,DB3,1000000,7,decrypt,5.955,25997000,1048576,1,true,full
UC2,label,DB3,1000000,7,setup,227.608,80545216,0,0,false,full
UC2,label,DB3,1000000,7,precomp,0.000,0,0,0,false,full
UC2,label,DB3,1000000,7,encrypt,940.967,211450312,0,0,false,full
UC2,label,DB3,1000000,7,eval,4855.332,136247600,0,0,false,full
UC2,label,DB3,1000000,7,decrypt,2.678,9719696,1048576,1,true,full
UC2,std,DB3,1000000,8,setup,214.655,54546104,0,0,false,full
UC2,std,DB3,1000000,8,precomp,0.001,0,0,0,false,full
UC2,std,DB3,1000000,8,encrypt,783.892,137270304,0,0,false,full
UC2,std,DB3,1000000,8,eval,4189.397,136908248,0,0,false,full
UC2,std,DB3,1000000,8,decrypt,4.013,5910136,2097152,1,true,full
UC2,std_modsw,DB3,1000000,8,setup,214.582,60066096,0,0,false,full
UC2,std_modsw,DB3,1000000,8,precomp,0.000,0,0,0,false,full
UC2,std_modsw,DB3,1000000,8,encrypt,782.671,137270304,0,0,false,full
UC2,std_modsw,DB3,1000000,8,eval,4203.274,136908424,0,0,false,full
UC2,std_modsw,DB3,1000000,8,decrypt,6.779,25997000,1048576,1,true,full
UC2,label,DB3,1000000,8,setup,221.210,80545328,0,0,false,full
UC2,label,DB3,1000000,8,precomp,0.000,0,0,0,false,full
UC2,label,DB3,1000000,8,encrypt,937.995,201210728,0,0,false,full
UC2,label,DB3,1000000,8,eval,4860.633,218494864,0,0,false,full
UC2,label,DB3,1000000,8,decrypt,2.553,9719696,1048576,1,true,full
UC2,std,DB3,1000000,9,setup,216.559,80545216,0,0,false,full
UC2,std,DB3,1000000,9,precomp,0.000,0,0,0,false,full
UC2,std,DB3,1000000,9,encrypt,779.418,137270304,0,0,false,full
UC2,std,DB3,1000000,9,eval,4192.039,136908200,0,0,false,full
UC2,std,DB3,1000000,9,decrypt,4.027,5910136,2097152,1,true,full
UC2,std_modsw,DB3,1000000,9,setup,214.117,60066096,0,0,false,full
UC2,std_modsw,DB3,1000000,9,precomp,0.000,0,0,0,false,full
UC2,std_modsw,DB3,1000000,9,encrypt,782.697,137270304,0,0,false,full
UC2,std_modsw,DB3,1000000,9,eval,4193.653,136908248,0,0,false,full
UC2,std_modsw,DB3,1000000,9,decrypt,6.643,25997000,1048576,1,true,full
UC2,label,DB3,1000000,9,setup,217.269,54810256,0,0,false,full
UC2,label,DB3,1000000,9,precomp,0.000,0,0,0,false,full
UC2,label,DB3,1000000,9,encrypt,933.335,201210792,0,0,false,full
UC2,label,DB3,1000000,9,eval,4880.283,95115976,0,0,false,full
UC2,label,DB3,1000000,9,decrypt,2.863,9719696,1048576,1,true,full
UC2,std,DB3,1000000,10,setup,219.783,75824800,0,0,false,full
UC2,std,DB3,1000000,10,precomp,0.000,0,0,0,false,full
UC2,std,DB3,1000000,10,encrypt,784.226,137270304,0,0,false,full
UC2,std,DB3,1000000,10,eval,4198.687,136908248,0,0,false,full
UC2,std,DB3,1000000,10,decrypt,3.584,5910136,2097152,1,true,full
UC2,std_modsw,DB3,1000000,10,setup,215.170,54810048,0,0,false,full
UC2,std_modsw,DB3,1000000,10,precomp,0.000,0,0,0,false,full
UC2,std_modsw,DB3,1000000,10,encrypt,783.603,137270304,0,0,false,full
UC2,std_modsw,DB3,1000000,10,eval,4201.274,136908296,0,0,false,full
UC2,std_modsw,DB3,1000000,10,decrypt,6.621,25997000,1048576,1,true,full
UC2,label,DB3,1000000,10,setup,221.891,54545768,0,0,false,full
UC2,label,DB3,1000000,10,precomp,0.000,0,0,0,false,full
UC2,label,DB3,1000000,10,encrypt,989.768,201211144,0,0,false,full
UC2,label,DB3,1000000,10,eval,8343.629,177371416,0,0,false,full
UC2,label,DB3,1000000,10,decrypt,2.919,9719696,1048576,1,true,full
UC2,std,DB3,1000000,11,setup,230.538,78971392,0,0,false,full
UC2,std,DB3,1000000,11,precomp,0.000,0,0,0,false,full
UC2,std,DB3,1000000,11,encrypt,812.323,137270304,0,0,false,full
UC2,std,DB3,1000000,11,eval,4376.186,136908248,0,0,false,full
UC2,std,DB3,1000000,11,decrypt,3.886,5910136,2097152,1,true,full
UC2,std_modsw,DB3,1000000,11,setup,227.362,60066096,0,0,false,full
UC2,std_modsw,DB3,1000000,11,precomp,0.000,0,0,0,false,full
UC2,std_modsw,DB3,1000000,11,encrypt,819.771,137270304,0,0,false,full
UC2,std_modsw,DB3,1000000,11,eval,4372.821,136908200,0,0,false,full
UC2,std_modsw,DB3,1000000,11,decrypt,5.639,25997000,1048576,1,true,full
UC2,label,DB3,1000000,11,setup,227.650,75824800,0,0,false,full
UC2,label,DB3,1000000,11,precomp,0.000,0,0,0,false,full
UC2,label,DB3,1000000,11,encrypt,981.000,201211320,0,0,false,full
UC2,label,DB3,1000000,11,eval,5053.560,33239448,0,0,false,full
UC2,label,DB3,1000000,11,decrypt,2.630,9719696,1048576,1,true,full
UC2,std,DB3,1000000,12,setup,225.191,54545992,0,0,false,full
UC2,std,DB3,1000000,12,precomp,0.001,0,0,0,false,full
UC2,std,DB3,1000000,12,encrypt,815.250,137270304,0,0,false,full
UC2,std,DB3,1000000,12,eval,4387.192,136908424,0,0,false,full
UC2,std,DB3,1000000,12,decrypt,4.179,5910136,2097152,1,true,full
UC2,std_modsw,DB3,1000000,12,setup,231.536,64786992,0,0,false,full
UC2,std_modsw,DB3,1000000,12,precomp,0.000,0,0,0,false,full
UC2,std_modsw,DB3,1000000,12,encrypt,818.099,137270512,0,0,false,full
UC2,std_modsw,DB3,1000000,12,eval,4365.528,136908248,0,0,false,full
UC2,std_modsw,DB3,1000000,12,decrypt,6.933,25997000,1048576,1,true,full
UC2,label,DB3,1000000,12,setup,226.332,60066096,0,0,false,full
UC2,label,DB3,1000000,12,precomp,0.000,0,0,0,false,full
UC2,label,DB3,1000000,12,encrypt,974.268,201210728,0,0,false,full
UC2,label,DB3,1000000,12,eval,5010.175,53999904,0,0,false,full
UC2,label,DB3,1000000,12,decrypt,2.569,9719696,1048576,1,true,full
UC2,std,DB3,1000000,13,setup,225.074,75824912,0,0,false,full
UC2,std,DB3,1000000,13,precomp,0.000,0,0,0,false,full
UC2,std,DB3,1000000,13,encrypt,813.147,137270304,0,0,false,full
UC2,std,DB3,1000000,13,eval,4361.524,136908248,0,0,false,full
UC2,std,DB3,1000000,13,decrypt,4.433,5910136,2097152,1,true,full
UC2,std_modsw,DB3,1000000,13,setup,225.378,60063392,0,0,false,full
UC2,std_modsw,DB3,1000000,13,precomp,0.000,0,0,0,false,full
UC2,std_modsw,DB3,1000000,13,encrypt,816.367,137270304,0,0,false,full
UC2,std_modsw,DB3,1000000,13,eval,4361.783,136908424,0,0,false,full
UC2,std_modsw,DB3,1000000,13,decrypt,5.991,25997000,1048576,1,true,full
UC2,label,DB3,1000000,13,setup,225.959,65315888,0,0,false,full
UC2,label,DB3,1000000,13,precomp,0.000,0,0,0,false,full
UC2,label,DB3,1000000,13,encrypt,971.664,201210696,0,0,false,full
UC2,label,DB3,1000000,13,eval,5023.409,197735960,0,0,false,full
UC2,label,DB3,1000000,13,decrypt,2.954,9719696,1048576,1,true,full
UC2,std,DB3,1000000,14,setup,226.455,80545328,0,0,false,full
UC2,std,DB3,1000000,14,precomp,0.000,0,0,0,false,full
UC2,std,DB3,1000000,14,encrypt,810.541,137270304,0,0,false,full
UC2,std,DB3,1000000,14,eval,4355.416,136908200,0,0,false,full
UC2,std,DB3,1000000,14,decrypt,3.748,5910136,2097152,1,true,full
UC2,std_modsw,DB3,1000000,14,setup,227.170,54810160,0,0,false,full
UC2,std_modsw,DB3,1000000,14,precomp,0.000,0,0,0,false,full
UC2,std_modsw,DB3,1000000,14,encrypt,814.706,137270304,0,0,false,full
UC2,std_modsw,DB3,1000000,14,eval,4347.688,136908248,0,0,false,full
UC2,std_modsw,DB3,1000000,14,decrypt,6.446,25997000,1048576,1,true,full
UC2,label,DB3,1000000,14,setup,223.032,70304376,0,0,false,full
UC2,label,DB3,1000000,14,precomp,0.000,0,0,0,false,full
UC2,label,DB3,1000000,14,encrypt,975.513,222620032,0,0,false,full
UC2,label,DB3,1000000,14,eval,5007.236,33239352,0,0,false,full
UC2,label,DB3,1000000,14,decrypt,3.155,9719696,1048576,1,true,full
UC2,std,DB3,1000000,15,setup,222.997,75824688,0,0,false,full
UC2,std,DB3,1000000,15,precomp,0.000,0,0,0,false,full
UC2,std,DB3,1000000,15,encrypt,813.471,137270304,0,0,false,full
UC2,std,DB3,1000000,15,eval,4358.721,136908424,0,0,false,full
UC2,std,DB3,1000000,15,decrypt,3.930,5910136,2097152,1,true,full
UC2,std_modsw,DB3,1000000,15,setup,222.499,54809632,0,0,false,full
UC2,std_modsw,DB3,1000000,15,precomp,0.000,0,0,0,false,full
UC2,std_modsw,DB3,1000000,15,encrypt,810.179,137270304,0,0,false,full
UC2,std_modsw,DB3,1000000,15,eval,4354.651,136908248,0,0,false,full
UC2,std_modsw,DB3,1000000,15,decrypt,5.596,25997000,1048576,1,true,full
UC2,label,DB3,1000000,15,setup,223.300,60066096,0,0,false,full
UC2,label,DB3,1000000,15,precomp,0.000,0,0,0,false,full
UC2,label,DB3,1000000,15,encrypt,978.257,191939504,0,0,false,full
UC2,label,DB3,1000000,15,eval,5002.058,192535672,0,0,false,full
UC2,label,DB3,1000000,15,decrypt,3.176,9719696,1048576,1,true,full
UC2,std,DB3,1000000,16,setup,224.129,78971504,0,0,false,full
UC2,std,DB3,1000000,16,precomp,0.000,0,0,0,false,full
UC2,std,DB3,1000000,16,encrypt,809.588,137270512,0,0,false,full
UC2,std,DB3,1000000,16,eval,4350.704,136908200,0,0,false,full
UC2,std,DB3,1000000,16,decrypt,4.428,5910136,2097152,1,true,full
UC2,std_modsw,DB3,1000000,16,setup,222.805,65051992,0,0,false,full
UC2,std_modsw,DB3,1000000,16,precomp,0.000,0,0,0,false,full
UC2,std_modsw,DB3,1000000,16,encrypt,813.572,137270304,0,0,false,full
UC2,std_modsw,DB3,1000000,16,eval,4335.661,136908248,0,0,false,full
UC2,std_modsw,DB3,1000000,16,decrypt,6.281,25997000,1048576,1,true,full
UC2,label,DB3,1000000,16,setup,221.508,70569008,0,0,false,full
UC2,label,DB3,1000000,16,precomp,0.000,0,0,0,false,full
UC2,label,DB3,1000000,16,encrypt,971.356,211449672,0,0,false,full
UC2,label,DB3,1000000,16,eval,4991.387,156611424,0,0,false,full
UC2,label,DB3,1000000,16,decrypt,3.489,9719696,1048576,1,true,full
UC2,std,DB3,1000000,17,setup,224.642,65842888,0,0,false,full
UC2,std,DB3,1000000,17,precomp,0.000,0,0,0,false,full
UC2,std,DB3,1000000,17,encrypt,811.051,137814296,0,0,false,full
UC2,std,DB3,1000000,17,eval,4344.865,136908200,0,0,false,full
UC2,std,DB3,1000000,17,decrypt,3.695,5910136,2097152,1,true,full
UC2,std_modsw,DB3,1000000,17,setup,223.890,65318960,0,0,false,full
UC2,std_modsw,DB3,1000000,17,precomp,0.000,0,0,0,false,full
UC2,std_modsw,DB3,1000000,17,encrypt,808.125,137270304,0,0,false,full
UC2,std_modsw,DB3,1000000,17,eval,4351.902,136908248,0,0,false,full
UC2,std_modsw,DB3,1000000,17,decrypt,5.760,25997000,1048576,1,true,full
UC2,label,DB3,1000000,17,setup,222.211,70039712,0,0,false,full
UC2,label,DB3,1000000,17,precomp,0.001,0,0,0,false,full
UC2,label,DB3,1000000,17,encrypt,969.735,201210456,0,0,false,full
UC2,label,DB3,1000000,17,eval,5003.339,95123144,0,0,false,full
UC2,label,DB3,1000000,17,decrypt,2.607,9719696,1048576,1,true,full
UC2,std,DB3,1000000,18,setup,226.321,54545992,0,0,false,full
UC2,std,DB3,1000000,18,precomp,0.000,0,0,0,false,full
UC2,std,DB3,1000000,18,encrypt,811.951,137270304,0,0,false,full
UC2,std,DB3,1000000,18,eval,4342.408,136908248,0,0,false,full
UC2,std,DB3,1000000,18,decrypt,4.008,5910136,2097152,1,true,full
UC2,std_modsw,DB3,1000000,18,setup,222.593,64786624,0,0,false,full
UC2,std_modsw,DB3,1000000,18,precomp,0.000,0,0,0,false,full
UC2,std_modsw,DB3,1000000,18,encrypt,814.079,137270304,0,0,false,full
UC2,std_modsw,DB3,1000000,18,eval,4342.388,136908248,0,0,false,full
UC2,std_modsw,DB3,1000000,18,decrypt,5.712,25997000,1048576,1,true,full
UC2,label,DB3,1000000,18,setup,223.660,64786832,0,0,false,full
UC2,label,DB3,1000000,18,precomp,0.000,0,0,0,false,full
UC2,label,DB3,1000000,18,encrypt,974.377,201210776,0,0,false,full
UC2,label,DB3,1000000,18,eval,4991.996,136246976,0,0,false,full
UC2,label,DB3,1000000,18,decrypt,2.956,9719696,1048576,1,true,full
UC2,std,DB3,1000000,19,setup,224.430,75557336,0,0,false,full
UC2,std,DB3,1000000,19,precomp,0.000,0,0,0,false,full
UC2,std,DB3,1000000,19,encrypt,810.438,137270304,0,0,false,full
UC2,std,DB3,1000000,19,eval,4342.375,136908424,0,0,false,full
UC2,std,DB3,1000000,19,decrypt,3.694,5910136,2097152,1,true,full
UC2,std_modsw,DB3,1000000,19,setup,226.465,65051880,0,0,false,full
UC2,std_modsw,DB3,1000000,19,precomp,0.001,0,0,0,false,full
UC2,std_modsw,DB3,1000000,19,encrypt,811.280,137270304,0,0,false,full
UC2,std_modsw,DB3,1000000,19,eval,4335.366,136908248,0,0,false,full
UC2,std_modsw,DB3,1000000,19,decrypt,5.590,25997000,1048576,1,true,full
UC2,label,DB3,1000000,19,setup,225.646,65051944,0,0,false,full
UC2,label,DB3,1000000,19,precomp,0.000,0,0,0,false,full
UC2,label,DB3,1000000,19,encrypt,971.564,191939360,0,0,false,full
UC2,label,DB3,1000000,19,eval,4979.868,197729688,0,0,false,full
UC2,label,DB3,1000000,19,decrypt,2.610,9719696,1048576,1,true,full
UC2,std,DB3,1000000,20,setup,225.569,75824688,0,0,false,full
UC2,std,DB3,1000000,20,precomp,0.000,0,0,0,false,full
UC2,std,DB3,1000000,20,encrypt,810.621,137270304,0,0,false,full
UC2,std,DB3,1000000,20,eval,4339.776,136908248,0,0,false,full
UC2,std,DB3,1000000,20,decrypt,3.725,5910136,2097152,1,true,full
UC2,std_modsw,DB3,1000000,20,setup,220.360,64786624,0,0,false,full
UC2,std_modsw,DB3,1000000,20,precomp,0.000,0,0,0,false,full
UC2,std_modsw,DB3,1000000,20,encrypt,810.097,137270304,0,0,false,full
UC2,std_modsw,DB3,1000000,20,eval,4339.587,136908248,0,0,false,full
UC2,std_modsw,DB3,1000000,20,decrypt,7.211,25997224,1048576,1,true,full
UC2,label,DB3,1000000,20,setup,224.259,65051880,0,0,false,full
UC2,label,DB3,1000000,20,precomp,0.000,0,0,0,false,full
UC2,label,DB3,1000000,20,encrypt,974.883,191939280,0,0,false,full
UC2,label,DB3,1000000,20,eval,5003.616,218495536,0,0,false,full
UC2,label,DB3,1000000,20,decrypt,2.684,9719696,1048576,1,true,full
UC2,std,DB1,512,1,setup,232.512,60060784,0,0,false,tight
UC2,std,DB1,512,1,precomp,0.000,0,0,0,false,tight
UC2,std,DB1,512,1,encrypt,14.330,7139048,0,0,false,tight
UC2,std,DB1,512,1,eval,75.125,35506952,0,0,false,tight
UC2,std,DB1,512,1,decrypt,6.580,1185648,2097152,1,true,tight
UC2,std_modsw,DB1,512,1,setup,241.828,73718640,0,0,false,tight
UC2,std_modsw,DB1,512,1,precomp,0.000,0,0,0,false,tight
UC2,std_modsw,DB1,512,1,encrypt,14.533,7139048,0,0,false,tight
UC2,std_modsw,DB1,512,1,eval,75.960,35506952,0,0,false,tight
UC2,std_modsw,DB1,512,1,decrypt,5.971,25982040,1048576,1,true,tight
UC2,label,DB1,512,1,setup,240.870,70304808,0,0,false,tight
UC2,label,DB1,512,1,precomp,0.000,0,0,0,false,tight
UC2,label,DB1,512,1,encrypt,15.570,12598368,0,0,false,tight
UC2,label,DB1,512,1,eval,103.101,20871496,0,0,false,tight
UC2,label,DB1,512,1,decrypt,3.776,2894216,1048576,1,false,tight
UC2,std,DB1,512,2,setup,242.182,70039488,0,0,false,tight
UC2,std,DB1,512,2,precomp,0.000,0,0,0,false,tight
UC2,std,DB1,512,2,encrypt,13.146,7139048,0,0,false,tight
UC2,std,DB1,512,2,eval,77.560,35506952,0,0,false,tight
UC2,std,DB1,512,2,decrypt,4.190,-1174320,2097152,1,true,tight
UC2,std_modsw,DB1,512,2,setup,239.214,70039856,0,0,false,tight
UC2,std_modsw,DB1,512,2,precomp,0.000,0,0,0,false,tight
UC2,std_modsw,DB1,512,2,encrypt,13.226,7139048,0,0,false,tight
UC2,std_modsw,DB1,512,2,eval,76.784,35506952,0,0,false,tight
UC2,std_modsw,DB1,512,2,decrypt,6.963,25988696,1048576,1,true,tight
UC2,label,DB1,512,2,setup,246.909,54281264,0,0,false,tight
UC2,label,DB1,512,2,precomp,0.000,0,0,0,false,tight
UC2,label,DB1,512,2,encrypt,16.503,12598112,0,0,false,tight
UC2,label,DB1,512,2,eval,106.680,82755240,0,0,false,tight
UC2,label,DB1,512,2,decrypt,3.822,2894104,1048576,1,false,tight
UC2,std,DB1,512,3,setup,242.207,70304456,0,0,false,tight
UC2,std,DB1,512,3,precomp,0.000,0,0,0,false,tight
UC2,std,DB1,512,3,encrypt,13.617,7139048,0,0,false,tight
UC2,std,DB1,512,3,eval,76.530,35506952,0,0,false,tight
UC2,std,DB1,512,3,decrypt,4.134,1186304,2097152,1,true,tight
UC2,std_modsw,DB1,512,3,setup,240.035,65319296,0,0,false,tight
UC2,std_modsw,DB1,512,3,precomp,0.000,0,0,0,false,tight
UC2,std_modsw,DB1,512,3,encrypt,13.378,7139048,0,0,false,tight
UC2,std_modsw,DB1,512,3,eval,76.295,35506952,0,0,false,tight
UC2,std_modsw,DB1,512,3,decrypt,6.049,25996824,1048576,1,true,tight
UC2,label,DB1,512,3,setup,241.073,68465664,0,0,false,tight
UC2,label,DB1,512,3,precomp,0.000,0,0,0,false,tight
UC2,label,DB1,512,3,encrypt,15.092,12598304,0,0,false,tight
UC2,label,DB1,512,3,eval,100.460,82740200,0,0,false,tight
UC2,label,DB1,512,3,decrypt,3.278,2894104,1048576,1,false,tight
UC2,std,DB1,512,4,setup,233.364,70039696,0,0,false,tight
UC2,std,DB1,512,4,precomp,0.000,0,0,0,false,tight
UC2,std,DB1,512,4,encrypt,12.777,7139048,0,0,false,tight
UC2,std,DB1,512,4,eval,76.633,35506952,0,0,false,tight
UC2,std,DB1,512,4,decrypt,4.106,1186304,2097152,1,true,tight
UC2,std_modsw,DB1,512,4,setup,241.740,73718752,0,0,false,tight
UC2,std_modsw,DB1,512,4,precomp,0.000,0,0,0,false,tight
UC2,std_modsw,DB1,512,4,encrypt,12.979,7139048,0,0,false,tight
UC2,std_modsw,DB1,512,4,eval,75.361,35506952,0,0,false,tight
UC2,std_modsw,DB1,512,4,decrypt,6.015,25988696,1048576,1,true,tight
UC2,label,DB1,512,4,setup,240.093,70039968,0,0,false,tight
UC2,label,DB1,512,4,precomp,0.000,0,0,0,false,tight
UC2,label,DB1,512,4,encrypt,15.233,12598192,0,0,false,tight
UC2,label,DB1,512,4,eval,94.654,20871384,0,0,false,tight
UC2,label,DB1,512,4,decrypt,3.850,4469200,1048576,1,false,tight
UC2,std,DB1,512,5,setup,244.990,68465776,0,0,false,tight
UC2,std,DB1,512,5,precomp,0.000,0,0,0,false,tight
UC2,std,DB1,512,5,encrypt,13.045,7139048,0,0,false,tight
UC2,std,DB1,512,5,eval,77.725,35506952,0,0,false,tight
UC2,std,DB1,512,5,decrypt,4.160,1186304,2097152,1,true,tight
UC2,std_modsw,DB1,512,5,setup,241.463,70039808,0,0,false,tight
UC2,std_modsw,DB1,512,5,precomp,0.000,0,0,0,false,tight
UC2,std_modsw,DB1,512,5,encrypt,13.212,7139048,0,0,false,tight
UC2,std_modsw,DB1,512,5,eval,76.978,35506952,0,0,false,tight
UC2,std_modsw,DB1,512,5,decrypt,6.262,25996824,1048576,1,true,tight
UC2,label,DB1,512,5,setup,240.602,70304376,0,0,false,tight
UC2,label,DB1,512,5,precomp,0.000,0,0,0,false,tight
UC2,label,DB1,512,5,encrypt,15.135,12598144,0,0,false,tight
UC2,label,DB1,512,5,eval,98.350,20938520,0,0,false,tight
UC2,label,DB1,512,5,decrypt,3.259,4469200,1048576,1,false,tight
UC2,std,DB1,512,6,setup,237.433,75292464,0,0,false,tight
UC2,std,DB1,512,6,precomp,0.000,0,0,0,false,tight
UC2,std,DB1,512,6,encrypt,12.937,7139048,0,0,false,tight
UC2,std,DB1,512,6,eval,75.433,35506952,0,0,false,tight
UC2,std,DB1,512,6,decrypt,4.777,-1174400,2097152,1,true,tight
UC2,std_modsw,DB1,512,6,setup,241.015,73718528,0,0,false,tight
UC2,std_modsw,DB1,512,6,precomp,0.000,0,0,0,false,tight
UC2,std_modsw,DB1,512,6,encrypt,13.565,7139048,0,0,false,tight
UC2,std_modsw,DB1,512,6,eval,76.307,35506952,0,0,false,tight
UC2,std_modsw,DB1,512,6,decrypt,6.773,25982040,1048576,1,true,tight
UC2,label,DB1,512,6,setup,239.514,68465888,0,0,false,tight
UC2,label,DB1,512,6,precomp,0.000,0,0,0,false,tight
UC2,label,DB1,512,6,encrypt,15.652,12598608,0,0,false,tight
UC2,label,DB1,512,6,eval,104.702,31723896,0,0,false,tight
UC2,label,DB1,512,6,decrypt,2.716,4469200,1048576,1,false,tight
UC2,std,DB1,512,7,setup,237.255,70039696,0,0,false,tight
UC2,std,DB1,512,7,precomp,0.001,0,0,0,false,tight
UC2,std,DB1,512,7,encrypt,13.325,7139048,0,0,false,tight
UC2,std,DB1,512,7,eval,75.878,35506952,0,0,false,tight
UC2,std,DB1,512,7,decrypt,5.087,1186304,2097152,1,true,tight
UC2,std_modsw,DB1,512,7,setup,242.741,70572048,0,0,false,tight
UC2,std_modsw,DB1,512,7,precomp,0.000,0,0,0,false,tight
UC2,std_modsw,DB1,512,7,encrypt,13.420,7139048,0,0,false,tight
UC2,std_modsw,DB1,512,7,eval,76.690,35506952,0,0,false,tight
UC2,std_modsw,DB1,512,7,decrypt,6.188,25996808,1048576,1,true,tight
UC2,label,DB1,512,7,setup,243.873,70039600,0,0,false,tight
UC2,label,DB1,512,7,precomp,0.000,0,0,0,false,tight
UC2,label,DB1,512,7,encrypt,16.847,12598224,0,0,false,tight
UC2,label,DB1,512,7,eval,100.632,20871624,0,0,false,tight
UC2,label,DB1,512,7,decrypt,3.528,2894104,1048576,1,false,tight
UC2,std,DB1,512,8,setup,238.162,70572160,0,0,false,tight
UC2,std,DB1,512,8,precomp,0.000,0,0,0,false,tight
UC2,std,DB1,512,8,encrypt,12.802,7139048,0,0,false,tight
UC2,std,DB1,512,8,eval,77.310,35506952,0,0,false,tight
UC2,std,DB1,512,8,decrypt,4.992,1186304,2097152,1,true,tight
UC2,std_modsw,DB1,512,8,setup,247.466,70039808,0,0,false,tight
UC2,std_modsw,DB1,512,8,precomp,0.000,0,0,0,false,tight
UC2,std_modsw,DB1,512,8,encrypt,13.033,7139048,0,0,false,tight
UC2,std_modsw,DB1,512,8,eval,77.822,35506952,0,0,false,tight
UC2,std_modsw,DB1,512,8,decrypt,6.868,25996824,1048576,1,true,tight
UC2,label,DB1,512,8,setup,245.853,70304344,0,0,false,tight
UC2,label,DB1,512,8,precomp,0.000,0,0,0,false,tight
UC2,label,DB1,512,8,encrypt,16.297,12598096,0,0,false,tight
UC2,label,DB1,512,8,eval,102.635,61995216,0,0,false,tight
UC2,label,DB1,512,8,decrypt,3.410,2894216,1048576,1,false,tight
UC2,std,DB1,512,9,setup,238.028,68465664,0,0,false,tight
UC2,std,DB1,512,9,precomp,0.000,0,0,0,false,tight
UC2,std,DB1,512,9,encrypt,13.206,7139048,0,0,false,tight
UC2,std,DB1,512,9,eval,76.988,35506952,0,0,false,tight
UC2,std,DB1,512,9,decrypt,5.858,1186304,2097152,1,true,tight
UC2,std_modsw,DB1,512,9,setup,241.066,68465888,0,0,false,tight
UC2,std_modsw,DB1,512,9,precomp,0.000,0,0,0,false,tight
UC2,std_modsw,DB1,512,9,encrypt,13.046,7139048,0,0,false,tight
UC2,std_modsw,DB1,512,9,eval,76.520,35506952,0,0,false,tight
UC2,std_modsw,DB1,512,9,decrypt,6.671,25996936,1048576,1,true,tight
UC2,label,DB1,512,9,setup,239.799,65318960,0,0,false,tight
UC2,label,DB1,512,9,precomp,0.000,0,0,0,false,tight
UC2,label,DB1,512,9,encrypt,15.521,12598304,0,0,false,tight
UC2,label,DB1,512,9,eval,98.357,41631408,0,0,false,tight
UC2,label,DB1,512,9,decrypt,3.398,2894104,1048576,1,false,tight
UC2,std,DB1,512,10,setup,243.056,60066208,0,0,false,tight
UC2,std,DB1,512,10,precomp,0.000,0,0,0,false,tight
UC2,std,DB1,512,10,encrypt,13.190,7139048,0,0,false,tight
UC2,std,DB1,512,10,eval,76.596,35506952,0,0,false,tight
UC2,std,DB1,512,10,decrypt,4.313,1185648,2097152,1,true,tight
UC2,std_modsw,DB1,512,10,setup,241.939,65318960,0,0,false,tight
UC2,std_modsw,DB1,512,10,precomp,0.000,0,0,0,false,tight
UC2,std_modsw,DB1,512,10,encrypt,13.055,7139048,0,0,false,tight
UC2,std_modsw,DB1,512,10,eval,77.058,35506952,0,0,false,tight
UC2,std_modsw,DB1,512,10,decrypt,6.024,25994712,1048576,1,true,tight
UC2,label,DB1,512,10,setup,241.243,70296920,0,0,false,tight
UC2,label,DB1,512,10,precomp,0.000,0,0,0,false,tight
UC2,label,DB1,512,10,encrypt,15.043,12598304,0,0,false,tight
UC2,label,DB1,512,10,eval,97.101,20871384,0,0,false,tight
UC2,label,DB1,512,10,decrypt,2.992,2894328,1048576,1,false,tight
UC2,std,DB1,512,11,setup,239.933,75292720,0,0,false,tight
UC2,std,DB1,512,11,precomp,0.000,0,0,0,false,tight
UC2,std,DB1,512,11,encrypt,13.450,7139048,0,0,false,tight
UC2,std,DB1,512,11,eval,76.507,35506952,0,0,false,tight
UC2,std,DB1,512,11,decrypt,3.876,1186304,2097152,1,true,tight
UC2,std_modsw,DB1,512,11,setup,241.990,75425560,0,0,false,tight
UC2,std_modsw,DB1,512,11,precomp,0.000,0,0,0,false,tight
UC2,std_modsw,DB1,512,11,encrypt,13.996,7139048,0,0,false,tight
UC2,std_modsw,DB1,512,11,eval,76.036,35506952,0,0,false,tight
UC2,std_modsw,DB1,512,11,decrypt,5.918,25996824,1048576,1,true,tight
UC2,label,DB1,512,11,setup,244.153,68465664,0,0,false,tight
UC2,label,DB1,512,11,precomp,0.000,0,0,0,false,tight
UC2,label,DB1,512,11,encrypt,15.002,12598336,0,0,false,tight
UC2,label,DB1,512,11,eval,97.495,41632176,0,0,false,tight
UC2,label,DB1,512,11,decrypt,3.420,4469200,1048576,1,false,tight
UC2,std,DB1,512,12,setup,238.249,63212912,0,0,false,tight
UC2,std,DB1,512,12,precomp,0.000,0,0,0,false,tight
UC2,std,DB1,512,12,encrypt,13.177,7139048,0,0,false,tight
UC2,std,DB1,512,12,eval,76.620,35506952,0,0,false,tight
UC2,std,DB1,512,12,decrypt,5.742,1186304,2097152,1,true,tight
UC2,std_modsw,DB1,512,12,setup,240.330,60062608,0,0,false,tight
UC2,std_modsw,DB1,512,12,precomp,0.000,0,0,0,false,tight
UC2,std_modsw,DB1,512,12,encrypt,13.008,7139048,0,0,false,tight
UC2,std_modsw,DB1,512,12,eval,76.612,35506952,0,0,false,tight
UC2,std_modsw,DB1,512,12,decrypt,5.945,25996824,1048576,1,true,tight
UC2,label,DB1,512,12,setup,241.678,70304696,0,0,false,tight
UC2,label,DB1,512,12,precomp,0.000,0,0,0,false,tight
UC2,label,DB1,512,12,encrypt,16.104,12598416,0,0,false,tight
UC2,label,DB1,512,12,eval,101.391,82743400,0,0,false,tight
UC2,label,DB1,512,12,decrypt,3.575,4469200,1048576,1,false,tight
UC2,std,DB1,512,13,setup,241.363,70040192,0,0,false,tight
UC2,std,DB1,512,13,precomp,0.000,0,0,0,false,tight
UC2,std,DB1,512,13,encrypt,13.269,7139048,0,0,false,tight
UC2,std,DB1,512,13,eval,75.595,35506952,0,0,false,tight
UC2,std,DB1,512,13,decrypt,5.236,1186304,2097152,1,true,tight
UC2,std_modsw,DB1,512,13,setup,245.801,54281328,0,0,false,tight
UC2,std_modsw,DB1,512,13,precomp,0.000,0,0,0,false,tight
UC2,std_modsw,DB1,512,13,encrypt,13.119,7139048,0,0,false,tight
UC2,std_modsw,DB1,512,13,eval,76.263,35506952,0,0,false,tight
UC2,std_modsw,DB1,512,13,decrypt,6.071,25996936,1048576,1,true,tight
UC2,label,DB1,512,13,setup,240.036,60062912,0,0,false,tight
UC2,label,DB1,512,13,precomp,0.000,0,0,0,false,tight
UC2,label,DB1,512,13,encrypt,16.033,12598032,0,0,false,tight
UC2,label,DB1,512,13,eval,103.185,41631408,0,0,false,tight
UC2,label,DB1,512,13,decrypt,4.059,4469200,1048576,1,false,tight
UC2,std,DB1,512,14,setup,244.970,54281328,0,0,false,tight
UC2,std,DB1,512,14,precomp,0.000,0,0,0,false,tight
UC2,std,DB1,512,14,encrypt,13.676,7139048,0,0,false,tight
UC2,std,DB1,512,14,eval,76.308,35506952,0,0,false,tight
UC2,std,DB1,512,14,decrypt,5.394,1185648,2097152,1,true,tight
UC2,std_modsw,DB1,512,14,setup,241.533,59667192,0,0,false,tight
UC2,std_modsw,DB1,512,14,precomp,0.000,0,0,0,false,tight
UC2,std_modsw,DB1,512,14,encrypt,13.849,7139048,0,0,false,tight
UC2,std_modsw,DB1,512,14,eval,75.784,35506952,0,0,false,tight
UC2,std_modsw,DB1,512,14,decrypt,5.914,25996824,1048576,1,true,tight
UC2,label,DB1,512,14,setup,245.574,68465776,0,0,false,tight
UC2,label,DB1,512,14,precomp,0.000,0,0,0,false,tight
UC2,label,DB1,512,14,encrypt,16.998,12598320,0,0,false,tight
UC2,label,DB1,512,14,eval,102.842,82755352,0,0,false,tight
UC2,label,DB1,512,14,decrypt,3.426,2894104,1048576,1,false,tight
UC2,std,DB1,512,15,setup,248.667,54813344,0,0,false,tight
UC2,std,DB1,512,15,precomp,0.000,0,0,0,false,tight
UC2,std,DB1,512,15,encrypt,13.415,7139048,0,0,false,tight
UC2,std,DB1,512,15,eval,76.920,35506952,0,0,false,tight
UC2,std,DB1,512,15,decrypt,5.060,-1174320,2097152,1,true,tight
UC2,std_modsw,DB1,512,15,setup,244.877,54414216,0,0,false,tight
UC2,std_modsw,DB1,512,15,precomp,0.000,0,0,0,false,tight
UC2,std_modsw,DB1,512,15,encrypt,13.875,7139048,0,0,false,tight
UC2,std_modsw,DB1,512,15,eval,78.196,35506952,0,0,false,tight
UC2,std_modsw,DB1,512,15,decrypt,6.349,25988680,1048576,1,true,tight
UC2,label,DB1,512,15,setup,232.791,65318960,0,0,false,tight
UC2,label,DB1,512,15,precomp,0.000,0,0,0,false,tight
UC2,label,DB1,512,15,encrypt,15.302,12598288,0,0,false,tight
UC2,label,DB1,512,15,eval,97.251,41631520,0,0,false,tight
UC2,label,DB1,512,15,decrypt,3.764,4469200,1048576,1,false,tight
UC2,std,DB1,512,16,setup,229.860,75292720,0,0,false,tight
UC2,std,DB1,512,16,precomp,0.000,0,0,0,false,tight
UC2,std,DB1,512,16,encrypt,12.257,7139048,0,0,false,tight
UC2,std,DB1,512,16,eval,72.726,35506952,0,0,false,tight
UC2,std,DB1,512,16,decrypt,3.833,1186304,2097152,1,true,tight
UC2,std_modsw,DB1,512,16,setup,235.563,70304088,0,0,false,tight
UC2,std_modsw,DB1,512,16,precomp,0.000,0,0,0,false,tight
UC2,std_modsw,DB1,512,16,encrypt,13.031,7139048,0,0,false,tight
UC2,std_modsw,DB1,512,16,eval,73.523,35506952,0,0,false,tight
UC2,std_modsw,DB1,512,16,decrypt,5.774,25996824,1048576,1,true,tight
UC2,label,DB1,512,16,setup,232.266,70039600,0,0,false,tight
UC2,label,DB1,512,16,precomp,0.000,0,0,0,false,tight
UC2,label,DB1,512,16,encrypt,14.848,12598352,0,0,false,tight
UC2,label,DB1,512,16,eval,97.952,82743688,0,0,false,tight
UC2,label,DB1,512,16,decrypt,2.734,4469200,1048576,1,false,tight
UC2,std,DB1,512,17,setup,230.845,65318960,0,0,false,tight
UC2,std,DB1,512,17,precomp,0.001,0,0,0,false,tight
UC2,std,DB1,512,17,encrypt,14.575,7139048,0,0,false,tight
UC2,std,DB1,512,17,eval,74.425,35506952,0,0,false,tight
UC2,std,DB1,512,17,decrypt,4.438,1186304,2097152,1,true,tight
UC2,std_modsw,DB1,512,17,setup,232.693,68465776,0,0,false,tight
UC2,std_modsw,DB1,512,17,precomp,0.000,0,0,0,false,tight
UC2,std_modsw,DB1,512,17,encrypt,14.455,7139048,0,0,false,tight
UC2,std_modsw,DB1,512,17,eval,74.551,35506952,0,0,false,tight
UC2,std_modsw,DB1,512,17,decrypt,5.954,25996824,1048576,1,true,tight
UC2,label,DB1,512,17,setup,229.446,65319184,0,0,false,tight
UC2,label,DB1,512,17,precomp,0.000,0,0,0,false,tight
UC2,label,DB1,512,17,encrypt,15.935,12598272,0,0,false,tight
UC2,label,DB1,512,17,eval,101.553,41632064,0,0,false,tight
UC2,label,DB1,512,17,decrypt,3.923,2894104,1048576,1,false,tight
UC2,std,DB1,512,18,setup,221.846,68465776,0,0,false,tight
UC2,std,DB1,512,18,precomp,0.000,0,0,0,false,tight
UC2,std,DB1,512,18,encrypt,12.323,7139048,0,0,false,tight
UC2,std,DB1,512,18,eval,75.014,35506952,0,0,false,tight
UC2,std,DB1,512,18,decrypt,4.710,1186304,2097152,1,true,tight
UC2,std_modsw,DB1,512,18,setup,238.383,54281104,0,0,false,tight
UC2,std_modsw,DB1,512,18,precomp,0.000,0,0,0,false,tight
UC2,std_modsw,DB1,512,18,encrypt,13.860,7139048,0,0,false,tight
UC2,std_modsw,DB1,512,18,eval,73.418,35506952,0,0,false,tight
UC2,std_modsw,DB1,512,18,decrypt,6.556,25982152,1048576,1,true,tight
UC2,label,DB1,512,18,setup,236.108,75292352,0,0,false,tight
UC2,label,DB1,512,18,precomp,0.000,0,0,0,false,tight
UC2,label,DB1,512,18,encrypt,16.127,12598336,0,0,false,tight
UC2,label,DB1,512,18,eval,95.320,41632064,0,0,false,tight
UC2,label,DB1,512,18,decrypt,4.034,4469200,1048576,1,false,tight
UC2,std,DB1,512,19,setup,233.869,70304696,0,0,false,tight
UC2,std,DB1,512,19,precomp,0.000,0,0,0,false,tight
UC2,std,DB1,512,19,encrypt,12.642,7139048,0,0,false,tight
UC2,std,DB1,512,19,eval,73.887,35506952,0,0,false,tight
UC2,std,DB1,512,19,decrypt,5.416,1186528,2097152,1,true,tight
UC2,std_modsw,DB1,512,19,setup,234.666,75557560,0,0,false,tight
UC2,std_modsw,DB1,512,19,precomp,0.000,0,0,0,false,tight
UC2,std_modsw,DB1,512,19,encrypt,12.745,7139048,0,0,false,tight
UC2,std_modsw,DB1,512,19,eval,73.697,35506952,0,0,false,tight
UC2,std_modsw,DB1,512,19,decrypt,5.958,25988696,1048576,1,true,tight
UC2,label,DB1,512,19,setup,234.909,70304584,0,0,false,tight
UC2,label,DB1,512,19,precomp,0.000,0,0,0,false,tight
UC2,label,DB1,512,19,encrypt,15.673,12598288,0,0,false,tight
UC2,label,DB1,512,19,eval,97.571,82755256,0,0,false,tight
UC2,label,DB1,512,19,decrypt,3.242,2894104,1048576,1,false,tight
UC2,std,DB1,512,20,setup,229.053,68465776,0,0,false,tight
UC2,std,DB1,512,20,precomp,0.001,0,0,0,false,tight
UC2,std,DB1,512,20,encrypt,12.508,7139048,0,0,false,tight
UC2,std,DB1,512,20,eval,73.854,35506952,0,0,false,tight
UC2,std,DB1,512,20,decrypt,6.478,1186304,2097152,1,true,tight
UC2,std_modsw,DB1,512,20,setup,229.393,60066096,0,0,false,tight
UC2,std_modsw,DB1,512,20,precomp,0.000,0,0,0,false,tight
UC2,std_modsw,DB1,512,20,encrypt,12.532,7139048,0,0,false,tight
UC2,std_modsw,DB1,512,20,eval,74.351,35506952,0,0,false,tight
UC2,std_modsw,DB1,512,20,decrypt,5.587,25996920,1048576,1,true,tight
UC2,label,DB1,512,20,setup,233.763,68465664,0,0,false,tight
UC2,label,DB1,512,20,precomp,0.000,0,0,0,false,tight
UC2,label,DB1,512,20,encrypt,14.997,12598368,0,0,false,tight
UC2,label,DB1,512,20,eval,95.409,41619968,0,0,false,tight
UC2,label,DB1,512,20,decrypt,3.787,4469200,1048576,1,false,tight
UC2,std,DB2,100000,1,setup,231.242,75556952,0,0,false,tight
UC2,std,DB2,100000,1,precomp,0.000,0,0,0,false,tight
UC2,std,DB2,100000,1,encrypt,88.285,26251688,0,0,false,tight
UC2,std,DB2,100000,1,eval,484.602,84065368,0,0,false,tight
UC2,std,DB2,100000,1,decrypt,4.779,-1177328,2097152,1,true,tight
UC2,std_modsw,DB2,100000,1,setup,232.109,75292560,0,0,false,tight
UC2,std_modsw,DB2,100000,1,precomp,0.000,0,0,0,false,tight
UC2,std_modsw,DB2,100000,1,encrypt,88.049,26251688,0,0,false,tight
UC2,std_modsw,DB2,100000,1,eval,484.053,84065368,0,0,false,tight
UC2,std_modsw,DB2,100000,1,decrypt,6.280,25988792,1048576,1,true,tight
UC2,label,DB2,100000,1,setup,228.584,75557352,0,0,false,tight
UC2,label,DB2,100000,1,precomp,0.000,0,0,0,false,tight
UC2,label,DB2,100000,1,encrypt,110.823,46991632,0,0,false,tight
UC2,label,DB2,100000,1,eval,591.376,40449816,0,0,false,tight
UC2,label,DB2,100000,1,decrypt,3.322,2893640,1048576,1,false,tight
UC2,std,DB2,100000,2,setup,223.055,65319072,0,0,false,tight
UC2,std,DB2,100000,2,precomp,0.000,0,0,0,false,tight
UC2,std,DB2,100000,2,encrypt,91.330,26251688,0,0,false,tight
UC2,std,DB2,100000,2,eval,486.733,84065368,0,0,false,tight
UC2,std,DB2,100000,2,decrypt,3.669,5910056,2097152,1,true,tight
UC2,std_modsw,DB2,100000,2,setup,225.961,75292672,0,0,false,tight
UC2,std_modsw,DB2,100000,2,precomp,0.000,0,0,0,false,tight
UC2,std_modsw,DB2,100000,2,encrypt,88.120,26251688,0,0,false,tight
UC2,std_modsw,DB2,100000,2,eval,486.543,84065368,0,0,false,tight
UC2,std_modsw,DB2,100000,2,decrypt,6.433,25996824,1048576,1,true,tight
UC2,label,DB2,100000,2,setup,229.778,54545384,0,0,false,tight
UC2,label,DB2,100000,2,precomp,0.000,0,0,0,false,tight
UC2,label,DB2,100000,2,encrypt,112.480,50914016,0,0,false,tight
UC2,label,DB2,100000,2,eval,591.101,101635416,0,0,false,tight
UC2,label,DB2,100000,2,decrypt,3.664,2893640,1048576,1,false,tight
UC2,std,DB2,100000,3,setup,230.370,54414328,0,0,false,tight
UC2,std,DB2,100000,3,precomp,0.000,0,0,0,false,tight
UC2,std,DB2,100000,3,encrypt,91.886,26251688,0,0,false,tight
UC2,std,DB2,100000,3,eval,487.944,84065368,0,0,false,tight
UC2,std,DB2,100000,3,decrypt,4.409,1185648,2097152,1,true,tight
UC2,std_modsw,DB2,100000,3,setup,222.181,59798600,0,0,false,tight
UC2,std_modsw,DB2,100000,3,precomp,0.000,0,0,0,false,tight
UC2,std_modsw,DB2,100000,3,encrypt,91.403,26251688,0,0,false,tight
UC2,std_modsw,DB2,100000,3,eval,485.666,84065368,0,0,false,tight
UC2,std_modsw,DB2,100000,3,decrypt,5.980,25988696,1048576,1,true,tight
UC2,label,DB2,100000,3,setup,235.349,54281376,0,0,false,tight
UC2,label,DB2,100000,3,precomp,0.000,0,0,0,false,tight
UC2,label,DB2,100000,3,encrypt,110.444,46991520,0,0,false,tight
UC2,label,DB2,100000,3,eval,599.927,61209840,0,0,false,tight
UC2,label,DB2,100000,3,decrypt,3.123,2893640,1048576,1,false,tight
UC2,std,DB2,100000,4,setup,225.413,65318960,0,0,false,tight
UC2,std,DB2,100000,4,precomp,0.000,0,0,0,false,tight
UC2,std,DB2,100000,4,encrypt,88.166,26251688,0,0,false,tight
UC2,std,DB2,100000,4,eval,485.651,85118952,0,0,false,tight
UC2,std,DB2,100000,4,decrypt,4.911,1185648,2097152,1,true,tight
UC2,std_modsw,DB2,100000,4,setup,226.091,63212800,0,0,false,tight
UC2,std_modsw,DB2,100000,4,precomp,0.001,0,0,0,false,tight
UC2,std_modsw,DB2,100000,4,encrypt,91.193,26251688,0,0,false,tight
UC2,std_modsw,DB2,100000,4,eval,487.544,85119000,0,0,false,tight
UC2,std_modsw,DB2,100000,4,decrypt,5.736,25982072,1048576,1,true,tight
UC2,label,DB2,100000,4,setup,235.992,54281216,0,0,false,tight
UC2,label,DB2,100000,4,precomp,0.000,0,0,0,false,tight
UC2,label,DB2,100000,4,encrypt,108.944,50930696,0,0,false,tight
UC2,label,DB2,100000,4,eval,597.233,61208640,0,0,false,tight
UC2,label,DB2,100000,4,decrypt,4.123,2893640,1048576,1,false,tight
UC2,std,DB2,100000,5,setup,226.587,68465776,0,0,false,tight
UC2,std,DB2,100000,5,precomp,0.000,0,0,0,false,tight
UC2,std,DB2,100000,5,encrypt,91.791,26251688,0,0,false,tight
UC2,std,DB2,100000,5,eval,486.211,86172552,0,0,false,tight
UC2,std,DB2,100000,5,decrypt,4.757,1185648,2097152,1,true,tight
UC2,std_modsw,DB2,100000,5,setup,234.127,54281216,0,0,false,tight
UC2,std_modsw,DB2,100000,5,precomp,0.001,0,0,0,false,tight
UC2,std_modsw,DB2,100000,5,encrypt,88.326,26251688,0,0,false,tight
UC2,std_modsw,DB2,100000,5,eval,485.217,84065368,0,0,false,tight
UC2,std_modsw,DB2,100000,5,decrypt,6.682,25982128,1048576,1,true,tight
UC2,label,DB2,100000,5,setup,234.765,54281216,0,0,false,tight
UC2,label,DB2,100000,5,precomp,0.000,0,0,0,false,tight
UC2,label,DB2,100000,5,encrypt,108.613,50930680,0,0,false,tight
UC2,label,DB2,100000,5,eval,599.385,40448856,0,0,false,tight
UC2,label,DB2,100000,5,decrypt,2.704,2893640,1048576,1,false,tight
UC2,std,DB2,100000,6,setup,223.282,65319072,0,0,false,tight
UC2,std,DB2,100000,6,precomp,0.000,0,0,0,false,tight
UC2,std,DB2,100000,6,encrypt,91.586,26251688,0,0,false,tight
UC2,std,DB2,100000,6,eval,486.484,85118952,0,0,false,tight
UC2,std,DB2,100000,6,decrypt,4.546,5910056,2097152,1,true,tight
UC2,std_modsw,DB2,100000,6,setup,228.226,54545384,0,0,false,tight
UC2,std_modsw,DB2,100000,6,precomp,0.000,0,0,0,false,tight
UC2,std_modsw,DB2,100000,6,encrypt,88.843,26251688,0,0,false,tight
UC2,std_modsw,DB2,100000,6,eval,484.474,84065368,0,0,false,tight
UC2,std_modsw,DB2,100000,6,decrypt,6.594,25982152,1048576,1,true,tight
UC2,label,DB2,100000,6,setup,224.409,54545288,0,0,false,tight
UC2,label,DB2,100000,6,precomp,0.000,0,0,0,false,tight
UC2,label,DB2,100000,6,encrypt,111.455,47199904,0,0,false,tight
UC2,label,DB2,100000,6,eval,600.369,61208736,0,0,false,tight
UC2,label,DB2,100000,6,decrypt,2.816,2893640,1048576,1,false,tight
UC2,std,DB2,100000,7,setup,225.114,59798840,0,0,false,tight
UC2,std,DB2,100000,7,precomp,0.000,0,0,0,false,tight
UC2,std,DB2,100000,7,encrypt,89.246,26251688,0,0,false,tight
UC2,std,DB2,100000,7,eval,486.533,85118952,0,0,false,tight
UC2,std,DB2,100000,7,decrypt,4.292,1185648,2097152,1,true,tight
UC2,std_modsw,DB2,100000,7,setup,224.290,60066432,0,0,false,tight
UC2,std_modsw,DB2,100000,7,precomp,0.001,0,0,0,false,tight
UC2,std_modsw,DB2,100000,7,encrypt,88.514,26251688,0,0,false,tight
UC2,std_modsw,DB2,100000,7,eval,487.637,85118952,0,0,false,tight
UC2,std_modsw,DB2,100000,7,decrypt,5.724,25988712,1048576,1,true,tight
UC2,label,DB2,100000,7,setup,231.408,54281376,0,0,false,tight
UC2,label,DB2,100000,7,precomp,0.000,0,0,0,false,tight
UC2,label,DB2,100000,7,encrypt,110.881,47234992,0,0,false,tight
UC2,label,DB2,100000,7,eval,603.966,61209184,0,0,false,tight
UC2,label,DB2,100000,7,decrypt,3.995,2893640,1048576,1,false,tight
UC2,std,DB2,100000,8,setup,224.393,60063456,0,0,false,tight
UC2,std,DB2,100000,8,precomp,0.000,0,0,0,false,tight
UC2,std,DB2,100000,8,encrypt,91.826,26251688,0,0,false,tight
UC2,std,DB2,100000,8,eval,483.967,85118952,0,0,false,tight
UC2,std,DB2,100000,8,decrypt,4.223,-1174320,2097152,1,true,tight
UC2,std_modsw,DB2,100000,8,setup,229.429,59798600,0,0,false,tight
UC2,std_modsw,DB2,100000,8,precomp,0.000,0,0,0,false,tight
UC2,std_modsw,DB2,100000,8,encrypt,88.169,26251688,0,0,false,tight
UC2,std_modsw,DB2,100000,8,eval,484.542,84065368,0,0,false,tight
UC2,std_modsw,DB2,100000,8,decrypt,5.810,25982184,1048576,1,true,tight
UC2,label,DB2,100000,8,setup,223.979,75556840,0,0,false,tight
UC2,label,DB2,100000,8,precomp,0.000,0,0,0,false,tight
UC2,label,DB2,100000,8,encrypt,106.470,47181168,0,0,false,tight
UC2,label,DB2,100000,8,eval,606.266,102313864,0,0,false,tight
UC2,label,DB2,100000,8,decrypt,3.149,2893640,1048576,1,false,tight
UC2,std,DB2,100000,9,setup,223.304,65318960,0,0,false,tight
UC2,std,DB2,100000,9,precomp,0.000,0,0,0,false,tight
UC2,std,DB2,100000,9,encrypt,89.527,26251688,0,0,false,tight
UC2,std,DB2,100000,9,eval,487.375,85118952,0,0,false,tight
UC2,std,DB2,100000,9,decrypt,5.013,1185648,2097152,1,true,tight
UC2,std_modsw,DB2,100000,9,setup,222.387,59798952,0,0,false,tight
UC2,std_modsw,DB2,100000,9,precomp,0.000,0,0,0,false,tight
UC2,std_modsw,DB2,100000,9,encrypt,90.201,26251688,0,0,false,tight
UC2,std_modsw,DB2,100000,9,eval,488.904,84065368,0,0,false,tight
UC2,std_modsw,DB2,100000,9,decrypt,6.825,25982016,1048576,1,true,tight
UC2,label,DB2,100000,9,setup,232.536,54545288,0,0,false,tight
UC2,label,DB2,100000,9,precomp,0.000,0,0,0,false,tight
UC2,label,DB2,100000,9,encrypt,112.714,47199568,0,0,false,tight
UC2,label,DB2,100000,9,eval,602.461,81573008,0,0,false,tight
UC2,label,DB2,100000,9,decrypt,2.750,2893640,1048576,1,false,tight
UC2,std,DB2,100000,10,setup,223.444,65316080,0,0,false,tight
UC2,std,DB2,100000,10,precomp,0.000,0,0,0,false,tight
UC2,std,DB2,100000,10,encrypt,90.041,26251688,0,0,false,tight
UC2,std,DB2,100000,10,eval,489.189,84065368,0,0,false,tight
UC2,std,DB2,100000,10,decrypt,4.383,-1177520,2097152,1,true,tight
UC2,std_modsw,DB2,100000,10,setup,225.365,60066208,0,0,false,tight
UC2,std_modsw,DB2,100000,10,precomp,0.000,0,0,0,false,tight
UC2,std_modsw,DB2,100000,10,encrypt,88.898,26251688,0,0,false,tight
UC2,std_modsw,DB2,100000,10,eval,484.507,85118952,0,0,false,tight
UC2,std_modsw,DB2,100000,10,decrypt,6.548,25982072,1048576,1,true,tight
UC2,label,DB2,100000,10,setup,230.539,65318960,0,0,false,tight
UC2,label,DB2,100000,10,precomp,0.000,0,0,0,false,tight
UC2,label,DB2,100000,10,encrypt,108.004,46991808,0,0,false,tight
UC2,label,DB2,100000,10,eval,610.451,102320744,0,0,false,tight
UC2,label,DB2,100000,10,decrypt,2.838,2893640,1048576,1,false,tight
UC2,std,DB2,100000,11,setup,229.956,70039488,0,0,false,tight
UC2,std,DB2,100000,11,precomp,0.000,0,0,0,false,tight
UC2,std,DB2,100000,11,encrypt,89.394,26251688,0,0,false,tight
UC2,std,DB2,100000,11,eval,485.363,84065368,0,0,false,tight
UC2,std,DB2,100000,11,decrypt,5.217,1185648,2097152,1,true,tight
UC2,std_modsw,DB2,100000,11,setup,225.044,75292832,0,0,false,tight
UC2,std_modsw,DB2,100000,11,precomp,0.000,0,0,0,false,tight
UC2,std_modsw,DB2,100000,11,encrypt,88.468,26251688,0,0,false,tight
UC2,std_modsw,DB2,100000,11,eval,485.301,84065368,0,0,false,tight
UC2,std_modsw,DB2,100000,11,decrypt,5.890,23882872,1048576,1,true,tight
UC2,label,DB2,100000,11,setup,225.202,59798952,0,0,false,tight
UC2,label,DB2,100000,11,precomp,0.000,0,0,0,false,tight
UC2,label,DB2,100000,11,encrypt,110.306,50931608,0,0,false,tight
UC2,label,DB2,100000,11,eval,593.389,61209792,0,0,false,tight
UC2,label,DB2,100000,11,decrypt,3.594,2893640,1048576,1,false,tight
UC2,std,DB2,100000,12,setup,223.816,70039696,0,0,false,tight
UC2,std,DB2,100000,12,precomp,0.000,0,0,0,false,tight
UC2,std,DB2,100000,12,encrypt,88.705,26251688,0,0,false,tight
UC2,std,DB2,100000,12,eval,487.208,85118952,0,0,false,tight
UC2,std,DB2,100000,12,decrypt,5.936,1185648,2097152,1,true,tight
UC2,std_modsw,DB2,100000,12,setup,224.508,63212992,0,0,false,tight
UC2,std_modsw,DB2,100000,12,precomp,0.000,0,0,0,false,tight
UC2,std_modsw,DB2,100000,12,encrypt,90.391,26251688,0,0,false,tight
UC2,std_modsw,DB2,100000,12,eval,487.211,85118952,0,0,false,tight
UC2,std_modsw,DB2,100000,12,decrypt,6.461,25982040,1048576,1,true,tight
UC2,label,DB2,100000,12,setup,228.856,75292720,0,0,false,tight
UC2,label,DB2,100000,12,precomp,0.000,0,0,0,false,tight
UC2,label,DB2,100000,12,encrypt,107.390,47234992,0,0,false,tight
UC2,label,DB2,100000,12,eval,612.182,80619480,0,0,false,tight
UC2,label,DB2,100000,12,decrypt,4.004,2893640,1048576,1,false,tight
UC2,std,DB2,100000,13,setup,223.251,65319072,0,0,false,tight
UC2,std,DB2,100000,13,precomp,0.000,0,0,0,false,tight
UC2,std,DB2,100000,13,encrypt,90.739,26251688,0,0,false,tight
UC2,std,DB2,100000,13,eval,487.839,84065368,0,0,false,tight
UC2,std,DB2,100000,13,decrypt,4.069,5910056,2097152,1,true,tight
UC2,std_modsw,DB2,100000,13,setup,230.539,54281216,0,0,false,tight
UC2,std_modsw,DB2,100000,13,precomp,0.000,0,0,0,false,tight
UC2,std_modsw,DB2,100000,13,encrypt,90.461,26251688,0,0,false,tight
UC2,std_modsw,DB2,100000,13,eval,484.363,84065544,0,0,false,tight
UC2,std_modsw,DB2,100000,13,decrypt,5.768,25996808,1048576,1,true,tight
UC2,label,DB2,100000,13,setup,231.581,54281488,0,0,false,tight
UC2,label,DB2,100000,13,precomp,0.000,0,0,0,false,tight
UC2,label,DB2,100000,13,encrypt,110.678,47235072,0,0,false,tight
UC2,label,DB2,100000,13,eval,616.385,102324552,0,0,false,tight
UC2,label,DB2,100000,13,decrypt,3.456,2893640,1048576,1,false,tight
UC2,std,DB2,100000,14,setup,227.772,75556840,0,0,false,tight
UC2,std,DB2,100000,14,precomp,0.000,0,0,0,false,tight
UC2,std,DB2,100000,14,encrypt,87.838,26251688,0,0,false,tight
UC2,std,DB2,100000,14,eval,485.079,84065368,0,0,false,tight
UC2,std,DB2,100000,14,decrypt,4.123,-1177520,2097152,1,true,tight
UC2,std_modsw,DB2,100000,14,setup,223.864,70571936,0,0,false,tight
UC2,std_modsw,DB2,100000,14,precomp,0.000,0,0,0,false,tight
UC2,std_modsw,DB2,100000,14,encrypt,89.191,26251688,0,0,false,tight
UC2,std_modsw,DB2,100000,14,eval,485.224,85118952,0,0,false,tight
UC2,std_modsw,DB2,100000,14,decrypt,5.939,25982040,1048576,1,true,tight
UC2,label,DB2,100000,14,setup,226.614,75292560,0,0,false,tight
UC2,label,DB2,100000,14,precomp,0.001,0,0,0,false,tight
UC2,label,DB2,100000,14,encrypt,107.321,47066768,0,0,false,tight
UC2,label,DB2,100000,14,eval,600.925,61196896,0,0,false,tight
UC2,label,DB2,100000,14,decrypt,3.873,2893640,1048576,1,false,tight
UC2,std,DB2,100000,15,setup,235.637,70571824,0,0,false,tight
UC2,std,DB2,100000,15,precomp,0.000,0,0,0,false,tight
UC2,std,DB2,100000,15,encrypt,88.814,26251688,0,0,false,tight
UC2,std,DB2,100000,15,eval,488.002,85118952,0,0,false,tight
UC2,std,DB2,100000,15,decrypt,4.502,1185648,2097152,1,true,tight
UC2,std_modsw,DB2,100000,15,setup,230.825,54280896,0,0,false,tight
UC2,std_modsw,DB2,100000,15,precomp,0.000,0,0,0,false,tight
UC2,std_modsw,DB2,100000,15,encrypt,88.307,26251688,0,0,false,tight
UC2,std_modsw,DB2,100000,15,eval,484.951,84065368,0,0,false,tight
UC2,std_modsw,DB2,100000,15,decrypt,6.846,24932872,1048576,1,true,tight
UC2,label,DB2,100000,15,setup,229.050,70172808,0,0,false,tight
UC2,label,DB2,100000,15,precomp,0.000,0,0,0,false,tight
UC2,label,DB2,100000,15,encrypt,107.908,50930440,0,0,false,tight
UC2,label,DB2,100000,15,eval,608.516,61193696,0,0,false,tight
UC2,label,DB2,100000,15,decrypt,3.944,1842528,1048576,1,false,tight
UC2,std,DB2,100000,16,setup,227.668,65319184,0,0,false,tight
UC2,std,DB2,100000,16,precomp,0.000,0,0,0,false,tight
UC2,std,DB2,100000,16,encrypt,89.766,26251688,0,0,false,tight
UC2,std,DB2,100000,16,eval,485.590,84065368,0,0,false,tight
UC2,std,DB2,100000,16,decrypt,3.628,5910056,2097152,1,true,tight
UC2,std_modsw,DB2,100000,16,setup,222.917,54281264,0,0,false,tight
UC2,std_modsw,DB2,100000,16,precomp,0.000,0,0,0,false,tight
UC2,std_modsw,DB2,100000,16,encrypt,88.884,26251688,0,0,false,tight
UC2,std_modsw,DB2,100000,16,eval,487.158,84065368,0,0,false,tight
UC2,std_modsw,DB2,100000,16,decrypt,6.308,25982072,1048576,1,true,tight
UC2,label,DB2,100000,16,setup,235.924,70568032,0,0,false,tight
UC2,label,DB2,100000,16,precomp,0.000,0,0,0,false,tight
UC2,label,DB2,100000,16,encrypt,110.642,46985072,0,0,false,tight
UC2,label,DB2,100000,16,eval,597.517,53846544,0,0,false,tight
UC2,label,DB2,100000,16,decrypt,3.233,2893640,1048576,1,false,tight
UC2,std,DB2,100000,17,setup,222.114,65318960,0,0,false,tight
UC2,std,DB2,100000,17,precomp,0.000,0,0,0,false,tight
UC2,std,DB2,100000,17,encrypt,90.173,26251688,0,0,false,tight
UC2,std,DB2,100000,17,eval,490.179,85118952,0,0,false,tight
UC2,std,DB2,100000,17,decrypt,3.801,1185648,2097152,1,true,tight
UC2,std_modsw,DB2,100000,17,setup,225.021,65319408,0,0,false,tight
UC2,std_modsw,DB2,100000,17,precomp,0.000,0,0,0,false,tight
UC2,std_modsw,DB2,100000,17,encrypt,88.575,26251688,0,0,false,tight
UC2,std_modsw,DB2,100000,17,eval,485.742,84065368,0,0,false,tight
UC2,std_modsw,DB2,100000,17,decrypt,5.692,24932872,1048576,1,true,tight
UC2,label,DB2,100000,17,setup,230.984,75292832,0,0,false,tight
UC2,label,DB2,100000,17,precomp,0.000,0,0,0,false,tight
UC2,label,DB2,100000,17,encrypt,108.776,47213024,0,0,false,tight
UC2,label,DB2,100000,17,eval,596.563,20085240,0,0,false,tight
UC2,label,DB2,100000,17,decrypt,3.632,2893640,1048576,1,false,tight
UC2,std,DB2,100000,18,setup,226.084,60063232,0,0,false,tight
UC2,std,DB2,100000,18,precomp,0.000,0,0,0,false,tight
UC2,std,DB2,100000,18,encrypt,89.095,26251688,0,0,false,tight
UC2,std,DB2,100000,18,eval,487.161,85118952,0,0,false,tight
UC2,std,DB2,100000,18,decrypt,4.495,-1177520,2097152,1,true,tight
UC2,std_modsw,DB2,100000,18,setup,227.312,70304344,0,0,false,tight
UC2,std_modsw,DB2,100000,18,precomp,0.000,0,0,0,false,tight
UC2,std_modsw,DB2,100000,18,encrypt,89.834,26251688,0,0,false,tight
UC2,std_modsw,DB2,100000,18,eval,486.030,84065368,0,0,false,tight
UC2,std_modsw,DB2,100000,18,decrypt,5.616,25982152,1048576,1,true,tight
UC2,label,DB2,100000,18,setup,231.332,60062512,0,0,false,tight
UC2,label,DB2,100000,18,precomp,0.000,0,0,0,false,tight
UC2,label,DB2,100000,18,encrypt,110.444,46985120,0,0,false,tight
UC2,label,DB2,100000,18,eval,608.774,81573216,0,0,false,tight
UC2,label,DB2,100000,18,decrypt,3.838,2893640,1048576,1,false,tight
UC2,std,DB2,100000,19,setup,225.638,65318960,0,0,false,tight
UC2,std,DB2,100000,19,precomp,0.001,0,0,0,false,tight
UC2,std,DB2,100000,19,encrypt,90.731,26251688,0,0,false,tight
UC2,std,DB2,100000,19,eval,486.570,86172488,0,0,false,tight
UC2,std,DB2,100000,19,decrypt,3.596,5910056,2097152,1,true,tight
UC2,std_modsw,DB2,100000,19,setup,225.504,54281120,0,0,false,tight
UC2,std_modsw,DB2,100000,19,precomp,0.000,0,0,0,false,tight
UC2,std_modsw,DB2,100000,19,encrypt,89.235,26251688,0,0,false,tight
UC2,std_modsw,DB2,100000,19,eval,485.066,84065368,0,0,false,tight
UC2,std_modsw,DB2,100000,19,decrypt,7.953,25982016,1048576,1,true,tight
UC2,label,DB2,100000,19,setup,233.605,70572048,0,0,false,tight
UC2,label,DB2,100000,19,precomp,0.000,0,0,0,false,tight
UC2,label,DB2,100000,19,encrypt,111.659,50931352,0,0,false,tight
UC2,label,DB2,100000,19,eval,601.414,80746120,0,0,false,tight
UC2,label,DB2,100000,19,decrypt,3.429,2893640,1048576,1,false,tight
UC2,std,DB2,100000,20,setup,228.586,70571936,0,0,false,tight
UC2,std,DB2,100000,20,precomp,0.000,0,0,0,false,tight
UC2,std,DB2,100000,20,encrypt,90.702,26251688,0,0,false,tight
UC2,std,DB2,100000,20,eval,484.606,84065368,0,0,false,tight
UC2,std,DB2,100000,20,decrypt,6.504,-1177328,2097152,1,true,tight
UC2,std_modsw,DB2,100000,20,setup,231.295,75292672,0,0,false,tight
UC2,std_modsw,DB2,100000,20,precomp,0.000,0,0,0,false,tight
UC2,std_modsw,DB2,100000,20,encrypt,88.284,26251688,0,0,false,tight
UC2,std_modsw,DB2,100000,20,eval,485.260,84065368,0,0,false,tight
UC2,std_modsw,DB2,100000,20,decrypt,6.393,25996808,1048576,1,true,tight
UC2,label,DB2,100000,20,setup,230.099,68465776,0,0,false,tight
UC2,label,DB2,100000,20,precomp,0.000,0,0,0,false,tight
UC2,label,DB2,100000,20,encrypt,109.533,47065568,0,0,false,tight
UC2,label,DB2,100000,20,eval,594.471,40465592,0,0,false,tight
UC2,label,DB2,100000,20,decrypt,3.139,2893640,1048576,1,false,tight
UC2,std,DB3,1000000,1,setup,233.592,80545424,0,0,false,tight
UC2,std,DB3,1000000,1,precomp,0.000,0,0,0,false,tight
UC2,std,DB3,1000000,1,encrypt,779.796,137270272,0,0,false,tight
UC2,std,DB3,1000000,1,eval,4192.709,136908216,0,0,false,tight
UC2,std,DB3,1000000,1,decrypt,3.614,5910056,2097152,1,true,tight
UC2,std_modsw,DB3,1000000,1,setup,217.365,54678736,0,0,false,tight
UC2,std_modsw,DB3,1000000,1,precomp,0.001,0,0,0,false,tight
UC2,std_modsw,DB3,1000000,1,encrypt,781.970,137270272,0,0,false,tight
UC2,std_modsw,DB3,1000000,1,eval,4251.720,136908168,0,0,false,tight
UC2,std_modsw,DB3,1000000,1,decrypt,5.554,25996824,1048576,1,true,tight
UC2,label,DB3,1000000,1,setup,223.369,70304088,0,0,false,tight
UC2,label,DB3,1000000,1,precomp,0.000,0,0,0,false,tight
UC2,label,DB3,1000000,1,encrypt,968.076,201209944,0,0,false,tight
UC2,label,DB3,1000000,1,eval,5011.590,14729672,0,0,false,tight
UC2,label,DB3,1000000,1,decrypt,3.003,9719616,1048576,1,false,tight
UC2,std,DB3,1000000,2,setup,222.482,80545216,0,0,false,tight
UC2,std,DB3,1000000,2,precomp,0.000,0,0,0,false,tight
UC2,std,DB3,1000000,2,encrypt,811.507,137270272,0,0,false,tight
UC2,std,DB3,1000000,2,eval,4347.269,136908168,0,0,false,tight
UC2,std,DB3,1000000,2,decrypt,3.690,5910056,2097152,1,true,tight
UC2,std_modsw,DB3,1000000,2,setup,225.105,60063280,0,0,false,tight
UC2,std_modsw,DB3,1000000,2,precomp,0.001,0,0,0,false,tight
UC2,std_modsw,DB3,1000000,2,encrypt,811.673,137270272,0,0,false,tight
UC2,std_modsw,DB3,1000000,2,eval,4356.680,136908392,0,0,false,tight
UC2,std_modsw,DB3,1000000,2,decrypt,6.562,25996824,1048576,1,true,tight
UC2,label,DB3,1000000,2,setup,224.409,70039488,0,0,false,tight
UC2,label,DB3,1000000,2,precomp,0.000,0,0,0,false,tight
UC2,label,DB3,1000000,2,encrypt,970.735,201209736,0,0,false,tight
UC2,label,DB3,1000000,2,eval,5015.817,218494128,0,0,false,tight
UC2,label,DB3,1000000,2,decrypt,2.703,9719616,1048576,1,false,tight
UC2,std,DB3,1000000,3,setup,225.753,70039968,0,0,false,tight
UC2,std,DB3,1000000,3,precomp,0.000,0,0,0,false,tight
UC2,std,DB3,1000000,3,encrypt,808.913,137270272,0,0,false,tight
UC2,std,DB3,1000000,3,eval,4338.818,136908216,0,0,false,tight
UC2,std,DB3,1000000,3,decrypt,4.279,5910056,2097152,1,true,tight
UC2,std_modsw,DB3,1000000,3,setup,221.721,64786992,0,0,false,tight
UC2,std_modsw,DB3,1000000,3,precomp,0.000,0,0,0,false,tight
UC2,std_modsw,DB3,1000000,3,encrypt,814.879,137270272,0,0,false,tight
UC2,std_modsw,DB3,1000000,3,eval,4275.457,136908216,0,0,false,tight
UC2,std_modsw,DB3,1000000,3,decrypt,5.738,25996936,1048576,1,true,tight
UC2,label,DB3,1000000,3,setup,220.687,54809648,0,0,false,tight
UC2,label,DB3,1000000,3,precomp,0.000,0,0,0,false,tight
UC2,label,DB3,1000000,3,encrypt,961.212,201209832,0,0,false,tight
UC2,label,DB3,1000000,3,eval,4861.161,115480792,0,0,false,tight
UC2,label,DB3,1000000,3,decrypt,3.045,9719616,1048576,1,false,tight
UC2,std,DB3,1000000,4,setup,215.708,75821312,0,0,false,tight
UC2,std,DB3,1000000,4,precomp,0.000,0,0,0,false,tight
UC2,std,DB3,1000000,4,encrypt,779.534,137270272,0,0,false,tight
UC2,std,DB3,1000000,4,eval,4219.330,136908216,0,0,false,tight
UC2,std,DB3,1000000,4,decrypt,3.714,5910056,2097152,1,true,tight
UC2,std_modsw,DB3,1000000,4,setup,224.358,60063376,0,0,false,tight
UC2,std_modsw,DB3,1000000,4,precomp,0.000,0,0,0,false,tight
UC2,std_modsw,DB3,1000000,4,encrypt,811.755,137270272,0,0,false,tight
UC2,std_modsw,DB3,1000000,4,eval,4212.841,136908216,0,0,false,tight
UC2,std_modsw,DB3,1000000,4,decrypt,5.578,25996824,1048576,1,true,tight
UC2,label,DB3,1000000,4,setup,220.941,54809648,0,0,false,tight
UC2,label,DB3,1000000,4,precomp,0.000,0,0,0,false,tight
UC2,label,DB3,1000000,4,encrypt,939.691,201209912,0,0,false,tight
UC2,label,DB3,1000000,4,eval,4877.282,53999072,0,0,false,tight
UC2,label,DB3,1000000,4,decrypt,3.103,9719616,1048576,1,false,tight
UC2,std,DB3,1000000,5,setup,218.410,75821712,0,0,false,tight
UC2,std,DB3,1000000,5,precomp,0.000,0,0,0,false,tight
UC2,std,DB3,1000000,5,encrypt,786.436,137270272,0,0,false,tight
UC2,std,DB3,1000000,5,eval,4188.765,136908168,0,0,false,tight
UC2,std,DB3,1000000,5,decrypt,3.577,5910056,2097152,1,true,tight
UC2,std_modsw,DB3,1000000,5,setup,214.720,54678624,0,0,false,tight
UC2,std_modsw,DB3,1000000,5,precomp,0.000,0,0,0,false,tight
UC2,std_modsw,DB3,1000000,5,encrypt,785.829,137270272,0,0,false,tight
UC2,std_modsw,DB3,1000000,5,eval,4192.387,136908216,0,0,false,tight
UC2,std_modsw,DB3,1000000,5,decrypt,5.438,25996824,1048576,1,true,tight
UC2,label,DB3,1000000,5,setup,215.748,64786832,0,0,false,tight
UC2,label,DB3,1000000,5,precomp,0.000,0,0,0,false,tight
UC2,label,DB3,1000000,5,encrypt,944.596,201209272,0,0,false,tight
UC2,label,DB3,1000000,5,eval,4859.435,74363344,0,0,false,tight
UC2,label,DB3,1000000,5,decrypt,2.800,9719616,1048576,1,false,tight
UC2,std,DB3,1000000,6,setup,217.237,54546104,0,0,false,tight
UC2,std,DB3,1000000,6,precomp,0.000,0,0,0,false,tight
UC2,std,DB3,1000000,6,encrypt,783.918,137270272,0,0,false,tight
UC2,std,DB3,1000000,6,eval,4193.264,136908392,0,0,false,tight
UC2,std,DB3,1000000,6,decrypt,3.606,5910056,2097152,1,true,tight
UC2,std_modsw,DB3,1000000,6,setup,220.652,54809648,0,0,false,tight
UC2,std_modsw,DB3,1000000,6,precomp,0.000,0,0,0,false,tight
UC2,std_modsw,DB3,1000000,6,encrypt,782.996,137270272,0,0,false,tight
UC2,std_modsw,DB3,1000000,6,eval,4204.742,136908168,0,0,false,tight
UC2,std_modsw,DB3,1000000,6,decrypt,5.496,25996824,1048576,1,true,tight
UC2,label,DB3,1000000,6,setup,214.229,64786832,0,0,false,tight
UC2,label,DB3,1000000,6,precomp,0.000,0,0,0,false,tight
UC2,label,DB3,1000000,6,encrypt,939.519,201209688,0,0,false,tight
UC2,label,DB3,1000000,6,eval,4845.075,74362352,0,0,false,tight
UC2,label,DB3,1000000,6,decrypt,2.603,9719616,1048576,1,false,tight
UC2,std,DB3,1000000,7,setup,216.465,59533760,0,0,false,tight
UC2,std,DB3,1000000,7,precomp,0.000,0,0,0,false,tight
UC2,std,DB3,1000000,7,encrypt,784.996,137270272,0,0,false,tight
UC2,std,DB3,1000000,7,eval,4196.194,136908168,0,0,false,tight
UC2,std,DB3,1000000,7,decrypt,3.598,5910056,2097152,1,true,tight
UC2,std_modsw,DB3,1000000,7,setup,218.254,60066096,0,0,false,tight
UC2,std_modsw,DB3,1000000,7,precomp,0.000,0,0,0,false,tight
UC2,std_modsw,DB3,1000000,7,encrypt,782.091,137270272,0,0,false,tight
UC2,std_modsw,DB3,1000000,7,eval,4203.590,136908168,0,0,false,tight
UC2,std_modsw,DB3,1000000,7,decrypt,6.371,25996824,1048576,1,true,tight
UC2,label,DB3,1000000,7,setup,218.780,54809648,0,0,false,tight
UC2,label,DB3,1000000,7,precomp,0.000,0,0,0,false,tight
UC2,label,DB3,1000000,7,encrypt,938.944,201209880,0,0,false,tight
UC2,label,DB3,1000000,7,eval,4866.151,218494336,0,0,false,tight
UC2,label,DB3,1000000,7,decrypt,2.607,9719616,1048576,1,false,tight
UC2,std,DB3,1000000,8,setup,216.246,80785856,0,0,false,tight
UC2,std,DB3,1000000,8,precomp,0.000,0,0,0,false,tight
UC2,std,DB3,1000000,8,encrypt,782.250,137270272,0,0,false,tight
UC2,std,DB3,1000000,8,eval,4189.265,136908216,0,0,false,tight
UC2,std,DB3,1000000,8,decrypt,3.717,5910056,2097152,1,true,tight
UC2,std_modsw,DB3,1000000,8,setup,212.826,54809632,0,0,false,tight
UC2,std_modsw,DB3,1000000,8,precomp,0.000,0,0,0,false,tight
UC2,std_modsw,DB3,1000000,8,encrypt,780.977,137270272,0,0,false,tight
UC2,std_modsw,DB3,1000000,8,eval,4202.730,136908264,0,0,false,tight
UC2,std_modsw,DB3,1000000,8,decrypt,5.550,25996824,1048576,1,true,tight
UC2,label,DB3,1000000,8,setup,225.388,75292720,0,0,false,tight
UC2,label,DB3,1000000,8,precomp,0.000,0,0,0,false,tight
UC2,label,DB3,1000000,8,encrypt,940.721,201210728,0,0,false,tight
UC2,label,DB3,1000000,8,eval,4865.419,53998640,0,0,false,tight
UC2,label,DB3,1000000,8,decrypt,2.605,9719616,1048576,1,false,tight
UC2,std,DB3,1000000,9,setup,219.613,80545440,0,0,false,tight
UC2,std,DB3,1000000,9,precomp,0.000,0,0,0,false,tight
UC2,std,DB3,1000000,9,encrypt,782.949,137270272,0,0,false,tight
UC2,std,DB3,1000000,9,eval,4197.185,136908216,0,0,false,tight
UC2,std,DB3,1000000,9,decrypt,4.801,5910056,2097152,1,true,tight
UC2,std_modsw,DB3,1000000,9,setup,214.379,60063280,0,0,false,tight
UC2,std_modsw,DB3,1000000,9,precomp,0.000,0,0,0,false,tight
UC2,std_modsw,DB3,1000000,9,encrypt,785.367,137270272,0,0,false,tight
UC2,std_modsw,DB3,1000000,9,eval,4190.543,136908168,0,0,false,tight
UC2,std_modsw,DB3,1000000,9,decrypt,5.762,25996936,1048576,1,true,tight
UC2,label,DB3,1000000,9,setup,216.830,60066096,0,0,false,tight
UC2,label,DB3,1000000,9,precomp,0.000,0,0,0,false,tight
UC2,label,DB3,1000000,9,encrypt,944.859,201209960,0,0,false,tight
UC2,label,DB3,1000000,9,eval,4855.389,54000240,0,0,false,tight
UC2,label,DB3,1000000,9,decrypt,2.533,9719616,1048576,1,false,tight
UC2,std,DB3,1000000,10,setup,220.311,80545440,0,0,false,tight
UC2,std,DB3,1000000,10,precomp,0.000,0,0,0,false,tight
UC2,std,DB3,1000000,10,encrypt,782.438,137270480,0,0,false,tight
UC2,std,DB3,1000000,10,eval,4201.323,136908168,0,0,false,tight
UC2,std,DB3,1000000,10,decrypt,3.597,5910056,2097152,1,true,tight
UC2,std_modsw,DB3,1000000,10,setup,216.043,60066208,0,0,false,tight
UC2,std_modsw,DB3,1000000,10,precomp,0.000,0,0,0,false,tight
UC2,std_modsw,DB3,1000000,10,encrypt,786.099,137270272,0,0,false,tight
UC2,std_modsw,DB3,1000000,10,eval,4202.075,136908392,0,0,false,tight
UC2,std_modsw,DB3,1000000,10,decrypt,5.582,25996824,1048576,1,true,tight
UC2,label,DB3,1000000,10,setup,223.448,80545328,0,0,false,tight
UC2,label,DB3,1000000,10,precomp,0.000,0,0,0,false,tight
UC2,label,DB3,1000000,10,encrypt,939.650,201210056,0,0,false,tight
UC2,label,DB3,1000000,10,eval,4859.226,115486728,0,0,false,tight
UC2,label,DB3,1000000,10,decrypt,2.598,9719616,1048576,1,false,tight
UC2,std,DB3,1000000,11,setup,216.609,65051848,0,0,false,tight
UC2,std,DB3,1000000,11,precomp,0.000,0,0,0,false,tight
UC2,std,DB3,1000000,11,encrypt,786.239,137270272,0,0,false,tight
UC2,std,DB3,1000000,11,eval,4188.726,136908216,0,0,false,tight
UC2,std,DB3,1000000,11,decrypt,3.826,5910056,2097152,1,true,tight
UC2,std_modsw,DB3,1000000,11,setup,216.317,54546264,0,0,false,tight
UC2,std_modsw,DB3,1000000,11,precomp,0.000,0,0,0,false,tight
UC2,std_modsw,DB3,1000000,11,encrypt,780.500,137270272,0,0,false,tight
UC2,std_modsw,DB3,1000000,11,eval,4189.863,136908216,0,0,false,tight
UC2,std_modsw,DB3,1000000,11,decrypt,5.507,25996824,1048576,1,true,tight
UC2,label,DB3,1000000,11,setup,219.980,54810256,0,0,false,tight
UC2,label,DB3,1000000,11,precomp,0.000,0,0,0,false,tight
UC2,label,DB3,1000000,11,encrypt,939.921,191909696,0,0,false,tight
UC2,label,DB3,1000000,11,eval,4850.736,197734120,0,0,false,tight
UC2,label,DB3,1000000,11,decrypt,2.516,9719616,1048576,1,false,tight
UC2,std,DB3,1000000,12,setup,216.503,60063328,0,0,false,tight
UC2,std,DB3,1000000,12,precomp,0.000,0,0,0,false,tight
UC2,std,DB3,1000000,12,encrypt,786.117,137270272,0,0,false,tight
UC2,std,DB3,1000000,12,eval,4201.472,136908392,0,0,false,tight
UC2,std,DB3,1000000,12,decrypt,4.091,5910056,2097152,1,true,tight
UC2,std_modsw,DB3,1000000,12,setup,214.595,63212800,0,0,false,tight
UC2,std_modsw,DB3,1000000,12,precomp,0.000,0,0,0,false,tight
UC2,std_modsw,DB3,1000000,12,encrypt,785.111,137270272,0,0,false,tight
UC2,std_modsw,DB3,1000000,12,eval,4195.634,136908216,0,0,false,tight
UC2,std_modsw,DB3,1000000,12,decrypt,6.231,25996936,1048576,1,true,tight
UC2,label,DB3,1000000,12,setup,217.512,75821216,0,0,false,tight
UC2,label,DB3,1000000,12,precomp,0.000,0,0,0,false,tight
UC2,label,DB3,1000000,12,encrypt,937.408,201209864,0,0,false,tight
UC2,label,DB3,1000000,12,eval,4868.305,95122520,0,0,false,tight
UC2,label,DB3,1000000,12,decrypt,2.561,9719616,1048576,1,false,tight
UC2,std,DB3,1000000,13,setup,218.510,54809760,0,0,false,tight
UC2,std,DB3,1000000,13,precomp,0.000,0,0,0,false,tight
UC2,std,DB3,1000000,13,encrypt,786.496,137270272,0,0,false,tight
UC2,std,DB3,1000000,13,eval,4191.675,136908392,0,0,false,tight
UC2,std,DB3,1000000,13,decrypt,3.620,5910056,2097152,1,true,tight
UC2,std_modsw,DB3,1000000,13,setup,215.861,60066208,0,0,false,tight
UC2,std_modsw,DB3,1000000,13,precomp,0.000,0,0,0,false,tight
UC2,std_modsw,DB3,1000000,13,encrypt,781.030,137270272,0,0,false,tight
UC2,std_modsw,DB3,1000000,13,eval,4189.773,136908168,0,0,false,tight
UC2,std_modsw,DB3,1000000,13,decrypt,6.967,25996824,1048576,1,true,tight
UC2,label,DB3,1000000,13,setup,221.146,60066096,0,0,false,tight
UC2,label,DB3,1000000,13,precomp,0.000,0,0,0,false,tight
UC2,label,DB3,1000000,13,encrypt,940.915,201209480,0,0,false,tight
UC2,label,DB3,1000000,13,eval,4875.429,33239608,0,0,false,tight
UC2,label,DB3,1000000,13,decrypt,2.782,9719616,1048576,1,false,tight
UC2,std,DB3,1000000,14,setup,212.268,59533760,0,0,false,tight
UC2,std,DB3,1000000,14,precomp,0.000,0,0,0,false,tight
UC2,std,DB3,1000000,14,encrypt,785.084,137270272,0,0,false,tight
UC2,std,DB3,1000000,14,eval,4202.063,136908168,0,0,false,tight
UC2,std,DB3,1000000,14,decrypt,3.608,5910056,2097152,1,true,tight
UC2,std_modsw,DB3,1000000,14,setup,215.776,54810160,0,0,false,tight
UC2,std_modsw,DB3,1000000,14,precomp,0.000,0,0,0,false,tight
UC2,std_modsw,DB3,1000000,14,encrypt,786.004,137270272,0,0,false,tight
UC2,std_modsw,DB3,1000000,14,eval,4201.803,136908216,0,0,false,tight
UC2,std_modsw,DB3,1000000,14,decrypt,6.830,25996824,1048576,1,true,tight
UC2,label,DB3,1000000,14,setup,214.649,60066096,0,0,false,tight
UC2,label,DB3,1000000,14,precomp,0.000,0,0,0,false,tight
UC2,label,DB3,1000000,14,encrypt,938.099,201210248,0,0,false,tight
UC2,label,DB3,1000000,14,eval,4858.376,177371160,0,0,false,tight
UC2,label,DB3,1000000,14,decrypt,2.577,9719616,1048576,1,false,tight
UC2,std,DB3,1000000,15,setup,222.666,54538808,0,0,false,tight
UC2,std,DB3,1000000,15,precomp,0.000,0,0,0,false,tight
UC2,std,DB3,1000000,15,encrypt,784.173,137270272,0,0,false,tight
UC2,std,DB3,1000000,15,eval,4199.284,136908392,0,0,false,tight
UC2,std,DB3,1000000,15,decrypt,4.639,5910056,2097152,1,true,tight
UC2,std_modsw,DB3,1000000,15,setup,219.076,54810048,0,0,false,tight
UC2,std_modsw,DB3,1000000,15,precomp,0.000,0,0,0,false,tight
UC2,std_modsw,DB3,1000000,15,encrypt,781.856,137270272,0,0,false,tight
UC2,std_modsw,DB3,1000000,15,eval,4191.508,136908168,0,0,false,tight
UC2,std_modsw,DB3,1000000,15,decrypt,5.979,25996824,1048576,1,true,tight
UC2,label,DB3,1000000,15,setup,213.716,70039968,0,0,false,tight
UC2,label,DB3,1000000,15,precomp,0.000,0,0,0,false,tight
UC2,label,DB3,1000000,15,encrypt,940.662,201210296,0,0,false,tight
UC2,label,DB3,1000000,15,eval,4865.284,218494112,0,0,false,tight
UC2,label,DB3,1000000,15,decrypt,3.191,9719616,1048576,1,false,tight
UC2,std,DB3,1000000,16,setup,217.931,59533760,0,0,false,tight
UC2,std,DB3,1000000,16,precomp,0.000,0,0,0,false,tight
UC2,std,DB3,1000000,16,encrypt,788.073,137270272,0,0,false,tight
UC2,std,DB3,1000000,16,eval,4198.785,136908168,0,0,false,tight
UC2,std,DB3,1000000,16,decrypt,4.335,5910056,2097152,1,true,tight
UC2,std_modsw,DB3,1000000,16,setup,215.994,54809760,0,0,false,tight
UC2,std_modsw,DB3,1000000,16,precomp,0.000,0,0,0,false,tight
UC2,std_modsw,DB3,1000000,16,encrypt,779.767,137270272,0,0,false,tight
UC2,std_modsw,DB3,1000000,16,eval,4196.123,136908168,0,0,false,tight
UC2,std_modsw,DB3,1000000,16,decrypt,5.479,25996824,1048576,1,true,tight
UC2,label,DB3,1000000,16,setup,216.192,65318960,0,0,false,tight
UC2,label,DB3,1000000,16,precomp,0.000,0,0,0,false,tight
UC2,label,DB3,1000000,16,encrypt,943.748,201209800,0,0,false,tight
UC2,label,DB3,1000000,16,eval,4869.839,54000128,0,0,false,tight
UC2,label,DB3,1000000,16,decrypt,2.524,9719616,1048576,1,false,tight
UC2,std,DB3,1000000,17,setup,220.077,54809648,0,0,false,tight
UC2,std,DB3,1000000,17,precomp,0.000,0,0,0,false,tight
UC2,std,DB3,1000000,17,encrypt,786.437,137270272,0,0,false,tight
UC2,std,DB3,1000000,17,eval,4193.937,136908168,0,0,false,tight
UC2,std,DB3,1000000,17,decrypt,3.656,5910056,2097152,1,true,tight
UC2,std_modsw,DB3,1000000,17,setup,214.577,54678368,0,0,false,tight
UC2,std_modsw,DB3,1000000,17,precomp,0.000,0,0,0,false,tight
UC2,std_modsw,DB3,1000000,17,encrypt,779.795,137270272,0,0,false,tight
UC2,std_modsw,DB3,1000000,17,eval,4187.249,136908168,0,0,false,tight
UC2,std_modsw,DB3,1000000,17,decrypt,6.310,25996936,1048576,1,true,tight
UC2,label,DB3,1000000,17,setup,224.347,54809632,0,0,false,tight
UC2,label,DB3,1000000,17,precomp,0.000,0,0,0,false,tight
UC2,label,DB3,1000000,17,encrypt,941.986,191904096,0,0,false,tight
UC2,label,DB3,1000000,17,eval,4870.228,156611024,0,0,false,tight
UC2,label,DB3,1000000,17,decrypt,2.666,9719616,1048576,1,false,tight
UC2,std,DB3,1000000,18,setup,216.947,59534240,0,0,false,tight
UC2,std,DB3,1000000,18,precomp,0.000,0,0,0,false,tight
UC2,std,DB3,1000000,18,encrypt,782.265,137270272,0,0,false,tight
UC2,std,DB3,1000000,18,eval,4201.389,136908216,0,0,false,tight
UC2,std,DB3,1000000,18,decrypt,4.541,5910056,2097152,1,true,tight
UC2,std_modsw,DB3,1000000,18,setup,215.773,60066096,0,0,false,tight
UC2,std_modsw,DB3,1000000,18,precomp,0.000,0,0,0,false,tight
UC2,std_modsw,DB3,1000000,18,encrypt,782.017,137270272,0,0,false,tight
UC2,std_modsw,DB3,1000000,18,eval,4198.676,136908168,0,0,false,tight
UC2,std_modsw,DB3,1000000,18,decrypt,5.583,25996824,1048576,1,true,tight
UC2,label,DB3,1000000,18,setup,215.531,54809648,0,0,false,tight
UC2,label,DB3,1000000,18,precomp,0.000,0,0,0,false,tight
UC2,label,DB3,1000000,18,encrypt,938.618,201209672,0,0,false,tight
UC2,label,DB3,1000000,18,eval,4854.598,33239048,0,0,false,tight
UC2,label,DB3,1000000,18,decrypt,2.530,9719616,1048576,1,false,tight
UC2,std,DB3,1000000,19,setup,216.363,80655360,0,0,false,tight
UC2,std,DB3,1000000,19,precomp,0.000,0,0,0,false,tight
UC2,std,DB3,1000000,19,encrypt,785.703,137270272,0,0,false,tight
UC2,std,DB3,1000000,19,eval,4197.474,136908264,0,0,false,tight
UC2,std,DB3,1000000,19,decrypt,3.605,5910056,2097152,1,true,tight
UC2,std_modsw,DB3,1000000,19,setup,221.512,70304584,0,0,false,tight
UC2,std_modsw,DB3,1000000,19,precomp,0.000,0,0,0,false,tight
UC2,std_modsw,DB3,1000000,19,encrypt,783.984,137270272,0,0,false,tight
UC2,std_modsw,DB3,1000000,19,eval,4194.618,136908168,0,0,false,tight
UC2,std_modsw,DB3,1000000,19,decrypt,6.105,25996824,1048576,1,true,tight
UC2,label,DB3,1000000,19,setup,214.983,70040080,0,0,false,tight
UC2,label,DB3,1000000,19,precomp,0.000,0,0,0,false,tight
UC2,label,DB3,1000000,19,encrypt,937.674,191903888,0,0,false,tight
UC2,label,DB3,1000000,19,eval,4855.633,53998784,0,0,false,tight
UC2,label,DB3,1000000,19,decrypt,2.542,9719616,1048576,1,false,tight
UC2,std,DB3,1000000,20,setup,216.434,80545536,0,0,false,tight
UC2,std,DB3,1000000,20,precomp,0.000,0,0,0,false,tight
UC2,std,DB3,1000000,20,encrypt,780.133,137270272,0,0,false,tight
UC2,std,DB3,1000000,20,eval,4191.345,136908216,0,0,false,tight
UC2,std,DB3,1000000,20,decrypt,3.581,5910056,2097152,1,true,tight
UC2,std_modsw,DB3,1000000,20,setup,218.363,54809552,0,0,false,tight
UC2,std_modsw,DB3,1000000,20,precomp,0.000,0,0,0,false,tight
UC2,std_modsw,DB3,1000000,20,encrypt,783.485,137270272,0,0,false,tight
UC2,std_modsw,DB3,1000000,20,eval,4187.863,136908280,0,0,false,tight
UC2,std_modsw,DB3,1000000,20,decrypt,5.467,25996824,1048576,1,true,tight
UC2,label,DB3,1000000,20,setup,214.404,70039856,0,0,false,tight
UC2,label,DB3,1000000,20,precomp,0.000,0,0,0,false,tight
UC2,label,DB3,1000000,20,encrypt,942.893,201209720,0,0,false,tight
UC2,label,DB3,1000000,20,eval,4850.673,33239528,0,0,false,tight
UC2,label,DB3,1000000,20,decrypt,2.519,9719616,1048576,1,false,tight
UC2,std,DB1,512,1,setup,81.284,26772896,0,0,false,min
UC2,std,DB1,512,1,precomp,0.000,0,0,0,false,min
UC2,std,DB1,512,1,encrypt,9.565,4245424,0,0,false,min
UC2,std,DB1,512,1,eval,37.151,13780136,0,0,false,min
UC2,std,DB1,512,1,decrypt,3.199,-654096,1048576,1,false,min
UC2,std_modsw,DB1,512,1,setup,85.034,28350168,0,0,false,min
UC2,std_modsw,DB1,512,1,precomp,0.001,0,0,0,false,min
UC2,std_modsw,DB1,512,1,encrypt,8.219,4245424,0,0,false,min
UC2,std_modsw,DB1,512,1,eval,40.829,14307672,0,0,false,min
UC2,std_modsw,DB1,512,1,decrypt,3.718,657872,1048576,1,false,min
UC2,label,DB1,512,1,setup,83.013,24668376,0,0,false,min
UC2,label,DB1,512,1,precomp,0.000,0,0,0,false,min
UC2,label,DB1,512,1,encrypt,11.173,8385088,0,0,false,min
UC2,label,DB1,512,1,eval,82.512,32666824,0,0,false,min
UC2,label,DB1,512,1,decrypt,3.491,2103944,1048576,1,false,min
UC2,std,DB1,512,2,setup,79.944,22300152,0,0,false,min
UC2,std,DB1,512,2,precomp,0.000,0,0,0,false,min
UC2,std,DB1,512,2,encrypt,9.592,4245424,0,0,false,min
UC2,std,DB1,512,2,eval,36.281,14307672,0,0,false,min
UC2,std,DB1,512,2,decrypt,2.954,-654096,1048576,1,false,min
UC2,std_modsw,DB1,512,2,setup,80.065,24671560,0,0,false,min
UC2,std_modsw,DB1,512,2,precomp,0.000,0,0,0,false,min
UC2,std_modsw,DB1,512,2,encrypt,9.590,4245424,0,0,false,min
UC2,std_modsw,DB1,512,2,eval,37.364,12725304,0,0,false,min
UC2,std_modsw,DB1,512,2,decrypt,3.959,-654176,1048576,1,false,min
UC2,label,DB1,512,2,setup,86.504,24671672,0,0,false,min
UC2,label,DB1,512,2,precomp,0.000,0,0,0,false,min
UC2,label,DB1,512,2,encrypt,10.873,8385280,0,0,false,min
UC2,label,DB1,512,2,eval,80.228,23756864,0,0,false,min
UC2,label,DB1,512,2,decrypt,3.968,2103944,1048576,1,false,min
UC2,std,DB1,512,3,setup,82.579,30454848,0,0,false,min
UC2,std,DB1,512,3,precomp,0.000,0,0,0,false,min
UC2,std,DB1,512,3,encrypt,8.871,4245424,0,0,false,min
UC2,std,DB1,512,3,eval,37.730,13252824,0,0,false,min
UC2,std,DB1,512,3,decrypt,3.537,-654096,1048576,1,false,min
UC2,std_modsw,DB1,512,3,setup,83.954,28862856,0,0,false,min
UC2,std_modsw,DB1,512,3,precomp,0.000,0,0,0,false,min
UC2,std_modsw,DB1,512,3,encrypt,8.759,4245424,0,0,false,min
UC2,std_modsw,DB1,512,3,eval,38.793,12725304,0,0,false,min
UC2,std_modsw,DB1,512,3,decrypt,2.992,-654176,1048576,1,false,min
UC2,label,DB1,512,3,setup,84.486,24671560,0,0,false,min
UC2,label,DB1,512,3,precomp,0.000,0,0,0,false,min
UC2,label,DB1,512,3,encrypt,10.352,8384976,0,0,false,min
UC2,label,DB1,512,3,eval,79.580,23761600,0,0,false,min
UC2,label,DB1,512,3,decrypt,3.757,2103944,1048576,1,false,min
UC2,std,DB1,512,4,setup,86.381,22168760,0,0,false,min
UC2,std,DB1,512,4,precomp,0.000,0,0,0,false,min
UC2,std,DB1,512,4,encrypt,8.300,4245424,0,0,false,min
UC2,std,DB1,512,4,eval,37.348,13780136,0,0,false,min
UC2,std,DB1,512,4,decrypt,2.356,-654224,1048576,1,false,min
UC2,std_modsw,DB1,512,4,setup,88.918,22300040,0,0,false,min
UC2,std_modsw,DB1,512,4,precomp,0.000,0,0,0,false,min
UC2,std_modsw,DB1,512,4,encrypt,8.282,4245424,0,0,false,min
UC2,std_modsw,DB1,512,4,eval,39.006,13780136,0,0,false,min
UC2,std_modsw,DB1,512,4,decrypt,2.277,3809336,1048576,1,false,min
UC2,label,DB1,512,4,setup,85.354,24671560,0,0,false,min
UC2,label,DB1,512,4,precomp,0.001,0,0,0,false,min
UC2,label,DB1,512,4,encrypt,9.867,8385136,0,0,false,min
UC2,label,DB1,512,4,eval,83.930,11942584,0,0,false,min
UC2,label,DB1,512,4,decrypt,3.767,2103944,1048576,1,false,min
UC2,std,DB1,512,5,setup,85.614,24668184,0,0,false,min
UC2,std,DB1,512,5,precomp,0.000,0,0,0,false,min
UC2,std,DB1,512,5,encrypt,9.848,4245424,0,0,false,min
UC2,std,DB1,512,5,eval,38.141,14835160,0,0,false,min
UC2,std,DB1,512,5,decrypt,2.975,-654112,1048576,1,false,min
UC2,std_modsw,DB1,512,5,setup,85.257,26509384,0,0,false,min
UC2,std_modsw,DB1,512,5,precomp,0.000,0,0,0,false,min
UC2,std_modsw,DB1,512,5,encrypt,8.200,4245424,0,0,false,min
UC2,std_modsw,DB1,512,5,eval,39.460,12725304,0,0,false,min
UC2,std_modsw,DB1,512,5,decrypt,3.980,-654176,1048576,1,false,min
UC2,label,DB1,512,5,setup,84.820,24671560,0,0,false,min
UC2,label,DB1,512,5,precomp,0.000,0,0,0,false,min
UC2,label,DB1,512,5,encrypt,12.781,8385072,0,0,false,min
UC2,label,DB1,512,5,eval,81.036,34628376,0,0,false,min
UC2,label,DB1,512,5,decrypt,3.290,2103944,1048576,1,false,min
UC2,std,DB1,512,6,setup,80.885,22563504,0,0,false,min
UC2,std,DB1,512,6,precomp,0.000,0,0,0,false,min
UC2,std,DB1,512,6,encrypt,8.872,4245424,0,0,false,min
UC2,std,DB1,512,6,eval,37.630,14307672,0,0,false,min
UC2,std,DB1,512,6,decrypt,2.995,-654096,1048576,1,false,min
UC2,std_modsw,DB1,512,6,setup,83.268,30454848,0,0,false,min
UC2,std_modsw,DB1,512,6,precomp,0.000,0,0,0,false,min
UC2,std_modsw,DB1,512,6,encrypt,8.920,4245424,0,0,false,min
UC2,std_modsw,DB1,512,6,eval,39.909,13780136,0,0,false,min
UC2,std_modsw,DB1,512,6,decrypt,2.952,657872,1048576,1,false,min
UC2,label,DB1,512,6,setup,80.973,26772864,0,0,false,min
UC2,label,DB1,512,6,precomp,0.000,0,0,0,false,min
UC2,label,DB1,512,6,encrypt,11.429,8385296,0,0,false,min
UC2,label,DB1,512,6,eval,81.941,11942584,0,0,false,min
UC2,label,DB1,512,6,decrypt,2.938,2103944,1048576,1,false,min
UC2,std,DB1,512,7,setup,82.133,24404704,0,0,false,min
UC2,std,DB1,512,7,precomp,0.000,0,0,0,false,min
UC2,std,DB1,512,7,encrypt,9.926,4245424,0,0,false,min
UC2,std,DB1,512,7,eval,37.214,14307672,0,0,false,min
UC2,std,DB1,512,7,decrypt,4.044,-654096,1048576,1,false,min
UC2,std_modsw,DB1,512,7,setup,84.731,20459032,0,0,false,min
UC2,std_modsw,DB1,512,7,precomp,0.000,0,0,0,false,min
UC2,std_modsw,DB1,512,7,encrypt,8.361,4245424,0,0,false,min
UC2,std_modsw,DB1,512,7,eval,36.774,13252648,0,0,false,min
UC2,std_modsw,DB1,512,7,decrypt,3.405,-654224,1048576,1,false,min
UC2,label,DB1,512,7,setup,79.717,30454848,0,0,false,min
UC2,label,DB1,512,7,precomp,0.000,0,0,0,false,min
UC2,label,DB1,512,7,encrypt,10.082,8384944,0,0,false,min
UC2,label,DB1,512,7,eval,79.263,11942040,0,0,false,min
UC2,label,DB1,512,7,decrypt,3.496,2103944,1048576,1,false,min
UC2,std,DB1,512,8,setup,82.696,26245488,0,0,false,min
UC2,std,DB1,512,8,precomp,0.001,0,0,0,false,min
UC2,std,DB1,512,8,encrypt,9.127,4245424,0,0,false,min
UC2,std,DB1,512,8,eval,37.654,13780136,0,0,false,min
UC2,std,DB1,512,8,decrypt,2.842,3284744,1048576,1,false,min
UC2,std_modsw,DB1,512,8,setup,80.546,22300376,0,0,false,min
UC2,std_modsw,DB1,512,8,precomp,0.000,0,0,0,false,min
UC2,std_modsw,DB1,512,8,encrypt,9.502,4245424,0,0,false,min
UC2,std_modsw,DB1,512,8,eval,37.635,13780136,0,0,false,min
UC2,std_modsw,DB1,512,8,decrypt,4.012,657984,1048576,1,false,min
UC2,label,DB1,512,8,setup,85.432,23615864,0,0,false,min
UC2,label,DB1,512,8,precomp,0.000,0,0,0,false,min
UC2,label,DB1,512,8,encrypt,12.465,8385360,0,0,false,min
UC2,label,DB1,512,8,eval,78.238,11942584,0,0,false,min
UC2,label,DB1,512,8,decrypt,3.080,2103944,1048576,1,false,min
UC2,std,DB1,512,9,setup,87.635,19931448,0,0,false,min
UC2,std,DB1,512,9,precomp,0.000,0,0,0,false,min
UC2,std,DB1,512,9,encrypt,7.881,4245424,0,0,false,min
UC2,std,DB1,512,9,eval,38.600,13780136,0,0,false,min
UC2,std,DB1,512,9,decrypt,4.048,-654096,1048576,1,false,min
UC2,std_modsw,DB1,512,9,setup,85.351,27825448,0,0,false,min
UC2,std_modsw,DB1,512,9,precomp,0.000,0,0,0,false,min
UC2,std_modsw,DB1,512,9,encrypt,8.437,4245424,0,0,false,min
UC2,std_modsw,DB1,512,9,eval,36.123,13780136,0,0,false,min
UC2,std_modsw,DB1,512,9,decrypt,3.121,657872,1048576,1,false,min
UC2,label,DB1,512,9,setup,85.205,28877544,0,0,false,min
UC2,label,DB1,512,9,precomp,0.000,0,0,0,false,min
UC2,label,DB1,512,9,encrypt,11.488,8385104,0,0,false,min
UC2,label,DB1,512,9,eval,82.095,23755648,0,0,false,min
UC2,label,DB1,512,9,decrypt,4.983,2103944,1048576,1,false,min
UC2,std,DB1,512,10,setup,80.272,28877736,0,0,false,min
UC2,std,DB1,512,10,precomp,0.000,0,0,0,false,min
UC2,std,DB1,512,10,encrypt,8.726,4245424,0,0,false,min
UC2,std,DB1,512,10,eval,38.904,14307672,0,0,false,min
UC2,std,DB1,512,10,decrypt,3.048,-654096,1048576,1,false,min
UC2,std_modsw,DB1,512,10,setup,82.313,28350168,0,0,false,min
UC2,std_modsw,DB1,512,10,precomp,0.000,0,0,0,false,min
UC2,std_modsw,DB1,512,10,encrypt,8.402,4245424,0,0,false,min
UC2,std_modsw,DB1,512,10,eval,40.988,14307672,0,0,false,min
UC2,std_modsw,DB1,512,10,decrypt,3.261,657888,1048576,1,false,min
UC2,label,DB1,512,10,setup,83.099,26776240,0,0,false,min
UC2,label,DB1,512,10,precomp,0.000,0,0,0,false,min
UC2,label,DB1,512,10,encrypt,11.080,8385232,0,0,false,min
UC2,label,DB1,512,10,eval,81.484,23761376,0,0,false,min
UC2,label,DB1,512,10,decrypt,3.964,2103944,1048576,1,false,min
UC2,std,DB1,512,11,setup,85.852,28877736,0,0,false,min
UC2,std,DB1,512,11,precomp,0.000,0,0,0,false,min
UC2,std,DB1,512,11,encrypt,9.098,4245424,0,0,false,min
UC2,std,DB1,512,11,eval,36.342,12725288,0,0,false,min
UC2,std,DB1,512,11,decrypt,3.148,3284744,1048576,1,false,min
UC2,std_modsw,DB1,512,11,setup,79.756,24671560,0,0,false,min
UC2,std_modsw,DB1,512,11,precomp,0.000,0,0,0,false,min
UC2,std_modsw,DB1,512,11,encrypt,7.994,4245424,0,0,false,min
UC2,std_modsw,DB1,512,11,eval,37.196,12725288,0,0,false,min
UC2,std_modsw,DB1,512,11,decrypt,2.260,3809336,1048576,1,false,min
UC2,label,DB1,512,11,setup,86.559,29648264,0,0,false,min
UC2,label,DB1,512,11,precomp,0.000,0,0,0,false,min
UC2,label,DB1,512,11,encrypt,10.532,8385280,0,0,false,min
UC2,label,DB1,512,11,eval,84.186,14445992,0,0,false,min
UC2,label,DB1,512,11,decrypt,4.446,2103944,1048576,1,false,min
UC2,std,DB1,512,12,setup,83.855,26776352,0,0,false,min
UC2,std,DB1,512,12,precomp,0.000,0,0,0,false,min
UC2,std,DB1,512,12,encrypt,9.470,4245424,0,0,false,min
UC2,std,DB1,512,12,eval,37.762,14307672,0,0,false,min
UC2,std,DB1,512,12,decrypt,3.162,-654096,1048576,1,false,min
UC2,std_modsw,DB1,512,12,setup,83.249,22566992,0,0,false,min
UC2,std_modsw,DB1,512,12,precomp,0.000,0,0,0,false,min
UC2,std_modsw,DB1,512,12,encrypt,8.490,4245424,0,0,false,min
UC2,std_modsw,DB1,512,12,eval,37.270,13252824,0,0,false,min
UC2,std_modsw,DB1,512,12,decrypt,3.162,-654224,1048576,1,false,min
UC2,label,DB1,512,12,setup,83.303,22036128,0,0,false,min
UC2,label,DB1,512,12,precomp,0.000,0,0,0,false,min
UC2,label,DB1,512,12,encrypt,11.249,8385152,0,0,false,min
UC2,label,DB1,512,12,eval,81.860,11941928,0,0,false,min
UC2,label,DB1,512,12,decrypt,3.216,2103944,1048576,1,false,min
UC2,std,DB1,512,13,setup,81.642,25720656,0,0,false,min
UC2,std,DB1,512,13,precomp,0.000,0,0,0,false,min
UC2,std,DB1,512,13,encrypt,9.723,4245424,0,0,false,min
UC2,std,DB1,512,13,eval,39.576,12725288,0,0,false,min
UC2,std,DB1,512,13,decrypt,2.965,3284744,1048576,1,false,min
UC2,std_modsw,DB1,512,13,setup,80.657,28350168,0,0,false,min
UC2,std_modsw,DB1,512,13,precomp,0.000,0,0,0,false,min
UC2,std_modsw,DB1,512,13,encrypt,8.795,4245424,0,0,false,min
UC2,std_modsw,DB1,512,13,eval,37.154,13252648,0,0,false,min
UC2,std_modsw,DB1,512,13,decrypt,3.870,657872,1048576,1,false,min
UC2,label,DB1,512,13,setup,80.111,28350280,0,0,false,min
UC2,label,DB1,512,13,precomp,0.000,0,0,0,false,min
UC2,label,DB1,512,13,encrypt,10.522,8384960,0,0,false,min
UC2,label,DB1,512,13,eval,84.142,11941928,0,0,false,min
UC2,label,DB1,512,13,decrypt,3.027,2103944,1048576,1,false,min
UC2,std,DB1,512,14,setup,86.986,20327752,0,0,false,min
UC2,std,DB1,512,14,precomp,0.000,0,0,0,false,min
UC2,std,DB1,512,14,encrypt,8.352,4245424,0,0,false,min
UC2,std,DB1,512,14,eval,37.861,14835160,0,0,false,min
UC2,std,DB1,512,14,decrypt,2.479,-654096,1048576,1,false,min
UC2,std_modsw,DB1,512,14,setup,84.292,26773168,0,0,false,min
UC2,std_modsw,DB1,512,14,precomp,0.000,0,0,0,false,min
UC2,std_modsw,DB1,512,14,encrypt,8.616,4245424,0,0,false,min
UC2,std_modsw,DB1,512,14,eval,37.865,13780136,0,0,false,min
UC2,std_modsw,DB1,512,14,decrypt,3.170,657872,1048576,1,false,min
UC2,label,DB1,512,14,setup,84.022,26509400,0,0,false,min
UC2,label,DB1,512,14,precomp,0.000,0,0,0,false,min
UC2,label,DB1,512,14,encrypt,9.834,8385248,0,0,false,min
UC2,label,DB1,512,14,eval,84.079,23760720,0,0,false,min
UC2,label,DB1,512,14,decrypt,3.419,2103944,1048576,1,false,min
UC2,std,DB1,512,15,setup,85.885,24141688,0,0,false,min
UC2,std,DB1,512,15,precomp,0.000,0,0,0,false,min
UC2,std,DB1,512,15,encrypt,8.831,4245424,0,0,false,min
UC2,std,DB1,512,15,eval,37.211,13780136,0,0,false,min
UC2,std,DB1,512,15,decrypt,3.694,-654096,1048576,1,false,min
UC2,std_modsw,DB1,512,15,setup,85.787,26773184,0,0,false,min
UC2,std_modsw,DB1,512,15,precomp,0.000,0,0,0,false,min
UC2,std_modsw,DB1,512,15,encrypt,8.934,4245424,0,0,false,min
UC2,std_modsw,DB1,512,15,eval,37.192,13780136,0,0,false,min
UC2,std_modsw,DB1,512,15,decrypt,3.399,657872,1048576,1,false,min
UC2,label,DB1,512,15,setup,85.064,27825224,0,0,false,min
UC2,label,DB1,512,15,precomp,0.000,0,0,0,false,min
UC2,label,DB1,512,15,encrypt,10.745,8385216,0,0,false,min
UC2,label,DB1,512,15,eval,77.964,23760832,0,0,false,min
UC2,label,DB1,512,15,decrypt,4.028,2103944,1048576,1,false,min
UC2,std,DB1,512,16,setup,86.366,28614576,0,0,false,min
UC2,std,DB1,512,16,precomp,0.000,0,0,0,false,min
UC2,std,DB1,512,16,encrypt,9.186,4245424,0,0,false,min
UC2,std,DB1,512,16,eval,37.366,13780312,0,0,false,min
UC2,std,DB1,512,16,decrypt,3.794,-654096,1048576,1,false,min
UC2,std_modsw,DB1,512,16,setup,81.771,28870584,0,0,false,min
UC2,std_modsw,DB1,512,16,precomp,0.000,0,0,0,false,min
UC2,std_modsw,DB1,512,16,encrypt,8.021,4245424,0,0,false,min
UC2,std_modsw,DB1,512,16,eval,36.103,14307672,0,0,false,min
UC2,std_modsw,DB1,512,16,decrypt,2.922,657872,1048576,1,false,min
UC2,label,DB1,512,16,setup,83.782,27825336,0,0,false,min
UC2,label,DB1,512,16,precomp,0.000,0,0,0,false,min
UC2,label,DB1,512,16,encrypt,11.007,8385104,0,0,false,min
UC2,label,DB1,512,16,eval,81.413,11942040,0,0,false,min
UC2,label,DB1,512,16,decrypt,3.959,2103944,1048576,1,false,min
UC2,std,DB1,512,17,setup,86.384,24405216,0,0,false,min
UC2,std,DB1,512,17,precomp,0.000,0,0,0,false,min
UC2,std,DB1,512,17,encrypt,9.182,4245424,0,0,false,min
UC2,std,DB1,512,17,eval,39.594,12725288,0,0,false,min
UC2,std,DB1,512,17,decrypt,2.959,3284744,1048576,1,false,min
UC2,std_modsw,DB1,512,17,setup,80.916,26245488,0,0,false,min
UC2,std_modsw,DB1,512,17,precomp,0.000,0,0,0,false,min
UC2,std_modsw,DB1,512,17,encrypt,9.538,4245424,0,0,false,min
UC2,std_modsw,DB1,512,17,eval,38.493,13252648,0,0,false,min
UC2,std_modsw,DB1,512,17,decrypt,2.873,-653328,1048576,1,false,min
UC2,label,DB1,512,17,setup,86.090,28350392,0,0,false,min
UC2,label,DB1,512,17,precomp,0.000,0,0,0,false,min
UC2,label,DB1,512,17,encrypt,9.881,8385120,0,0,false,min
UC2,label,DB1,512,17,eval,78.197,23751696,0,0,false,min
UC2,label,DB1,512,17,decrypt,4.829,2103944,1048576,1,false,min
UC2,std,DB1,512,18,setup,80.975,22036128,0,0,false,min
UC2,std,DB1,512,18,precomp,0.001,0,0,0,false,min
UC2,std,DB1,512,18,encrypt,10.287,4245424,0,0,false,min
UC2,std,DB1,512,18,eval,38.835,13780136,0,0,false,min
UC2,std,DB1,512,18,decrypt,3.283,-654096,1048576,1,false,min
UC2,std_modsw,DB1,512,18,setup,81.663,23615976,0,0,false,min
UC2,std_modsw,DB1,512,18,precomp,0.000,0,0,0,false,min
UC2,std_modsw,DB1,512,18,encrypt,9.073,4245424,0,0,false,min
UC2,std_modsw,DB1,512,18,eval,37.617,14307672,0,0,false,min
UC2,std_modsw,DB1,512,18,decrypt,4.092,657872,1048576,1,false,min
UC2,label,DB1,512,18,setup,86.810,20462200,0,0,false,min
UC2,label,DB1,512,18,precomp,0.000,0,0,0,false,min
UC2,label,DB1,512,18,encrypt,10.921,8385248,0,0,false,min
UC2,label,DB1,512,18,eval,78.911,11942776,0,0,false,min
UC2,label,DB1,512,18,decrypt,2.560,2103944,1048576,1,false,min
UC2,std,DB1,512,19,setup,83.741,26776240,0,0,false,min
UC2,std,DB1,512,19,precomp,0.000,0,0,0,false,min
UC2,std,DB1,512,19,encrypt,8.586,4245424,0,0,false,min
UC2,std,DB1,512,19,eval,40.562,12725304,0,0,false,min
UC2,std,DB1,512,19,decrypt,2.937,3284744,1048576,1,false,min
UC2,std_modsw,DB1,512,19,setup,81.389,22036128,0,0,false,min
UC2,std_modsw,DB1,512,19,precomp,0.000,0,0,0,false,min
UC2,std_modsw,DB1,512,19,encrypt,8.416,4245424,0,0,false,min
UC2,std_modsw,DB1,512,19,eval,37.380,12725288,0,0,false,min
UC2,std_modsw,DB1,512,19,decrypt,2.788,-654096,1048576,1,false,min
UC2,label,DB1,512,19,setup,83.521,26772864,0,0,false,min
UC2,label,DB1,512,19,precomp,0.000,0,0,0,false,min
UC2,label,DB1,512,19,encrypt,10.483,8385184,0,0,false,min
UC2,label,DB1,512,19,eval,84.169,21137752,0,0,false,min
UC2,label,DB1,512,19,decrypt,3.514,2103944,1048576,1,false,min
UC2,std,DB1,512,20,setup,80.950,28614080,0,0,false,min
UC2,std,DB1,512,20,precomp,0.000,0,0,0,false,min
UC2,std,DB1,512,20,encrypt,8.049,4245424,0,0,false,min
UC2,std,DB1,512,20,eval,39.449,13780136,0,0,false,min
UC2,std,DB1,512,20,decrypt,3.718,-654208,1048576,1,false,min
UC2,std_modsw,DB1,512,20,setup,88.540,20462200,0,0,false,min
UC2,std_modsw,DB1,512,20,precomp,0.000,0,0,0,false,min
UC2,std_modsw,DB1,512,20,encrypt,9.816,4245424,0,0,false,min
UC2,std_modsw,DB1,512,20,eval,39.285,13252648,0,0,false,min
UC2,std_modsw,DB1,512,20,decrypt,4.020,657872,1048576,1,false,min
UC2,label,DB1,512,20,setup,82.687,30454848,0,0,false,min
UC2,label,DB1,512,20,precomp,0.000,0,0,0,false,min
UC2,label,DB1,512,20,encrypt,10.261,8385056,0,0,false,min
UC2,label,DB1,512,20,eval,83.422,23760944,0,0,false,min
UC2,label,DB1,512,20,decrypt,3.919,2103944,1048576,1,false,min
UC2,std,DB2,100000,1,setup,84.294,28350168,0,0,false,min
UC2,std,DB2,100000,1,precomp,0.000,0,0,0,false,min
UC2,std,DB2,100000,1,encrypt,56.158,13913392,0,0,false,min
UC2,std,DB2,100000,1,eval,239.715,12463064,0,0,false,min
UC2,std,DB2,100000,1,decrypt,3.682,3284744,1048576,1,false,min
UC2,std_modsw,DB2,100000,1,setup,81.145,27825224,0,0,false,min
UC2,std_modsw,DB2,100000,1,precomp,0.000,0,0,0,false,min
UC2,std_modsw,DB2,100000,1,encrypt,56.077,13913392,0,0,false,min
UC2,std_modsw,DB2,100000,1,eval,240.112,13518088,0,0,false,min
UC2,std_modsw,DB2,100000,1,decrypt,3.481,-654176,1048576,1,false,min
UC2,label,DB2,100000,1,setup,80.110,20459032,0,0,false,min
UC2,label,DB2,100000,1,precomp,0.001,0,0,0,false,min
UC2,label,DB2,100000,1,encrypt,74.902,19333240,0,0,false,min
UC2,label,DB2,100000,1,eval,503.652,11155896,0,0,false,min
UC2,label,DB2,100000,1,decrypt,2.533,2103496,1048576,1,false,min
UC2,std,DB2,100000,2,setup,85.124,28877736,0,0,false,min
UC2,std,DB2,100000,2,precomp,0.001,0,0,0,false,min
UC2,std,DB2,100000,2,encrypt,58.105,13913392,0,0,false,min
UC2,std,DB2,100000,2,eval,240.221,12463240,0,0,false,min
UC2,std,DB2,100000,2,decrypt,2.462,3284744,1048576,1,false,min
UC2,std_modsw,DB2,100000,2,setup,78.560,20462200,0,0,false,min
UC2,std_modsw,DB2,100000,2,precomp,0.000,0,0,0,false,min
UC2,std_modsw,DB2,100000,2,encrypt,57.553,13913392,0,0,false,min
UC2,std_modsw,DB2,100000,2,eval,240.059,49389208,0,0,false,min
UC2,std_modsw,DB2,100000,2,decrypt,2.265,3809336,1048576,1,false,min
UC2,label,DB2,100000,2,setup,77.695,24404720,0,0,false,min
UC2,label,DB2,100000,2,precomp,0.000,0,0,0,false,min
UC2,label,DB2,100000,2,encrypt,76.081,19546120,0,0,false,min
UC2,label,DB2,100000,2,eval,510.460,34393072,0,0,false,min
UC2,label,DB2,100000,2,decrypt,3.263,1315024,1048576,1,false,min
UC2,std,DB2,100000,3,setup,84.085,25720544,0,0,false,min
UC2,std,DB2,100000,3,precomp,0.000,0,0,0,false,min
UC2,std,DB2,100000,3,encrypt,55.720,13913392,0,0,false,min
UC2,std,DB2,100000,3,eval,240.339,49916696,0,0,false,min
UC2,std,DB2,100000,3,decrypt,2.542,3284744,1048576,1,false,min
UC2,std_modsw,DB2,100000,3,setup,79.568,28877848,0,0,false,min
UC2,std_modsw,DB2,100000,3,precomp,0.000,0,0,0,false,min
UC2,std_modsw,DB2,100000,3,encrypt,57.160,13913392,0,0,false,min
UC2,std_modsw,DB2,100000,3,eval,239.805,49916696,0,0,false,min
UC2,std_modsw,DB2,100000,3,decrypt,3.608,-654176,1048576,1,false,min
UC2,label,DB2,100000,3,setup,80.393,26773072,0,0,false,min
UC2,label,DB2,100000,3,precomp,0.000,0,0,0,false,min
UC2,label,DB2,100000,3,encrypt,72.786,19298024,0,0,false,min
UC2,label,DB2,100000,3,eval,514.260,11156552,0,0,false,min
UC2,label,DB2,100000,3,decrypt,3.633,1314656,1048576,1,false,min
UC2,std,DB2,100000,4,setup,82.033,28482800,0,0,false,min
UC2,std,DB2,100000,4,precomp,0.000,0,0,0,false,min
UC2,std,DB2,100000,4,encrypt,58.795,13913392,0,0,false,min
UC2,std,DB2,100000,4,eval,244.667,14573128,0,0,false,min
UC2,std,DB2,100000,4,decrypt,2.237,3284744,1048576,1,false,min
UC2,std_modsw,DB2,100000,4,setup,81.418,20064080,0,0,false,min
UC2,std_modsw,DB2,100000,4,precomp,0.000,0,0,0,false,min
UC2,std_modsw,DB2,100000,4,encrypt,58.478,13913392,0,0,false,min
UC2,std_modsw,DB2,100000,4,eval,241.839,14573128,0,0,false,min
UC2,std_modsw,DB2,100000,4,decrypt,2.480,-654112,1048576,1,false,min
UC2,label,DB2,100000,4,setup,83.871,28877960,0,0,false,min
UC2,label,DB2,100000,4,precomp,0.000,0,0,0,false,min
UC2,label,DB2,100000,4,encrypt,76.169,19297960,0,0,false,min
UC2,label,DB2,100000,4,eval,514.295,22310392,0,0,false,min
UC2,label,DB2,100000,4,decrypt,3.861,1315024,1048576,1,false,min
UC2,std,DB2,100000,5,setup,81.499,26245488,0,0,false,min
UC2,std,DB2,100000,5,precomp,0.000,0,0,0,false,min
UC2,std,DB2,100000,5,encrypt,57.838,13913392,0,0,false,min
UC2,std,DB2,100000,5,eval,242.293,49916696,0,0,false,min
UC2,std,DB2,100000,5,decrypt,3.394,3284744,1048576,1,false,min
UC2,std_modsw,DB2,100000,5,setup,82.387,28877848,0,0,false,min
UC2,std_modsw,DB2,100000,5,precomp,0.000,0,0,0,false,min
UC2,std_modsw,DB2,100000,5,encrypt,57.218,13913392,0,0,false,min
UC2,std_modsw,DB2,100000,5,eval,239.775,49389208,0,0,false,min
UC2,std_modsw,DB2,100000,5,decrypt,2.557,3809336,1048576,1,false,min
UC2,label,DB2,100000,5,setup,84.055,28878136,0,0,false,min
UC2,label,DB2,100000,5,precomp,0.000,0,0,0,false,min
UC2,label,DB2,100000,5,encrypt,78.736,22173128,0,0,false,min
UC2,label,DB2,100000,5,eval,520.200,34392960,0,0,false,min
UC2,label,DB2,100000,5,decrypt,3.319,1577216,1048576,1,false,min
UC2,std,DB2,100000,6,setup,83.383,24404720,0,0,false,min
UC2,std,DB2,100000,6,precomp,0.000,0,0,0,false,min
UC2,std,DB2,100000,6,encrypt,57.203,13913392,0,0,false,min
UC2,std,DB2,100000,6,eval,239.602,50444232,0,0,false,min
UC2,std,DB2,100000,6,decrypt,2.240,3284744,1048576,1,false,min
UC2,std_modsw,DB2,100000,6,setup,84.879,28877848,0,0,false,min
UC2,std_modsw,DB2,100000,6,precomp,0.000,0,0,0,false,min
UC2,std_modsw,DB2,100000,6,encrypt,55.997,13913392,0,0,false,min
UC2,std_modsw,DB2,100000,6,eval,239.282,12463064,0,0,false,min
UC2,std_modsw,DB2,100000,6,decrypt,2.464,3809336,1048576,1,false,min
UC2,label,DB2,100000,6,setup,81.073,20462200,0,0,false,min
UC2,label,DB2,100000,6,precomp,0.000,0,0,0,false,min
UC2,label,DB2,100000,6,encrypt,74.085,19297816,0,0,false,min
UC2,label,DB2,100000,6,eval,507.721,22579128,0,0,false,min
UC2,label,DB2,100000,6,decrypt,3.213,2103496,1048576,1,false,min
UC2,std,DB2,100000,7,setup,82.937,29930016,0,0,false,min
UC2,std,DB2,100000,7,precomp,0.000,0,0,0,false,min
UC2,std,DB2,100000,7,encrypt,55.964,13913392,0,0,false,min
UC2,std,DB2,100000,7,eval,237.988,49389384,0,0,false,min
UC2,std,DB2,100000,7,decrypt,2.452,3284744,1048576,1,false,min
UC2,std_modsw,DB2,100000,7,setup,80.184,20195584,0,0,false,min
UC2,std_modsw,DB2,100000,7,precomp,0.000,0,0,0,false,min
UC2,std_modsw,DB2,100000,7,encrypt,56.144,13913392,0,0,false,min
UC2,std_modsw,DB2,100000,7,eval,242.998,12990584,0,0,false,min
UC2,std_modsw,DB2,100000,7,decrypt,3.189,3809336,1048576,1,false,min
UC2,label,DB2,100000,7,setup,83.307,28877960,0,0,false,min
UC2,label,DB2,100000,7,precomp,0.000,0,0,0,false,min
UC2,label,DB2,100000,7,encrypt,75.972,19735608,0,0,false,min
UC2,label,DB2,100000,7,eval,512.663,11156328,0,0,false,min
UC2,label,DB2,100000,7,decrypt,3.335,1315024,1048576,1,false,min
UC2,std,DB2,100000,8,setup,88.843,28878232,0,0,false,min
UC2,std,DB2,100000,8,precomp,0.000,0,0,0,false,min
UC2,std,DB2,100000,8,encrypt,55.718,13913392,0,0,false,min
UC2,std,DB2,100000,8,eval,240.544,12463240,0,0,false,min
UC2,std,DB2,100000,8,decrypt,2.758,3284744,1048576,1,false,min
UC2,std_modsw,DB2,100000,8,setup,86.160,20064080,0,0,false,min
UC2,std_modsw,DB2,100000,8,precomp,0.000,0,0,0,false,min
UC2,std_modsw,DB2,100000,8,encrypt,57.057,13913392,0,0,false,min
UC2,std_modsw,DB2,100000,8,eval,242.741,14573128,0,0,false,min
UC2,std_modsw,DB2,100000,8,decrypt,2.926,-654096,1048576,1,false,min
UC2,label,DB2,100000,8,setup,87.745,28482912,0,0,false,min
UC2,label,DB2,100000,8,precomp,0.000,0,0,0,false,min
UC2,label,DB2,100000,8,encrypt,75.796,19733784,0,0,false,min
UC2,label,DB2,100000,8,eval,509.536,22578248,0,0,false,min
UC2,label,DB2,100000,8,decrypt,3.288,2103496,1048576,1,false,min
UC2,std,DB2,100000,9,setup,80.650,26766400,0,0,false,min
UC2,std,DB2,100000,9,precomp,0.000,0,0,0,false,min
UC2,std,DB2,100000,9,encrypt,60.062,13913392,0,0,false,min
UC2,std,DB2,100000,9,eval,247.793,49916696,0,0,false,min
UC2,std,DB2,100000,9,decrypt,2.574,3284744,1048576,1,false,min
UC2,std_modsw,DB2,100000,9,setup,79.041,28878232,0,0,false,min
UC2,std_modsw,DB2,100000,9,precomp,0.000,0,0,0,false,min
UC2,std_modsw,DB2,100000,9,encrypt,55.719,13913392,0,0,false,min
UC2,std_modsw,DB2,100000,9,eval,240.552,49389208,0,0,false,min
UC2,std_modsw,DB2,100000,9,decrypt,3.128,-654096,1048576,1,false,min
UC2,label,DB2,100000,9,setup,82.805,20195152,0,0,false,min
UC2,label,DB2,100000,9,precomp,0.000,0,0,0,false,min
UC2,label,DB2,100000,9,encrypt,76.836,19770344,0,0,false,min
UC2,label,DB2,100000,9,eval,521.393,22574312,0,0,false,min
UC2,label,DB2,100000,9,decrypt,3.363,2103496,1048576,1,false,min
UC2,std,DB2,100000,10,setup,83.221,24404624,0,0,false,min
UC2,std,DB2,100000,10,precomp,0.000,0,0,0,false,min
UC2,std,DB2,100000,10,encrypt,57.406,13913392,0,0,false,min
UC2,std,DB2,100000,10,eval,239.999,50444232,0,0,false,min
UC2,std,DB2,100000,10,decrypt,2.239,3284744,1048576,1,false,min
UC2,std_modsw,DB2,100000,10,setup,83.730,28877736,0,0,false,min
UC2,std_modsw,DB2,100000,10,precomp,0.000,0,0,0,false,min
UC2,std_modsw,DB2,100000,10,encrypt,56.153,13913392,0,0,false,min
UC2,std_modsw,DB2,100000,10,eval,240.936,13518088,0,0,false,min
UC2,std_modsw,DB2,100000,10,decrypt,2.997,3809336,1048576,1,false,min
UC2,label,DB2,100000,10,setup,82.447,20462312,0,0,false,min
UC2,label,DB2,100000,10,precomp,0.000,0,0,0,false,min
UC2,label,DB2,100000,10,encrypt,74.035,19297992,0,0,false,min
UC2,label,DB2,100000,10,eval,520.115,11156728,0,0,false,min
UC2,label,DB2,100000,10,decrypt,3.554,1577216,1048576,1,false,min
UC2,std,DB2,100000,11,setup,86.963,27825224,0,0,false,min
UC2,std,DB2,100000,11,precomp,0.000,0,0,0,false,min
UC2,std,DB2,100000,11,encrypt,56.838,13913392,0,0,false,min
UC2,std,DB2,100000,11,eval,240.595,50444232,0,0,false,min
UC2,std,DB2,100000,11,decrypt,2.241,3284744,1048576,1,false,min
UC2,std_modsw,DB2,100000,11,setup,85.532,28877848,0,0,false,min
UC2,std_modsw,DB2,100000,11,precomp,0.000,0,0,0,false,min
UC2,std_modsw,DB2,100000,11,encrypt,60.482,13913392,0,0,false,min
UC2,std_modsw,DB2,100000,11,eval,244.791,13518088,0,0,false,min
UC2,std_modsw,DB2,100000,11,decrypt,2.601,-654096,1048576,1,false,min
UC2,label,DB2,100000,11,setup,83.104,26509400,0,0,false,min
UC2,label,DB2,100000,11,precomp,0.000,0,0,0,false,min
UC2,label,DB2,100000,11,encrypt,74.990,19297800,0,0,false,min
UC2,label,DB2,100000,11,eval,514.875,45819856,0,0,false,min
UC2,label,DB2,100000,11,decrypt,3.079,1315024,1048576,1,false,min
UC2,std,DB2,100000,12,setup,81.830,28881032,0,0,false,min
UC2,std,DB2,100000,12,precomp,0.000,0,0,0,false,min
UC2,std,DB2,100000,12,encrypt,57.558,13913392,0,0,false,min
UC2,std,DB2,100000,12,eval,241.811,49916696,0,0,false,min
UC2,std,DB2,100000,12,decrypt,3.118,3284744,1048576,1,false,min
UC2,std_modsw,DB2,100000,12,setup,80.894,24668184,0,0,false,min
UC2,std_modsw,DB2,100000,12,precomp,0.000,0,0,0,false,min
UC2,std_modsw,DB2,100000,12,encrypt,57.035,13913392,0,0,false,min
UC2,std_modsw,DB2,100000,12,eval,241.571,12463080,0,0,false,min
UC2,std_modsw,DB2,100000,12,decrypt,3.109,-654080,1048576,1,false,min
UC2,label,DB2,100000,12,setup,88.775,26509784,0,0,false,min
UC2,label,DB2,100000,12,precomp,0.000,0,0,0,false,min
UC2,label,DB2,100000,12,encrypt,74.282,19298216,0,0,false,min
UC2,label,DB2,100000,12,eval,519.031,11155368,0,0,false,min
UC2,label,DB2,100000,12,decrypt,3.564,2103608,1048576,1,false,min
UC2,std,DB2,100000,13,setup,83.627,26776240,0,0,false,min
UC2,std,DB2,100000,13,precomp,0.000,0,0,0,false,min
UC2,std,DB2,100000,13,encrypt,56.410,13913392,0,0,false,min
UC2,std,DB2,100000,13,eval,241.669,49916696,0,0,false,min
UC2,std,DB2,100000,13,decrypt,2.607,3284744,1048576,1,false,min
UC2,std_modsw,DB2,100000,13,setup,84.223,29929904,0,0,false,min
UC2,std_modsw,DB2,100000,13,precomp,0.000,0,0,0,false,min
UC2,std_modsw,DB2,100000,13,encrypt,55.958,13913392,0,0,false,min
UC2,std_modsw,DB2,100000,13,eval,239.964,49916648,0,0,false,min
UC2,std_modsw,DB2,100000,13,decrypt,3.257,-654096,1048576,1,false,min
UC2,label,DB2,100000,13,setup,78.981,20462424,0,0,false,min
UC2,label,DB2,100000,13,precomp,0.000,0,0,0,false,min
UC2,label,DB2,100000,13,encrypt,75.440,19297848,0,0,false,min
UC2,label,DB2,100000,13,eval,510.920,22579016,0,0,false,min
UC2,label,DB2,100000,13,decrypt,2.560,1315024,1048576,1,false,min
UC2,std,DB2,100000,14,setup,80.075,28350280,0,0,false,min
UC2,std,DB2,100000,14,precomp,0.000,0,0,0,false,min
UC2,std,DB2,100000,14,encrypt,56.877,13913392,0,0,false,min
UC2,std,DB2,100000,14,eval,241.419,49389208,0,0,false,min
UC2,std,DB2,100000,14,decrypt,2.607,3284744,1048576,1,false,min
UC2,std_modsw,DB2,100000,14,setup,84.878,29779336,0,0,false,min
UC2,std_modsw,DB2,100000,14,precomp,0.000,0,0,0,false,min
UC2,std_modsw,DB2,100000,14,encrypt,56.356,13913392,0,0,false,min
UC2,std_modsw,DB2,100000,14,eval,240.390,49389384,0,0,false,min
UC2,std_modsw,DB2,100000,14,decrypt,2.270,3809336,1048576,1,false,min
UC2,label,DB2,100000,14,setup,82.635,20064192,0,0,false,min
UC2,label,DB2,100000,14,precomp,0.000,0,0,0,false,min
UC2,label,DB2,100000,14,encrypt,75.307,22174088,0,0,false,min
UC2,label,DB2,100000,14,eval,509.826,45819616,0,0,false,min
UC2,label,DB2,100000,14,decrypt,3.559,1315024,1048576,1,false,min
UC2,std,DB2,100000,15,setup,81.798,28881032,0,0,false,min
UC2,std,DB2,100000,15,precomp,0.000,0,0,0,false,min
UC2,std,DB2,100000,15,encrypt,56.303,13913392,0,0,false,min
UC2,std,DB2,100000,15,eval,240.256,49916696,0,0,false,min
UC2,std,DB2,100000,15,decrypt,2.244,3284744,1048576,1,false,min
UC2,std_modsw,DB2,100000,15,setup,80.159,28877848,0,0,false,min
UC2,std_modsw,DB2,100000,15,precomp,0.000,0,0,0,false,min
UC2,std_modsw,DB2,100000,15,encrypt,56.930,13913392,0,0,false,min
UC2,std_modsw,DB2,100000,15,eval,240.293,12463064,0,0,false,min
UC2,std_modsw,DB2,100000,15,decrypt,3.031,3809336,1048576,1,false,min
UC2,label,DB2,100000,15,setup,79.780,20462312,0,0,false,min
UC2,label,DB2,100000,15,precomp,0.000,0,0,0,false,min
UC2,label,DB2,100000,15,encrypt,73.691,19298024,0,0,false,min
UC2,label,DB2,100000,15,eval,530.820,22578360,0,0,false,min
UC2,label,DB2,100000,15,decrypt,3.996,1315024,1048576,1,false,min
UC2,std,DB2,100000,16,setup,82.893,20462312,0,0,false,min
UC2,std,DB2,100000,16,precomp,0.000,0,0,0,false,min
UC2,std,DB2,100000,16,encrypt,57.258,13913392,0,0,false,min
UC2,std,DB2,100000,16,eval,240.879,50444232,0,0,false,min
UC2,std,DB2,100000,16,decrypt,3.569,3284744,1048576,1,false,min
UC2,std_modsw,DB2,100000,16,setup,77.230,24404736,0,0,false,min
UC2,std_modsw,DB2,100000,16,precomp,0.000,0,0,0,false,min
UC2,std_modsw,DB2,100000,16,encrypt,57.188,13913392,0,0,false,min
UC2,std_modsw,DB2,100000,16,eval,243.718,12463080,0,0,false,min
UC2,std_modsw,DB2,100000,16,decrypt,3.538,-654096,1048576,1,false,min
UC2,label,DB2,100000,16,setup,82.071,24404496,0,0,false,min
UC2,label,DB2,100000,16,precomp,0.000,0,0,0,false,min
UC2,label,DB2,100000,16,encrypt,76.282,19297656,0,0,false,min
UC2,label,DB2,100000,16,eval,518.960,22578360,0,0,false,min
UC2,label,DB2,100000,16,decrypt,3.034,1577216,1048576,1,false,min
UC2,std,DB2,100000,17,setup,85.860,28614176,0,0,false,min
UC2,std,DB2,100000,17,precomp,0.000,0,0,0,false,min
UC2,std,DB2,100000,17,encrypt,56.924,13913392,0,0,false,min
UC2,std,DB2,100000,17,eval,240.716,49916888,0,0,false,min
UC2,std,DB2,100000,17,decrypt,2.947,3284744,1048576,1,false,min
UC2,std_modsw,DB2,100000,17,setup,85.540,20459528,0,0,false,min
UC2,std_modsw,DB2,100000,17,precomp,0.000,0,0,0,false,min
UC2,std_modsw,DB2,100000,17,encrypt,58.776,13913392,0,0,false,min
UC2,std_modsw,DB2,100000,17,eval,240.074,49389208,0,0,false,min
UC2,std_modsw,DB2,100000,17,decrypt,3.077,3809336,1048576,1,false,min
UC2,label,DB2,100000,17,setup,81.045,28878072,0,0,false,min
UC2,label,DB2,100000,17,precomp,0.000,0,0,0,false,min
UC2,label,DB2,100000,17,encrypt,73.382,19297928,0,0,false,min
UC2,label,DB2,100000,17,eval,509.910,11156392,0,0,false,min
UC2,label,DB2,100000,17,decrypt,2.867,1577216,1048576,1,false,min
UC2,std,DB2,100000,18,setup,78.522,26641792,0,0,false,min
UC2,std,DB2,100000,18,precomp,0.000,0,0,0,false,min
UC2,std,DB2,100000,18,encrypt,55.788,13913392,0,0,false,min
UC2,std,DB2,100000,18,eval,241.358,12463080,0,0,false,min
UC2,std,DB2,100000,18,decrypt,2.823,3284744,1048576,1,false,min
UC2,std_modsw,DB2,100000,18,setup,83.608,21511184,0,0,false,min
UC2,std_modsw,DB2,100000,18,precomp,0.000,0,0,0,false,min
UC2,std_modsw,DB2,100000,18,encrypt,56.357,13913392,0,0,false,min
UC2,std_modsw,DB2,100000,18,eval,241.965,49389384,0,0,false,min
UC2,std_modsw,DB2,100000,18,decrypt,2.617,3809336,1048576,1,false,min
UC2,label,DB2,100000,18,setup,84.892,20462200,0,0,false,min
UC2,label,DB2,100000,18,precomp,0.000,0,0,0,false,min
UC2,label,DB2,100000,18,encrypt,75.179,19297880,0,0,false,min
UC2,label,DB2,100000,18,eval,517.168,22579128,0,0,false,min
UC2,label,DB2,100000,18,decrypt,4.076,1315024,1048576,1,false,min
UC2,std,DB2,100000,19,setup,81.490,24141032,0,0,false,min
UC2,std,DB2,100000,19,precomp,0.000,0,0,0,false,min
UC2,std,DB2,100000,19,encrypt,58.396,13913392,0,0,false,min
UC2,std,DB2,100000,19,eval,242.609,49916696,0,0,false,min
UC2,std,DB2,100000,19,decrypt,2.250,3284744,1048576,1,false,min
UC2,std_modsw,DB2,100000,19,setup,83.583,24404512,0,0,false,min
UC2,std_modsw,DB2,100000,19,precomp,0.000,0,0,0,false,min
UC2,std_modsw,DB2,100000,19,encrypt,56.093,13913392,0,0,false,min
UC2,std_modsw,DB2,100000,19,eval,240.018,12463080,0,0,false,min
UC2,std_modsw,DB2,100000,19,decrypt,3.436,-654096,1048576,1,false,min
UC2,label,DB2,100000,19,setup,84.860,27825336,0,0,false,min
UC2,label,DB2,100000,19,precomp,0.000,0,0,0,false,min
UC2,label,DB2,100000,19,encrypt,71.985,19456504,0,0,false,min
UC2,label,DB2,100000,19,eval,512.608,11156616,0,0,false,min
UC2,label,DB2,100000,19,decrypt,3.693,1577216,1048576,1,false,min
UC2,std,DB2,100000,20,setup,85.364,20459016,0,0,false,min
UC2,std,DB2,100000,20,precomp,0.000,0,0,0,false,min
UC2,std,DB2,100000,20,encrypt,57.045,13913392,0,0,false,min
UC2,std,DB2,100000,20,eval,244.803,49389208,0,0,false,min
UC2,std,DB2,100000,20,decrypt,2.779,3284744,1048576,1,false,min
UC2,std_modsw,DB2,100000,20,setup,81.049,28607008,0,0,false,min
UC2,std_modsw,DB2,100000,20,precomp,0.000,0,0,0,false,min
UC2,std_modsw,DB2,100000,20,encrypt,56.373,13913392,0,0,false,min
UC2,std_modsw,DB2,100000,20,eval,240.278,50444232,0,0,false,min
UC2,std_modsw,DB2,100000,20,decrypt,2.273,3809336,1048576,1,false,min
UC2,label,DB2,100000,20,setup,82.962,28877656,0,0,false,min
UC2,label,DB2,100000,20,precomp,0.000,0,0,0,false,min
UC2,label,DB2,100000,20,encrypt,74.315,22173288,0,0,false,min
UC2,label,DB2,100000,20,eval,505.382,30718096,0,0,false,min
UC2,label,DB2,100000,20,decrypt,3.217,1315136,1048576,1,false,min
UC2,std,DB3,1000000,1,setup,81.904,26641792,0,0,false,min
UC2,std,DB3,1000000,1,precomp,0.000,0,0,0,false,min
UC2,std,DB3,1000000,1,encrypt,494.345,89318152,0,0,false,min
UC2,std,DB3,1000000,1,eval,2043.258,76467336,0,0,false,min
UC2,std,DB3,1000000,1,decrypt,3.444,3284744,1048576,1,false,min
UC2,std_modsw,DB3,1000000,1,setup,75.536,30454848,0,0,false,min
UC2,std_modsw,DB3,1000000,1,precomp,0.000,0,0,0,false,min
UC2,std_modsw,DB3,1000000,1,encrypt,495.542,89036360,0,0,false,min
UC2,std_modsw,DB3,1000000,1,eval,2050.426,76467336,0,0,false,min
UC2,std_modsw,DB3,1000000,1,decrypt,2.268,3809336,1048576,1,false,min
UC2,label,DB3,1000000,1,setup,76.989,30719128,0,0,false,min
UC2,label,DB3,1000000,1,precomp,0.000,0,0,0,false,min
UC2,label,DB3,1000000,1,encrypt,631.196,112640504,0,0,false,min
UC2,label,DB3,1000000,1,eval,4042.236,38609792,0,0,false,min
UC2,label,DB3,1000000,1,decrypt,2.396,6308000,1048576,1,false,min
UC2,std,DB3,1000000,2,setup,82.902,28877752,0,0,false,min
UC2,std,DB3,1000000,2,precomp,0.000,0,0,0,false,min
UC2,std,DB3,1000000,2,encrypt,491.081,89880392,0,0,false,min
UC2,std,DB3,1000000,2,eval,2052.864,76467336,0,0,false,min
UC2,std,DB3,1000000,2,decrypt,3.104,3284744,1048576,1,false,min
UC2,std_modsw,DB3,1000000,2,setup,74.420,30587464,0,0,false,min
UC2,std_modsw,DB3,1000000,2,precomp,0.000,0,0,0,false,min
UC2,std_modsw,DB3,1000000,2,encrypt,494.255,89036360,0,0,false,min
UC2,std_modsw,DB3,1000000,2,eval,2048.355,76467544,0,0,false,min
UC2,std_modsw,DB3,1000000,2,decrypt,2.308,3809336,1048576,1,false,min
UC2,label,DB3,1000000,2,setup,74.617,29929904,0,0,false,min
UC2,label,DB3,1000000,2,precomp,0.000,0,0,0,false,min
UC2,label,DB3,1000000,2,encrypt,635.408,112640936,0,0,false,min
UC2,label,DB3,1000000,2,eval,4028.559,27181872,0,0,false,min
UC2,label,DB3,1000000,2,decrypt,2.618,6308000,1048576,1,false,min
UC2,std,DB3,1000000,3,setup,79.382,30587480,0,0,false,min
UC2,std,DB3,1000000,3,precomp,0.000,0,0,0,false,min
UC2,std,DB3,1000000,3,encrypt,492.650,89036360,0,0,false,min
UC2,std,DB3,1000000,3,eval,2048.591,75939832,0,0,false,min
UC2,std,DB3,1000000,3,decrypt,2.338,3284744,1048576,1,false,min
UC2,std_modsw,DB3,1000000,3,setup,76.275,30454960,0,0,false,min
UC2,std_modsw,DB3,1000000,3,precomp,0.000,0,0,0,false,min
UC2,std_modsw,DB3,1000000,3,encrypt,496.165,89036568,0,0,false,min
UC2,std_modsw,DB3,1000000,3,eval,2052.690,75939864,0,0,false,min
UC2,std_modsw,DB3,1000000,3,decrypt,2.945,3809336,1048576,1,false,min
UC2,label,DB3,1000000,3,setup,74.378,28880920,0,0,false,min
UC2,label,DB3,1000000,3,precomp,0.000,0,0,0,false,min
UC2,label,DB3,1000000,3,encrypt,636.070,112640504,0,0,false,min
UC2,label,DB3,1000000,3,eval,4045.301,110791064,0,0,false,min
UC2,label,DB3,1000000,3,decrypt,2.898,6308000,1048576,1,false,min
UC2,std,DB3,1000000,4,setup,77.569,26245488,0,0,false,min
UC2,std,DB3,1000000,4,precomp,0.000,0,0,0,false,min
UC2,std,DB3,1000000,4,encrypt,495.037,89036360,0,0,false,min
UC2,std,DB3,1000000,4,eval,2048.894,75940040,0,0,false,min
UC2,std,DB3,1000000,4,decrypt,3.334,3284744,1048576,1,false,min
UC2,std_modsw,DB3,1000000,4,setup,75.263,30587592,0,0,false,min
UC2,std_modsw,DB3,1000000,4,precomp,0.000,0,0,0,false,min
UC2,std_modsw,DB3,1000000,4,encrypt,494.463,89036360,0,0,false,min
UC2,std_modsw,DB3,1000000,4,eval,2044.670,75939864,0,0,false,min
UC2,std_modsw,DB3,1000000,4,decrypt,2.442,3809336,1048576,1,false,min
UC2,label,DB3,1000000,4,setup,75.140,30454848,0,0,false,min
UC2,label,DB3,1000000,4,precomp,0.000,0,0,0,false,min
UC2,label,DB3,1000000,4,encrypt,631.037,112640568,0,0,false,min
UC2,label,DB3,1000000,4,eval,4051.301,38609536,0,0,false,min
UC2,label,DB3,1000000,4,decrypt,2.606,6308000,1048576,1,false,min
UC2,std,DB3,1000000,5,setup,76.270,26378120,0,0,false,min
UC2,std,DB3,1000000,5,precomp,0.000,0,0,0,false,min
UC2,std,DB3,1000000,5,encrypt,495.189,89317472,0,0,false,min
UC2,std,DB3,1000000,5,eval,2054.301,75939928,0,0,false,min
UC2,std,DB3,1000000,5,decrypt,2.272,3284744,1048576,1,false,min
UC2,std_modsw,DB3,1000000,5,setup,74.762,30454848,0,0,false,min
UC2,std_modsw,DB3,1000000,5,precomp,0.000,0,0,0,false,min
UC2,std_modsw,DB3,1000000,5,encrypt,496.281,89036360,0,0,false,min
UC2,std_modsw,DB3,1000000,5,eval,2046.316,75939864,0,0,false,min
UC2,std_modsw,DB3,1000000,5,decrypt,2.529,3809336,1048576,1,false,min
UC2,label,DB3,1000000,5,setup,74.396,30587464,0,0,false,min
UC2,label,DB3,1000000,5,precomp,0.000,0,0,0,false,min
UC2,label,DB3,1000000,5,encrypt,637.175,112640904,0,0,false,min
UC2,label,DB3,1000000,5,eval,4052.616,46749160,0,0,false,min
UC2,label,DB3,1000000,5,decrypt,2.530,6308000,1048576,1,false,min
UC2,std,DB3,1000000,6,setup,76.423,30851152,0,0,false,min
UC2,std,DB3,1000000,6,precomp,0.000,0,0,0,false,min
UC2,std,DB3,1000000,6,encrypt,495.889,89036360,0,0,false,min
UC2,std,DB3,1000000,6,eval,2048.562,75939832,0,0,false,min
UC2,std,DB3,1000000,6,decrypt,2.256,3284744,1048576,1,false,min
UC2,std_modsw,DB3,1000000,6,setup,78.683,30454848,0,0,false,min
UC2,std_modsw,DB3,1000000,6,precomp,0.001,0,0,0,false,min
UC2,std_modsw,DB3,1000000,6,encrypt,495.001,89036568,0,0,false,min
UC2,std_modsw,DB3,1000000,6,eval,2046.592,75940040,0,0,false,min
UC2,std_modsw,DB3,1000000,6,decrypt,2.334,3809336,1048576,1,false,min
UC2,label,DB3,1000000,6,setup,75.537,30587480,0,0,false,min
UC2,label,DB3,1000000,6,precomp,0.000,0,0,0,false,min
UC2,label,DB3,1000000,6,encrypt,632.411,112640808,0,0,false,min
UC2,label,DB3,1000000,6,eval,4026.252,96911304,0,0,false,min
UC2,label,DB3,1000000,6,decrypt,2.424,6308000,1048576,1,false,min
UC2,std,DB3,1000000,7,setup,76.882,28877656,0,0,false,min
UC2,std,DB3,1000000,7,precomp,0.000,0,0,0,false,min
UC2,std,DB3,1000000,7,encrypt,495.015,89880392,0,0,false,min
UC2,std,DB3,1000000,7,eval,2049.988,75939832,0,0,false,min
UC2,std,DB3,1000000,7,decrypt,2.707,3284744,1048576,1,false,min
UC2,std_modsw,DB3,1000000,7,setup,76.659,30587464,0,0,false,min
UC2,std_modsw,DB3,1000000,7,precomp,0.000,0,0,0,false,min
UC2,std_modsw,DB3,1000000,7,encrypt,497.802,89036360,0,0,false,min
UC2,std_modsw,DB3,1000000,7,eval,2047.083,75939928,0,0,false,min
UC2,std_modsw,DB3,1000000,7,decrypt,3.200,3809336,1048576,1,false,min
UC2,label,DB3,1000000,7,setup,76.744,30587592,0,0,false,min
UC2,label,DB3,1000000,7,precomp,0.000,0,0,0,false,min
UC2,label,DB3,1000000,7,encrypt,632.360,112641448,0,0,false,min
UC2,label,DB3,1000000,7,eval,4042.960,85085232,0,0,false,min
UC2,label,DB3,1000000,7,decrypt,2.401,6308000,1048576,1,false,min
UC2,std,DB3,1000000,8,setup,79.254,28877976,0,0,false,min
UC2,std,DB3,1000000,8,precomp,0.000,0,0,0,false,min
UC2,std,DB3,1000000,8,encrypt,491.109,89879712,0,0,false,min
UC2,std,DB3,1000000,8,eval,2044.178,75939928,0,0,false,min
UC2,std,DB3,1000000,8,decrypt,2.255,3284744,1048576,1,false,min
UC2,std_modsw,DB3,1000000,8,setup,73.061,30454960,0,0,false,min
UC2,std_modsw,DB3,1000000,8,precomp,0.000,0,0,0,false,min
UC2,std_modsw,DB3,1000000,8,encrypt,495.735,89036360,0,0,false,min
UC2,std_modsw,DB3,1000000,8,eval,2045.004,75939864,0,0,false,min
UC2,std_modsw,DB3,1000000,8,decrypt,2.397,3809336,1048576,1,false,min
UC2,label,DB3,1000000,8,setup,76.168,30587592,0,0,false,min
UC2,label,DB3,1000000,8,precomp,0.000,0,0,0,false,min
UC2,label,DB3,1000000,8,encrypt,631.440,112641112,0,0,false,min
UC2,label,DB3,1000000,8,eval,4059.164,28767248,0,0,false,min
UC2,label,DB3,1000000,8,decrypt,2.605,6308000,1048576,1,false,min
UC2,std,DB3,1000000,9,setup,75.193,26245600,0,0,false,min
UC2,std,DB3,1000000,9,precomp,0.000,0,0,0,false,min
UC2,std,DB3,1000000,9,encrypt,498.917,89036568,0,0,false,min
UC2,std,DB3,1000000,9,eval,2047.301,75940056,0,0,false,min
UC2,std,DB3,1000000,9,decrypt,2.900,3284744,1048576,1,false,min
UC2,std_modsw,DB3,1000000,9,setup,75.504,30587480,0,0,false,min
UC2,std_modsw,DB3,1000000,9,precomp,0.000,0,0,0,false,min
UC2,std_modsw,DB3,1000000,9,encrypt,492.277,89036360,0,0,false,min
UC2,std_modsw,DB3,1000000,9,eval,2046.631,75940040,0,0,false,min
UC2,std_modsw,DB3,1000000,9,decrypt,2.280,3809336,1048576,1,false,min
UC2,label,DB3,1000000,9,setup,73.690,28881032,0,0,false,min
UC2,label,DB3,1000000,9,precomp,0.000,0,0,0,false,min
UC2,label,DB3,1000000,9,encrypt,631.779,112641000,0,0,false,min
UC2,label,DB3,1000000,9,eval,4035.693,50422744,0,0,false,min
UC2,label,DB3,1000000,9,decrypt,2.407,6308000,1048576,1,false,min
UC2,std,DB3,1000000,10,setup,76.895,33087496,0,0,false,min
UC2,std,DB3,1000000,10,precomp,0.000,0,0,0,false,min
UC2,std,DB3,1000000,10,encrypt,491.321,89036360,0,0,false,min
UC2,std,DB3,1000000,10,eval,2052.914,75939928,0,0,false,min
UC2,std,DB3,1000000,10,decrypt,2.777,3284744,1048576,1,false,min
UC2,std_modsw,DB3,1000000,10,setup,75.323,30454848,0,0,false,min
UC2,std_modsw,DB3,1000000,10,precomp,0.000,0,0,0,false,min
UC2,std_modsw,DB3,1000000,10,encrypt,495.670,89036568,0,0,false,min
UC2,std_modsw,DB3,1000000,10,eval,2046.103,75940040,0,0,false,min
UC2,std_modsw,DB3,1000000,10,decrypt,2.341,3809336,1048576,1,false,min
UC2,label,DB3,1000000,10,setup,76.459,30454848,0,0,false,min
UC2,label,DB3,1000000,10,precomp,0.000,0,0,0,false,min
UC2,label,DB3,1000000,10,encrypt,626.349,112640920,0,0,false,min
UC2,label,DB3,1000000,10,eval,4027.121,85092176,0,0,false,min
UC2,label,DB3,1000000,10,decrypt,3.620,6308000,1048576,1,false,min
UC2,std,DB3,1000000,11,setup,75.850,26776352,0,0,false,min
UC2,std,DB3,1000000,11,precomp,0.000,0,0,0,false,min
UC2,std,DB3,1000000,11,encrypt,493.866,89318152,0,0,false,min
UC2,std,DB3,1000000,11,eval,2046.793,75939928,0,0,false,min
UC2,std,DB3,1000000,11,decrypt,2.268,3284744,1048576,1,false,min
UC2,std_modsw,DB3,1000000,11,setup,75.432,30587480,0,0,false,min
UC2,std_modsw,DB3,1000000,11,precomp,0.000,0,0,0,false,min
UC2,std_modsw,DB3,1000000,11,encrypt,493.310,89036360,0,0,false,min
UC2,std_modsw,DB3,1000000,11,eval,2045.934,75939864,0,0,false,min
UC2,std_modsw,DB3,1000000,11,decrypt,2.361,3809336,1048576,1,false,min
UC2,label,DB3,1000000,11,setup,75.634,30587464,0,0,false,min
UC2,label,DB3,1000000,11,precomp,0.000,0,0,0,false,min
UC2,label,DB3,1000000,11,encrypt,629.614,112640264,0,0,false,min
UC2,label,DB3,1000000,11,eval,4043.574,96904904,0,0,false,min
UC2,label,DB3,1000000,11,decrypt,2.430,6308000,1048576,1,false,min
UC2,std,DB3,1000000,12,setup,78.048,26509192,0,0,false,min
UC2,std,DB3,1000000,12,precomp,0.000,0,0,0,false,min
UC2,std,DB3,1000000,12,encrypt,497.155,89879712,0,0,false,min
UC2,std,DB3,1000000,12,eval,2045.275,75940040,0,0,false,min
UC2,std,DB3,1000000,12,decrypt,2.285,3284744,1048576,1,false,min
UC2,std_modsw,DB3,1000000,12,setup,75.307,28880968,0,0,false,min
UC2,std_modsw,DB3,1000000,12,precomp,0.000,0,0,0,false,min
UC2,std_modsw,DB3,1000000,12,encrypt,493.913,89036568,0,0,false,min
UC2,std_modsw,DB3,1000000,12,eval,2051.537,75939864,0,0,false,min
UC2,std_modsw,DB3,1000000,12,decrypt,2.276,3809336,1048576,1,false,min
UC2,label,DB3,1000000,12,setup,76.700,30587480,0,0,false,min
UC2,label,DB3,1000000,12,precomp,0.000,0,0,0,false,min
UC2,label,DB3,1000000,12,encrypt,634.217,112640664,0,0,false,min
UC2,label,DB3,1000000,12,eval,4050.167,96911944,0,0,false,min
UC2,label,DB3,1000000,12,decrypt,2.734,6308000,1048576,1,false,min
UC2,std,DB3,1000000,13,setup,76.670,28746472,0,0,false,min
UC2,std,DB3,1000000,13,precomp,0.000,0,0,0,false,min
UC2,std,DB3,1000000,13,encrypt,494.471,90161504,0,0,false,min
UC2,std,DB3,1000000,13,eval,2046.204,75939928,0,0,false,min
UC2,std,DB3,1000000,13,decrypt,2.679,3284744,1048576,1,false,min
UC2,std_modsw,DB3,1000000,13,setup,75.695,28881032,0,0,false,min
UC2,std_modsw,DB3,1000000,13,precomp,0.000,0,0,0,false,min
UC2,std_modsw,DB3,1000000,13,encrypt,496.503,89036360,0,0,false,min
UC2,std_modsw,DB3,1000000,13,eval,2051.393,75939832,0,0,false,min
UC2,std_modsw,DB3,1000000,13,decrypt,2.427,3809336,1048576,1,false,min
UC2,label,DB3,1000000,13,setup,75.147,30587480,0,0,false,min
UC2,label,DB3,1000000,13,precomp,0.000,0,0,0,false,min
UC2,label,DB3,1000000,13,encrypt,630.383,112640872,0,0,false,min
UC2,label,DB3,1000000,13,eval,4023.727,120147264,0,0,false,min
UC2,label,DB3,1000000,13,decrypt,2.415,6308000,1048576,1,false,min
UC2,std,DB3,1000000,14,setup,73.499,30985600,0,0,false,min
UC2,std,DB3,1000000,14,precomp,0.000,0,0,0,false,min
UC2,std,DB3,1000000,14,encrypt,498.661,89317472,0,0,false,min
UC2,std,DB3,1000000,14,eval,2047.952,75939832,0,0,false,min
UC2,std,DB3,1000000,14,decrypt,2.329,3284744,1048576,1,false,min
UC2,std_modsw,DB3,1000000,14,setup,74.049,30587576,0,0,false,min
UC2,std_modsw,DB3,1000000,14,precomp,0.001,0,0,0,false,min
UC2,std_modsw,DB3,1000000,14,encrypt,495.124,89036568,0,0,false,min
UC2,std_modsw,DB3,1000000,14,eval,2045.275,75939928,0,0,false,min
UC2,std_modsw,DB3,1000000,14,decrypt,2.293,3809336,1048576,1,false,min
UC2,label,DB3,1000000,14,setup,75.111,30587464,0,0,false,min
UC2,label,DB3,1000000,14,precomp,0.000,0,0,0,false,min
UC2,label,DB3,1000000,14,encrypt,631.227,112641064,0,0,false,min
UC2,label,DB3,1000000,14,eval,4040.658,50428776,0,0,false,min
UC2,label,DB3,1000000,14,decrypt,2.602,6308000,1048576,1,false,min
UC2,std,DB3,1000000,15,setup,78.098,26776240,0,0,false,min
UC2,std,DB3,1000000,15,precomp,0.000,0,0,0,false,min
UC2,std,DB3,1000000,15,encrypt,494.314,89317472,0,0,false,min
UC2,std,DB3,1000000,15,eval,2051.156,75939832,0,0,false,min
UC2,std,DB3,1000000,15,decrypt,2.475,3284744,1048576,1,false,min
UC2,std_modsw,DB3,1000000,15,setup,75.908,30587480,0,0,false,min
UC2,std_modsw,DB3,1000000,15,precomp,0.000,0,0,0,false,min
UC2,std_modsw,DB3,1000000,15,encrypt,493.982,89036360,0,0,false,min
UC2,std_modsw,DB3,1000000,15,eval,2047.477,75939832,0,0,false,min
UC2,std_modsw,DB3,1000000,15,decrypt,2.291,3809336,1048576,1,false,min
UC2,label,DB3,1000000,15,setup,76.318,30454848,0,0,false,min
UC2,label,DB3,1000000,15,precomp,0.000,0,0,0,false,min
UC2,label,DB3,1000000,15,encrypt,633.545,112640808,0,0,false,min
UC2,label,DB3,1000000,15,eval,4048.320,38609648,0,0,false,min
UC2,label,DB3,1000000,15,decrypt,2.553,6308000,1048576,1,false,min
UC2,std,DB3,1000000,16,setup,80.430,28746472,0,0,false,min
UC2,std,DB3,1000000,16,precomp,0.000,0,0,0,false,min
UC2,std,DB3,1000000,16,encrypt,494.816,89037072,0,0,false,min
UC2,std,DB3,1000000,16,eval,2045.247,75939928,0,0,false,min
UC2,std,DB3,1000000,16,decrypt,2.527,3284744,1048576,1,false,min
UC2,std_modsw,DB3,1000000,16,setup,74.226,30454960,0,0,false,min
UC2,std_modsw,DB3,1000000,16,precomp,0.000,0,0,0,false,min
UC2,std_modsw,DB3,1000000,16,encrypt,497.720,89036360,0,0,false,min
UC2,std_modsw,DB3,1000000,16,eval,2045.298,75939832,0,0,false,min
UC2,std_modsw,DB3,1000000,16,decrypt,2.270,3809336,1048576,1,false,min
UC2,label,DB3,1000000,16,setup,74.697,28881032,0,0,false,min
UC2,label,DB3,1000000,16,precomp,0.000,0,0,0,false,min
UC2,label,DB3,1000000,16,encrypt,631.183,112640600,0,0,false,min
UC2,label,DB3,1000000,16,eval,4017.401,92902744,0,0,false,min
UC2,label,DB3,1000000,16,decrypt,2.346,6308000,1048576,1,false,min
UC2,std,DB3,1000000,17,setup,77.176,26509304,0,0,false,min
UC2,std,DB3,1000000,17,precomp,0.000,0,0,0,false,min
UC2,std,DB3,1000000,17,encrypt,497.797,89598600,0,0,false,min
UC2,std,DB3,1000000,17,eval,2049.472,75939864,0,0,false,min
UC2,std,DB3,1000000,17,decrypt,2.253,3284744,1048576,1,false,min
UC2,std_modsw,DB3,1000000,17,setup,75.500,30587480,0,0,false,min
UC2,std_modsw,DB3,1000000,17,precomp,0.000,0,0,0,false,min
UC2,std_modsw,DB3,1000000,17,encrypt,495.556,89036360,0,0,false,min
UC2,std_modsw,DB3,1000000,17,eval,2044.577,75939928,0,0,false,min
UC2,std_modsw,DB3,1000000,17,decrypt,2.303,3809336,1048576,1,false,min
UC2,label,DB3,1000000,17,setup,75.861,28881144,0,0,false,min
UC2,label,DB3,1000000,17,precomp,0.000,0,0,0,false,min
UC2,label,DB3,1000000,17,encrypt,633.459,112640616,0,0,false,min
UC2,label,DB3,1000000,17,eval,4080.276,101617176,0,0,false,min
UC2,label,DB3,1000000,17,decrypt,2.425,6308000,1048576,1,false,min
UC2,std,DB3,1000000,18,setup,76.246,28614176,0,0,false,min
UC2,std,DB3,1000000,18,precomp,0.000,0,0,0,false,min
UC2,std,DB3,1000000,18,encrypt,495.405,89599296,0,0,false,min
UC2,std,DB3,1000000,18,eval,2047.775,75939928,0,0,false,min
UC2,std,DB3,1000000,18,decrypt,2.581,3284744,1048576,1,false,min
UC2,std_modsw,DB3,1000000,18,setup,73.733,30587464,0,0,false,min
UC2,std_modsw,DB3,1000000,18,precomp,0.000,0,0,0,false,min
UC2,std_modsw,DB3,1000000,18,encrypt,495.826,89036360,0,0,false,min
UC2,std_modsw,DB3,1000000,18,eval,2047.397,75940040,0,0,false,min
UC2,std_modsw,DB3,1000000,18,decrypt,2.276,3809336,1048576,1,false,min
UC2,label,DB3,1000000,18,setup,75.219,30587464,0,0,false,min
UC2,label,DB3,1000000,18,precomp,0.000,0,0,0,false,min
UC2,label,DB3,1000000,18,encrypt,633.527,112640616,0,0,false,min
UC2,label,DB3,1000000,18,eval,4061.170,96916056,0,0,false,min
UC2,label,DB3,1000000,18,decrypt,2.708,6308000,1048576,1,false,min
UC2,std,DB3,1000000,19,setup,75.668,26773072,0,0,false,min
UC2,std,DB3,1000000,19,precomp,0.000,0,0,0,false,min
UC2,std,DB3,1000000,19,encrypt,493.115,89598808,0,0,false,min
UC2,std,DB3,1000000,19,eval,2041.986,75939928,0,0,false,min
UC2,std,DB3,1000000,19,decrypt,2.250,3284744,1048576,1,false,min
UC2,std_modsw,DB3,1000000,19,setup,77.486,30587592,0,0,false,min
UC2,std_modsw,DB3,1000000,19,precomp,0.000,0,0,0,false,min
UC2,std_modsw,DB3,1000000,19,encrypt,495.914,89036360,0,0,false,min
UC2,std_modsw,DB3,1000000,19,eval,2047.051,75939864,0,0,false,min
UC2,std_modsw,DB3,1000000,19,decrypt,2.753,3809336,1048576,1,false,min
UC2,label,DB3,1000000,19,setup,74.327,28880920,0,0,false,min
UC2,label,DB3,1000000,19,precomp,0.001,0,0,0,false,min
UC2,label,DB3,1000000,19,encrypt,637.300,112641016,0,0,false,min
UC2,label,DB3,1000000,19,eval,4059.014,27191696,0,0,false,min
UC2,label,DB3,1000000,19,decrypt,2.577,6308000,1048576,1,false,min
UC2,std,DB3,1000000,20,setup,73.427,28350280,0,0,false,min
UC2,std,DB3,1000000,20,precomp,0.000,0,0,0,false,min
UC2,std,DB3,1000000,20,encrypt,492.238,89036568,0,0,false,min
UC2,std,DB3,1000000,20,eval,2046.600,75939928,0,0,false,min
UC2,std,DB3,1000000,20,decrypt,2.270,3284744,1048576,1,false,min
UC2,std_modsw,DB3,1000000,20,setup,74.993,30454848,0,0,false,min
UC2,std_modsw,DB3,1000000,20,precomp,0.000,0,0,0,false,min
UC2,std_modsw,DB3,1000000,20,encrypt,497.316,89036568,0,0,false,min
UC2,std_modsw,DB3,1000000,20,eval,2051.949,75939816,0,0,false,min
UC2,std_modsw,DB3,1000000,20,decrypt,2.658,3809336,1048576,1,false,min
UC2,label,DB3,1000000,20,setup,75.569,29929904,0,0,false,min
UC2,label,DB3,1000000,20,precomp,0.000,0,0,0,false,min
UC2,label,DB3,1000000,20,encrypt,629.366,112640744,0,0,false,min
UC2,label,DB3,1000000,20,eval,4055.269,15368888,0,0,false,min
UC2,label,DB3,1000000,20,decrypt,2.396,6308000,1048576,1,false,min
