use_case,variant,db_label,n,run_id,phase,elapsed_ms,heap_b,comm_bytes,rounds,correct,param_profile
UC3,std,DB1,512,1,setup,241.559,70569632,0,0,false,full
UC3,std,DB1,512,1,precomp,0.000,0,0,0,false,full
UC3,std,DB1,512,1,encrypt,13.631,7139128,0,0,false,full
UC3,std,DB1,512,1,eval,271.858,53245160,0,0,false,full
UC3,std,DB1,512,1,decrypt,7.802,4860808,4194304,1,true,full
UC3,std_modsw,DB1,512,1,setup,237.938,54286776,0,0,false,full
UC3,std_modsw,DB1,512,1,precomp,0.000,0,0,0,false,full
UC3,std_modsw,DB1,512,1,encrypt,12.339,7139128,0,0,false,full
UC3,std_modsw,DB1,512,1,eval,275.905,52191448,0,0,false,full
UC3,std_modsw,DB1,512,1,decrypt,17.523,6047608,2097152,1,true,full
UC3,label,DB1,512,1,setup,234.058,68471352,0,0,false,full
UC3,label,DB1,512,1,precomp,0.001,0,0,0,false,full
UC3,label,DB1,512,1,encrypt,14.427,12598576,0,0,false,full
UC3,label,DB1,512,1,eval,336.632,62651320,0,0,false,full
UC3,label,DB1,512,1,decrypt,5.632,2238256,2097152,1,true,full
UC3,label_max,DB1,512,1,setup,227.685,54810000,0,0,false,full
UC3,label_max,DB1,512,1,precomp,0.000,0,0,0,false,full
UC3,label_max,DB1,512,1,encrypt,16.300,12598432,0,0,false,full
UC3,label_max,DB1,512,1,eval,475.227,45054240,0,0,false,full
UC3,label_max,DB1,512,1,decrypt,9.386,4862632,4194304,1,true,full
UC3,std,DB1,512,2,setup,232.352,70568464,0,0,false,full
UC3,std,DB1,512,2,precomp,0.000,0,0,0,false,full
UC3,std,DB1,512,2,encrypt,12.743,7139128,0,0,false,full
UC3,std,DB1,512,2,eval,269.910,52191448,0,0,false,full
UC3,std,DB1,512,2,decrypt,8.556,4860792,4194304,1,true,full
UC3,std_modsw,DB1,512,2,setup,232.245,70039584,0,0,false,full
UC3,std_modsw,DB1,512,2,precomp,0.000,0,0,0,false,full
UC3,std_modsw,DB1,512,2,encrypt,12.664,7139128,0,0,false,full
UC3,std_modsw,DB1,512,2,eval,274.028,52191448,0,0,false,full
UC3,std_modsw,DB1,512,2,decrypt,11.920,6047848,2097152,1,true,full
UC3,label,DB1,512,2,setup,239.042,68465776,0,0,false,full
UC3,label,DB1,512,2,precomp,0.000,0,0,0,false,full
UC3,label,DB1,512,2,encrypt,15.512,12598672,0,0,false,full
UC3,label,DB1,512,2,eval,347.364,62651304,0,0,false,full
UC3,label,DB1,512,2,decrypt,7.625,3813592,2097152,1,true,full
UC3,label_max,DB1,512,2,setup,235.401,57959920,0,0,false,full
UC3,label_max,DB1,512,2,precomp,0.001,0,0,0,false,full
UC3,label_max,DB1,512,2,encrypt,16.008,12598240,0,0,false,full
UC3,label_max,DB1,512,2,eval,472.075,23624928,0,0,false,full
UC3,label_max,DB1,512,2,decrypt,8.598,2762688,4194304,1,true,full
UC3,std,DB1,512,3,setup,230.869,70039600,0,0,false,full
UC3,std,DB1,512,3,precomp,0.000,0,0,0,false,full
UC3,std,DB1,512,3,encrypt,12.701,7139128,0,0,false,full
UC3,std,DB1,512,3,eval,270.771,54298744,0,0,false,full
UC3,std,DB1,512,3,decrypt,8.719,-2226368,4194304,1,true,full
UC3,std_modsw,DB1,512,3,setup,231.567,75821360,0,0,false,full
UC3,std_modsw,DB1,512,3,precomp,0.001,0,0,0,false,full
UC3,std_modsw,DB1,512,3,encrypt,13.488,7139128,0,0,false,full
UC3,std_modsw,DB1,512,3,eval,269.671,52191448,0,0,false,full
UC3,std_modsw,DB1,512,3,decrypt,13.221,6047592,2097152,1,true,full
UC3,label,DB1,512,3,setup,237.419,70304600,0,0,false,full
UC3,label,DB1,512,3,precomp,0.000,0,0,0,false,full
UC3,label,DB1,512,3,encrypt,15.478,12598496,0,0,false,full
UC3,label,DB1,512,3,eval,336.118,62651736,0,0,false,full
UC3,label,DB1,512,3,decrypt,6.315,2238144,2097152,1,true,full
UC3,label_max,DB1,512,3,setup,233.617,70039472,0,0,false,full
UC3,label_max,DB1,512,3,precomp,0.000,0,0,0,false,full
UC3,label_max,DB1,512,3,encrypt,14.411,12598368,0,0,false,full
UC3,label_max,DB1,512,3,eval,473.877,23624912,0,0,false,full
UC3,label_max,DB1,512,3,decrypt,10.175,2762464,4194304,1,true,full
UC3,std,DB1,512,4,setup,234.497,70571824,0,0,false,full
UC3,std,DB1,512,4,precomp,0.000,0,0,0,false,full
UC3,std,DB1,512,4,encrypt,12.804,7139128,0,0,false,full
UC3,std,DB1,512,4,eval,268.767,52191400,0,0,false,full
UC3,std,DB1,512,4,decrypt,8.096,4860792,4194304,1,true,full
UC3,std_modsw,DB1,512,4,setup,230.656,59534224,0,0,false,full
UC3,std_modsw,DB1,512,4,precomp,0.000,0,0,0,false,full
UC3,std_modsw,DB1,512,4,encrypt,13.752,7139128,0,0,false,full
UC3,std_modsw,DB1,512,4,eval,269.357,52191624,0,0,false,full
UC3,std_modsw,DB1,512,4,decrypt,12.834,6047368,2097152,1,true,full
UC3,label,DB1,512,4,setup,232.221,68465664,0,0,false,full
UC3,label,DB1,512,4,precomp,0.000,0,0,0,false,full
UC3,label,DB1,512,4,encrypt,14.746,12598432,0,0,false,full
UC3,label,DB1,512,4,eval,338.435,21528080,0,0,false,full
UC3,label,DB1,512,4,decrypt,6.146,920984,2097152,1,true,full
UC3,label_max,DB1,512,4,setup,233.112,70304552,0,0,false,full
UC3,label_max,DB1,512,4,precomp,0.000,0,0,0,false,full
UC3,label_max,DB1,512,4,encrypt,15.803,12598544,0,0,false,full
UC3,label_max,DB1,512,4,eval,470.300,65799144,0,0,false,full
UC3,label_max,DB1,512,4,decrypt,10.700,2762688,4194304,1,true,full
UC3,std,DB1,512,5,setup,232.090,59667080,0,0,false,full
UC3,std,DB1,512,5,precomp,0.000,0,0,0,false,full
UC3,std,DB1,512,5,encrypt,12.414,7139128,0,0,false,full
UC3,std,DB1,512,5,eval,284.856,52191800,0,0,false,full
UC3,std,DB1,512,5,decrypt,8.327,-2226432,4194304,1,true,full
UC3,std_modsw,DB1,512,5,setup,244.348,70039472,0,0,false,full
UC3,std_modsw,DB1,512,5,precomp,0.000,0,0,0,false,full
UC3,std_modsw,DB1,512,5,encrypt,13.890,7139128,0,0,false,full
UC3,std_modsw,DB1,512,5,eval,296.492,54298744,0,0,false,full
UC3,std_modsw,DB1,512,5,decrypt,13.056,4211128,2097152,1,true,full
UC3,label,DB1,512,5,setup,248.752,59534176,0,0,false,full
UC3,label,DB1,512,5,precomp,0.000,0,0,0,false,full
UC3,label,DB1,512,5,encrypt,16.906,12598544,0,0,false,full
UC3,label,DB1,512,5,eval,358.111,83015080,0,0,false,full
UC3,label,DB1,512,5,decrypt,6.845,3813720,2097152,1,true,full
UC3,label_max,DB1,512,5,setup,232.631,54818792,0,0,false,full
UC3,label_max,DB1,512,5,precomp,0.000,0,0,0,false,full
UC3,label_max,DB1,512,5,encrypt,16.171,12598560,0,0,false,full
UC3,label_max,DB1,512,5,eval,473.459,45037600,0,0,false,full
UC3,label_max,DB1,512,5,decrypt,8.831,1183448,4194304,1,true,full
UC3,std,DB1,512,6,setup,233.747,75292944,0,0,false,full
UC3,std,DB1,512,6,precomp,0.001,0,0,0,false,full
UC3,std,DB1,512,6,encrypt,13.328,7139128,0,0,false,full
UC3,std,DB1,512,6,eval,270.016,52191624,0,0,false,full
UC3,std,DB1,512,6,decrypt,8.504,-2226224,4194304,1,true,full
UC3,std_modsw,DB1,512,6,setup,234.052,70039904,0,0,false,full
UC3,std_modsw,DB1,512,6,precomp,0.000,0,0,0,false,full
UC3,std_modsw,DB1,512,6,encrypt,12.802,7139128,0,0,false,full
UC3,std_modsw,DB1,512,6,eval,268.572,53244984,0,0,false,full
UC3,std_modsw,DB1,512,6,decrypt,12.543,6047592,2097152,1,true,full
UC3,label,DB1,512,6,setup,237.399,54810128,0,0,false,full
UC3,label,DB1,512,6,precomp,0.000,0,0,0,false,full
UC3,label,DB1,512,6,encrypt,15.598,12598448,0,0,false,full
UC3,label,DB1,512,6,eval,335.655,21527920,0,0,false,full
UC3,label,DB1,512,6,decrypt,7.150,920984,2097152,1,true,full
UC3,label_max,DB1,512,6,setup,236.297,68465648,0,0,false,full
UC3,label_max,DB1,512,6,precomp,0.000,0,0,0,false,full
UC3,label_max,DB1,512,6,encrypt,15.145,12598512,0,0,false,full
UC3,label_max,DB1,512,6,eval,471.352,45029216,0,0,false,full
UC3,label_max,DB1,512,6,decrypt,9.576,2762800,4194304,1,true,full
UC3,std,DB1,512,7,setup,233.492,70304456,0,0,false,full
UC3,std,DB1,512,7,precomp,0.000,0,0,0,false,full
UC3,std,DB1,512,7,encrypt,13.568,7139128,0,0,false,full
UC3,std,DB1,512,7,eval,270.467,54298568,0,0,false,full
UC3,std,DB1,512,7,decrypt,8.268,6309192,4194304,1,true,full
UC3,std_modsw,DB1,512,7,setup,235.091,65319056,0,0,false,full
UC3,std_modsw,DB1,512,7,precomp,0.001,0,0,0,false,full
UC3,std_modsw,DB1,512,7,encrypt,13.599,7139128,0,0,false,full
UC3,std_modsw,DB1,512,7,eval,268.570,53245160,0,0,false,full
UC3,std_modsw,DB1,512,7,decrypt,13.983,-649152,2097152,1,true,full
UC3,label,DB1,512,7,setup,237.751,75292672,0,0,false,full
UC3,label,DB1,512,7,precomp,0.000,0,0,0,false,full
UC3,label,DB1,512,7,encrypt,14.525,12598432,0,0,false,full
UC3,label,DB1,512,7,eval,336.084,21528032,0,0,false,full
UC3,label,DB1,512,7,decrypt,6.428,920984,2097152,1,true,full
UC3,label_max,DB1,512,7,setup,237.340,75557032,0,0,false,full
UC3,label_max,DB1,512,7,precomp,0.000,0,0,0,false,full
UC3,label_max,DB1,512,7,encrypt,14.471,12598384,0,0,false,full
UC3,label_max,DB1,512,7,eval,465.176,45037584,0,0,false,full
UC3,label_max,DB1,512,7,decrypt,10.053,4862632,4194304,1,true,full
UC3,std,DB1,512,8,setup,230.490,70304456,0,0,false,full
UC3,std,DB1,512,8,precomp,0.000,0,0,0,false,full
UC3,std,DB1,512,8,encrypt,13.805,7139128,0,0,false,full
UC3,std,DB1,512,8,eval,268.581,54298616,0,0,false,full
UC3,std,DB1,512,8,decrypt,9.348,6309192,4194304,1,true,full
UC3,std_modsw,DB1,512,8,setup,234.394,54281088,0,0,false,full
UC3,std_modsw,DB1,512,8,precomp,0.000,0,0,0,false,full
UC3,std_modsw,DB1,512,8,encrypt,13.234,7139128,0,0,false,full
UC3,std_modsw,DB1,512,8,eval,269.223,52191624,0,0,false,full
UC3,std_modsw,DB1,512,8,decrypt,14.507,-649152,2097152,1,true,full
UC3,label,DB1,512,8,setup,240.979,75292832,0,0,false,full
UC3,label,DB1,512,8,precomp,0.000,0,0,0,false,full
UC3,label,DB1,512,8,encrypt,14.878,12598624,0,0,false,full
UC3,label,DB1,512,8,eval,344.644,62639672,0,0,false,full
UC3,label,DB1,512,8,decrypt,6.625,920984,2097152,1,true,full
UC3,label_max,DB1,512,8,setup,237.580,75292928,0,0,false,full
UC3,label_max,DB1,512,8,precomp,0.000,0,0,0,false,full
UC3,label_max,DB1,512,8,encrypt,14.165,12598656,0,0,false,full
UC3,label_max,DB1,512,8,eval,481.947,23625248,0,0,false,full
UC3,label_max,DB1,512,8,decrypt,9.058,1183448,4194304,1,true,full
UC3,std,DB1,512,9,setup,231.504,70304456,0,0,false,full
UC3,std,DB1,512,9,precomp,0.000,0,0,0,false,full
UC3,std,DB1,512,9,encrypt,13.344,7139128,0,0,false,full
UC3,std,DB1,512,9,eval,269.572,54298616,0,0,false,full
UC3,std,DB1,512,9,decrypt,8.907,6306136,4194304,1,true,full
UC3,std_modsw,DB1,512,9,setup,239.033,70039792,0,0,false,full
UC3,std_modsw,DB1,512,9,precomp,0.000,0,0,0,false,full
UC3,std_modsw,DB1,512,9,encrypt,13.198,7139128,0,0,false,full
UC3,std_modsw,DB1,512,9,eval,269.495,52191448,0,0,false,full
UC3,std_modsw,DB1,512,9,decrypt,11.506,30056800,2097152,1,true,full
UC3,label,DB1,512,9,setup,230.437,70039488,0,0,false,full
UC3,label,DB1,512,9,precomp,0.000,0,0,0,false,full
UC3,label,DB1,512,9,encrypt,14.433,12598352,0,0,false,full
UC3,label,DB1,512,9,eval,341.992,41891744,0,0,false,full
UC3,label,DB1,512,9,decrypt,7.380,2238032,2097152,1,true,full
UC3,label_max,DB1,512,9,setup,235.618,75292768,0,0,false,full
UC3,label_max,DB1,512,9,precomp,0.000,0,0,0,false,full
UC3,label_max,DB1,512,9,encrypt,16.650,12598416,0,0,false,full
UC3,label_max,DB1,512,9,eval,472.829,65799480,0,0,false,full
UC3,label_max,DB1,512,9,decrypt,10.130,2762688,4194304,1,true,full
UC3,std,DB1,512,10,setup,236.349,54810240,0,0,false,full
UC3,std,DB1,512,10,precomp,0.000,0,0,0,false,full
UC3,std,DB1,512,10,encrypt,12.350,7139128,0,0,false,full
UC3,std,DB1,512,10,eval,269.100,54298568,0,0,false,full
UC3,std,DB1,512,10,decrypt,8.292,6306136,4194304,1,true,full
UC3,std_modsw,DB1,512,10,setup,233.352,68466208,0,0,false,full
UC3,std_modsw,DB1,512,10,precomp,0.001,0,0,0,false,full
UC3,std_modsw,DB1,512,10,encrypt,12.826,7139128,0,0,false,full
UC3,std_modsw,DB1,512,10,eval,271.205,54298568,0,0,false,full
UC3,std_modsw,DB1,512,10,decrypt,13.604,6047368,2097152,1,true,full
UC3,label,DB1,512,10,setup,238.372,75557304,0,0,false,full
UC3,label,DB1,512,10,precomp,0.000,0,0,0,false,full
UC3,label,DB1,512,10,encrypt,16.622,12598736,0,0,false,full
UC3,label,DB1,512,10,eval,340.440,41891392,0,0,false,full
UC3,label,DB1,512,10,decrypt,6.629,921000,2097152,1,true,full
UC3,label_max,DB1,512,10,setup,233.374,70304440,0,0,false,full
UC3,label_max,DB1,512,10,precomp,0.000,0,0,0,false,full
UC3,label_max,DB1,512,10,encrypt,14.599,12598464,0,0,false,full
UC3,label_max,DB1,512,10,eval,477.276,65799368,0,0,false,full
UC3,label_max,DB1,512,10,decrypt,11.629,1183448,4194304,1,true,full
UC3,std,DB1,512,11,setup,229.262,68465664,0,0,false,full
UC3,std,DB1,512,11,precomp,0.000,0,0,0,false,full
UC3,std,DB1,512,11,encrypt,13.639,7139128,0,0,false,full
UC3,std,DB1,512,11,eval,270.700,54298568,0,0,false,full
UC3,std,DB1,512,11,decrypt,7.227,6305944,4194304,1,true,full
UC3,std_modsw,DB1,512,11,setup,234.615,65318944,0,0,false,full
UC3,std_modsw,DB1,512,11,precomp,0.000,0,0,0,false,full
UC3,std_modsw,DB1,512,11,encrypt,12.640,7139128,0,0,false,full
UC3,std_modsw,DB1,512,11,eval,271.622,53244984,0,0,false,full
UC3,std_modsw,DB1,512,11,decrypt,14.207,30071712,2097152,1,true,full
UC3,label,DB1,512,11,setup,233.876,65319184,0,0,false,full
UC3,label,DB1,512,11,precomp,0.000,0,0,0,false,full
UC3,label,DB1,512,11,encrypt,15.041,12598608,0,0,false,full
UC3,label,DB1,512,11,eval,341.112,21528432,0,0,false,full
UC3,label,DB1,512,11,decrypt,5.499,921000,2097152,1,true,full
UC3,label_max,DB1,512,11,setup,230.202,70571920,0,0,false,full
UC3,label_max,DB1,512,11,precomp,0.000,0,0,0,false,full
UC3,label_max,DB1,512,11,encrypt,14.278,12598576,0,0,false,full
UC3,label_max,DB1,512,11,eval,472.282,65799144,0,0,false,full
UC3,label_max,DB1,512,11,decrypt,8.921,4862632,4194304,1,true,full
UC3,std,DB1,512,12,setup,235.726,57959936,0,0,false,full
UC3,std,DB1,512,12,precomp,0.001,0,0,0,false,full
UC3,std,DB1,512,12,encrypt,13.045,7139128,0,0,false,full
UC3,std,DB1,512,12,eval,272.152,54298568,0,0,false,full
UC3,std,DB1,512,12,decrypt,8.077,6305944,4194304,1,true,full
UC3,std_modsw,DB1,512,12,setup,237.135,54545368,0,0,false,full
UC3,std_modsw,DB1,512,12,precomp,0.000,0,0,0,false,full
UC3,std_modsw,DB1,512,12,encrypt,13.096,7139128,0,0,false,full
UC3,std_modsw,DB1,512,12,eval,268.116,52191448,0,0,false,full
UC3,std_modsw,DB1,512,12,decrypt,13.810,4207880,2097152,1,true,full
UC3,label,DB1,512,12,setup,230.124,65319296,0,0,false,full
UC3,label,DB1,512,12,precomp,0.000,0,0,0,false,full
UC3,label,DB1,512,12,encrypt,16.220,12598256,0,0,false,full
UC3,label,DB1,512,12,eval,338.602,21528032,0,0,false,full
UC3,label,DB1,512,12,decrypt,6.696,3813592,2097152,1,true,full
UC3,label_max,DB1,512,12,setup,234.617,52707056,0,0,false,full
UC3,label_max,DB1,512,12,precomp,0.000,0,0,0,false,full
UC3,label_max,DB1,512,12,encrypt,14.450,12598496,0,0,false,full
UC3,label_max,DB1,512,12,eval,474.124,87197336,0,0,false,full
UC3,label_max,DB1,512,12,decrypt,8.840,1186712,4194304,1,true,full
UC3,std,DB1,512,13,setup,235.252,54678592,0,0,false,full
UC3,std,DB1,512,13,precomp,0.000,0,0,0,false,full
UC3,std,DB1,512,13,encrypt,13.761,7139128,0,0,false,full
UC3,std,DB1,512,13,eval,269.400,54298744,0,0,false,full
UC3,std,DB1,512,13,decrypt,8.765,-2226240,4194304,1,true,full
UC3,std_modsw,DB1,512,13,setup,235.476,70039584,0,0,false,full
UC3,std_modsw,DB1,512,13,precomp,0.000,0,0,0,false,full
UC3,std_modsw,DB1,512,13,encrypt,13.683,7139128,0,0,false,full
UC3,std_modsw,DB1,512,13,eval,270.328,52191448,0,0,false,full
UC3,std_modsw,DB1,512,13,decrypt,12.609,-649264,2097152,1,true,full
UC3,label,DB1,512,13,setup,232.820,73718640,0,0,false,full
UC3,label,DB1,512,13,precomp,0.000,0,0,0,false,full
UC3,label,DB1,512,13,encrypt,14.467,12598752,0,0,false,full
UC3,label,DB1,512,13,eval,333.054,62651400,0,0,false,full
UC3,label,DB1,512,13,decrypt,7.294,3813592,2097152,1,true,full
UC3,label_max,DB1,512,13,setup,228.314,54813328,0,0,false,full
UC3,label_max,DB1,512,13,precomp,0.000,0,0,0,false,full
UC3,label_max,DB1,512,13,encrypt,15.582,12598608,0,0,false,full
UC3,label_max,DB1,512,13,eval,465.283,65799368,0,0,false,full
UC3,label_max,DB1,512,13,decrypt,9.696,4862632,4194304,1,true,full
UC3,std,DB1,512,14,setup,233.349,70304568,0,0,false,full
UC3,std,DB1,512,14,precomp,0.000,0,0,0,false,full
UC3,std,DB1,512,14,encrypt,12.647,7139128,0,0,false,full
UC3,std,DB1,512,14,eval,269.053,54298520,0,0,false,full
UC3,std,DB1,512,14,decrypt,9.166,6306136,4194304,1,true,full
UC3,std_modsw,DB1,512,14,setup,230.541,70039696,0,0,false,full
UC3,std_modsw,DB1,512,14,precomp,0.001,0,0,0,false,full
UC3,std_modsw,DB1,512,14,encrypt,13.099,7139128,0,0,false,full
UC3,std_modsw,DB1,512,14,eval,269.408,52191496,0,0,false,full
UC3,std_modsw,DB1,512,14,decrypt,12.521,30056744,2097152,1,true,full
UC3,label,DB1,512,14,setup,238.683,70303768,0,0,false,full
UC3,label,DB1,512,14,precomp,0.000,0,0,0,false,full
UC3,label,DB1,512,14,encrypt,16.675,12598416,0,0,false,full
UC3,label,DB1,512,14,eval,343.254,62652280,0,0,false,full
UC3,label,DB1,512,14,decrypt,6.397,3813592,2097152,1,true,full
UC3,label_max,DB1,512,14,setup,235.102,75292544,0,0,false,full
UC3,label_max,DB1,512,14,precomp,0.000,0,0,0,false,full
UC3,label_max,DB1,512,14,encrypt,14.873,12598608,0,0,false,full
UC3,label_max,DB1,512,14,eval,473.080,45038240,0,0,false,full
UC3,label_max,DB1,512,14,decrypt,9.122,8274232,4194304,1,true,full
UC3,std,DB1,512,15,setup,233.735,70039600,0,0,false,full
UC3,std,DB1,512,15,precomp,0.000,0,0,0,false,full
UC3,std,DB1,512,15,encrypt,12.809,7139128,0,0,false,full
UC3,std,DB1,512,15,eval,268.323,52191400,0,0,false,full
UC3,std,DB1,512,15,decrypt,9.114,4860792,4194304,1,true,full
UC3,std_modsw,DB1,512,15,setup,234.071,70039840,0,0,false,full
UC3,std_modsw,DB1,512,15,precomp,0.000,0,0,0,false,full
UC3,std_modsw,DB1,512,15,encrypt,12.803,7139128,0,0,false,full
UC3,std_modsw,DB1,512,15,eval,269.186,52191448,0,0,false,full
UC3,std_modsw,DB1,512,15,decrypt,13.072,3024328,2097152,1,true,full
UC3,label,DB1,512,15,setup,235.609,57959936,0,0,false,full
UC3,label,DB1,512,15,precomp,0.000,0,0,0,false,full
UC3,label,DB1,512,15,encrypt,15.711,12598304,0,0,false,full
UC3,label,DB1,512,15,eval,337.620,82825376,0,0,false,full
UC3,label,DB1,512,15,decrypt,6.313,921096,2097152,1,true,full
UC3,label_max,DB1,512,15,setup,230.666,68465760,0,0,false,full
UC3,label_max,DB1,512,15,precomp,0.000,0,0,0,false,full
UC3,label_max,DB1,512,15,encrypt,18.444,12598496,0,0,false,full
UC3,label_max,DB1,512,15,eval,485.949,45038016,0,0,false,full
UC3,label_max,DB1,512,15,decrypt,8.174,1183448,4194304,1,true,full
UC3,std,DB1,512,16,setup,231.966,70571936,0,0,false,full
UC3,std,DB1,512,16,precomp,0.000,0,0,0,false,full
UC3,std,DB1,512,16,encrypt,13.588,7139128,0,0,false,full
UC3,std,DB1,512,16,eval,270.006,52191448,0,0,false,full
UC3,std,DB1,512,16,decrypt,8.099,4860792,4194304,1,true,full
UC3,std_modsw,DB1,512,16,setup,229.252,65318944,0,0,false,full
UC3,std_modsw,DB1,512,16,precomp,0.000,0,0,0,false,full
UC3,std_modsw,DB1,512,16,encrypt,13.708,7139128,0,0,false,full
UC3,std_modsw,DB1,512,16,eval,270.273,53244984,0,0,false,full
UC3,std_modsw,DB1,512,16,decrypt,13.577,30071712,2097152,1,true,full
UC3,label,DB1,512,16,setup,234.642,68465776,0,0,false,full
UC3,label,DB1,512,16,precomp,0.000,0,0,0,false,full
UC3,label,DB1,512,16,encrypt,15.738,12598560,0,0,false,full
UC3,label,DB1,512,16,eval,346.072,41907936,0,0,false,full
UC3,label,DB1,512,16,decrypt,6.673,920984,2097152,1,true,full
UC3,label_max,DB1,512,16,setup,233.463,70304664,0,0,false,full
UC3,label_max,DB1,512,16,precomp,0.000,0,0,0,false,full
UC3,label_max,DB1,512,16,encrypt,15.175,12598432,0,0,false,full
UC3,label_max,DB1,512,16,eval,478.376,23625680,0,0,false,full
UC3,label_max,DB1,512,16,decrypt,10.172,4862632,4194304,1,true,full
UC3,std,DB1,512,17,setup,234.068,70039600,0,0,false,full
UC3,std,DB1,512,17,precomp,0.000,0,0,0,false,full
UC3,std,DB1,512,17,encrypt,12.792,7139128,0,0,false,full
UC3,std,DB1,512,17,eval,268.672,52191624,0,0,false,full
UC3,std,DB1,512,17,decrypt,9.207,6306136,4194304,1,true,full
UC3,std_modsw,DB1,512,17,setup,231.005,59534224,0,0,false,full
UC3,std_modsw,DB1,512,17,precomp,0.000,0,0,0,false,full
UC3,std_modsw,DB1,512,17,encrypt,13.854,7139128,0,0,false,full
UC3,std_modsw,DB1,512,17,eval,269.931,52191624,0,0,false,full
UC3,std_modsw,DB1,512,17,decrypt,12.924,-649376,2097152,1,true,full
UC3,label,DB1,512,17,setup,239.236,75557160,0,0,false,full
UC3,label,DB1,512,17,precomp,0.001,0,0,0,false,full
UC3,label,DB1,512,17,encrypt,15.283,12598592,0,0,false,full
UC3,label,DB1,512,17,eval,337.390,41891280,0,0,false,full
UC3,label,DB1,512,17,decrypt,7.358,920984,2097152,1,true,full
UC3,label_max,DB1,512,17,setup,233.792,70571920,0,0,false,full
UC3,label_max,DB1,512,17,precomp,0.000,0,0,0,false,full
UC3,label_max,DB1,512,17,encrypt,14.551,12598912,0,0,false,full
UC3,label_max,DB1,512,17,eval,476.366,47808312,0,0,false,full
UC3,label_max,DB1,512,17,decrypt,9.244,2762464,4194304,1,true,full
UC3,std,DB1,512,18,setup,233.248,70040080,0,0,false,full
UC3,std,DB1,512,18,precomp,0.000,0,0,0,false,full
UC3,std,DB1,512,18,encrypt,12.682,7139128,0,0,false,full
UC3,std,DB1,512,18,eval,269.546,53244984,0,0,false,full
UC3,std,DB1,512,18,decrypt,9.267,-2226432,4194304,1,true,full
UC3,std_modsw,DB1,512,18,setup,231.837,54546200,0,0,false,full
UC3,std_modsw,DB1,512,18,precomp,0.000,0,0,0,false,full
UC3,std_modsw,DB1,512,18,encrypt,15.058,7139128,0,0,false,full
UC3,std_modsw,DB1,512,18,eval,267.936,52191624,0,0,false,full
UC3,std_modsw,DB1,512,18,decrypt,12.795,-2492672,2097152,1,true,full
UC3,label,DB1,512,18,setup,235.861,54281216,0,0,false,full
UC3,label,DB1,512,18,precomp,0.000,0,0,0,false,full
UC3,label,DB1,512,18,encrypt,15.030,12598496,0,0,false,full
UC3,label,DB1,512,18,eval,338.855,62651176,0,0,false,full
UC3,label,DB1,512,18,decrypt,5.749,920984,2097152,1,true,full
UC3,label_max,DB1,512,18,setup,239.867,70304328,0,0,false,full
UC3,label_max,DB1,512,18,precomp,0.000,0,0,0,false,full
UC3,label_max,DB1,512,18,encrypt,14.319,12598464,0,0,false,full
UC3,label_max,DB1,512,18,eval,468.669,65799800,0,0,false,full
UC3,label_max,DB1,512,18,decrypt,9.169,2762576,4194304,1,true,full
UC3,std,DB1,512,19,setup,231.425,70304456,0,0,false,full
UC3,std,DB1,512,19,precomp,0.000,0,0,0,false,full
UC3,std,DB1,512,19,encrypt,12.680,7139128,0,0,false,full
UC3,std,DB1,512,19,eval,268.767,54298616,0,0,false,full
UC3,std,DB1,512,19,decrypt,7.901,6305944,4194304,1,true,full
UC3,std_modsw,DB1,512,19,setup,230.740,65319168,0,0,false,full
UC3,std_modsw,DB1,512,19,precomp,0.000,0,0,0,false,full
UC3,std_modsw,DB1,512,19,encrypt,13.053,7139128,0,0,false,full
UC3,std_modsw,DB1,512,19,eval,268.548,53244984,0,0,false,full
UC3,std_modsw,DB1,512,19,decrypt,12.213,30071712,2097152,1,true,full
UC3,label,DB1,512,19,setup,235.870,75292576,0,0,false,full
UC3,label,DB1,512,19,precomp,0.000,0,0,0,false,full
UC3,label,DB1,512,19,encrypt,14.607,12598176,0,0,false,full
UC3,label,DB1,512,19,eval,344.560,62643032,0,0,false,full
UC3,label,DB1,512,19,decrypt,6.893,921096,2097152,1,true,full
UC3,label_max,DB1,512,19,setup,229.338,70304552,0,0,false,full
UC3,label_max,DB1,512,19,precomp,0.000,0,0,0,false,full
UC3,label_max,DB1,512,19,encrypt,14.428,12598448,0,0,false,full
UC3,label_max,DB1,512,19,eval,483.603,45037712,0,0,false,full
UC3,label_max,DB1,512,19,decrypt,9.156,1183448,4194304,1,true,full
UC3,std,DB1,512,20,setup,224.246,65319072,0,0,false,full
UC3,std,DB1,512,20,precomp,0.000,0,0,0,false,full
UC3,std,DB1,512,20,encrypt,12.320,7139128,0,0,false,full
UC3,std,DB1,512,20,eval,273.206,53244984,0,0,false,full
UC3,std,DB1,512,20,decrypt,9.468,6309192,4194304,1,true,full
UC3,std_modsw,DB1,512,20,setup,232.589,65318944,0,0,false,full
UC3,std_modsw,DB1,512,20,precomp,0.001,0,0,0,false,full
UC3,std_modsw,DB1,512,20,encrypt,13.767,7139128,0,0,false,full
UC3,std_modsw,DB1,512,20,eval,269.839,53244984,0,0,false,full
UC3,std_modsw,DB1,512,20,decrypt,12.006,4207896,2097152,1,true,full
UC3,label,DB1,512,20,setup,237.477,73718528,0,0,false,full
UC3,label,DB1,512,20,precomp,0.000,0,0,0,false,full
UC3,label,DB1,512,20,encrypt,15.152,12598464,0,0,false,full
UC3,label,DB1,512,20,eval,340.686,62643032,0,0,false,full
UC3,label,DB1,512,20,decrypt,6.904,3813592,2097152,1,true,full
UC3,label_max,DB1,512,20,setup,228.390,54810464,0,0,false,full
UC3,label_max,DB1,512,20,precomp,0.000,0,0,0,false,full
UC3,label_max,DB1,512,20,encrypt,15.064,12598464,0,0,false,full
UC3,label_max,DB1,512,20,eval,474.433,23625040,0,0,false,full
UC3,label_max,DB1,512,20,decrypt,10.464,1183448,4194304,1,true,full
UC3,std,DB2,100000,1,setup,227.110,63212848,0,0,false,full
UC3,std,DB2,100000,1,precomp,0.000,0,0,0,false,full
UC3,std,DB2,100000,1,encrypt,90.647,26251768,0,0,false,full
UC3,std,DB2,100000,1,eval,1827.259,44034536,0,0,false,full
UC3,std,DB2,100000,1,decrypt,10.998,-2226624,4194304,1,true,full
UC3,std_modsw,DB2,100000,1,setup,228.625,65315952,0,0,false,full
UC3,std_modsw,DB2,100000,1,precomp,0.000,0,0,0,false,full
UC3,std_modsw,DB2,100000,1,encrypt,91.721,26251768,0,0,false,full
UC3,std_modsw,DB2,100000,1,eval,1828.207,38766888,0,0,false,full
UC3,std_modsw,DB2,100000,1,decrypt,13.038,30063584,2097152,1,true,full
UC3,label,DB2,100000,1,setup,230.097,65318960,0,0,false,full
UC3,label,DB2,100000,1,precomp,0.000,0,0,0,false,full
UC3,label,DB2,100000,1,encrypt,109.469,50931976,0,0,false,full
UC3,label,DB2,100000,1,eval,2242.883,41105888,0,0,false,full
UC3,label,DB2,100000,1,decrypt,6.266,14186712,2097152,1,true,full
UC3,label_max,DB2,100000,1,setup,237.840,54281488,0,0,false,full
UC3,label_max,DB2,100000,1,precomp,0.000,0,0,0,false,full
UC3,label_max,DB2,100000,1,encrypt,106.928,50930952,0,0,false,full
UC3,label_max,DB2,100000,1,eval,3156.053,22838896,0,0,false,full
UC3,label_max,DB2,100000,1,decrypt,10.247,1183000,4194304,1,true,full
UC3,std,DB2,100000,2,setup,223.107,65319072,0,0,false,full
UC3,std,DB2,100000,2,precomp,0.000,0,0,0,false,full
UC3,std,DB2,100000,2,encrypt,88.947,26251768,0,0,false,full
UC3,std,DB2,100000,2,eval,1837.835,38766888,0,0,false,full
UC3,std,DB2,100000,2,decrypt,8.737,4860344,4194304,1,true,full
UC3,std_modsw,DB2,100000,2,setup,224.550,75292704,0,0,false,full
UC3,std_modsw,DB2,100000,2,precomp,0.000,0,0,0,false,full
UC3,std_modsw,DB2,100000,2,encrypt,87.710,26251768,0,0,false,full
UC3,std_modsw,DB2,100000,2,eval,1832.056,38767224,0,0,false,full
UC3,std_modsw,DB2,100000,2,decrypt,13.025,-2488768,2097152,1,true,full
UC3,label,DB2,100000,2,setup,226.983,59798344,0,0,false,full
UC3,label,DB2,100000,2,precomp,0.000,0,0,0,false,full
UC3,label,DB2,100000,2,encrypt,107.630,47120544,0,0,false,full
UC3,label,DB2,100000,2,eval,2244.435,102978032,0,0,false,full
UC3,label,DB2,100000,2,decrypt,8.122,3813704,2097152,1,true,full
UC3,label_max,DB2,100000,2,setup,225.182,65318944,0,0,false,full
UC3,label_max,DB2,100000,2,precomp,0.001,0,0,0,false,full
UC3,label_max,DB2,100000,2,encrypt,108.263,50932120,0,0,false,full
UC3,label_max,DB2,100000,2,eval,3184.053,65014200,0,0,false,full
UC3,label_max,DB2,100000,2,decrypt,9.756,1183000,4194304,1,true,full
UC3,std,DB2,100000,3,setup,229.646,60062880,0,0,false,full
UC3,std,DB2,100000,3,precomp,0.001,0,0,0,false,full
UC3,std,DB2,100000,3,encrypt,89.712,26251768,0,0,false,full
UC3,std,DB2,100000,3,eval,1825.588,40874008,0,0,false,full
UC3,std,DB2,100000,3,decrypt,8.920,4860792,4194304,1,true,full
UC3,std_modsw,DB2,100000,3,setup,223.813,65319168,0,0,false,full
UC3,std_modsw,DB2,100000,3,precomp,0.000,0,0,0,false,full
UC3,std_modsw,DB2,100000,3,encrypt,88.247,26251768,0,0,false,full
UC3,std_modsw,DB2,100000,3,eval,1830.558,40874024,0,0,false,full
UC3,std_modsw,DB2,100000,3,decrypt,12.118,30057024,2097152,1,true,full
UC3,label,DB2,100000,3,setup,223.319,65319184,0,0,false,full
UC3,label,DB2,100000,3,precomp,0.000,0,0,0,false,full
UC3,label,DB2,100000,3,encrypt,107.827,50932280,0,0,false,full
UC3,label,DB2,100000,3,eval,2222.508,102918592,0,0,false,full
UC3,label,DB2,100000,3,decrypt,7.226,920104,2097152,1,true,full
UC3,label_max,DB2,100000,3,setup,223.907,65319056,0,0,false,full
UC3,label_max,DB2,100000,3,precomp,0.000,0,0,0,false,full
UC3,label_max,DB2,100000,3,encrypt,108.390,50932152,0,0,false,full
UC3,label_max,DB2,100000,3,eval,3159.488,44252640,0,0,false,full
UC3,label_max,DB2,100000,3,decrypt,8.843,1183336,4194304,1,true,full
UC3,std,DB2,100000,4,setup,225.120,65318960,0,0,false,full
UC3,std,DB2,100000,4,precomp,0.000,0,0,0,false,full
UC3,std,DB2,100000,4,encrypt,88.325,26251768,0,0,false,full
UC3,std,DB2,100000,4,eval,1830.507,40874024,0,0,false,full
UC3,std,DB2,100000,4,decrypt,8.630,4860344,4194304,1,true,full
UC3,std_modsw,DB2,100000,4,setup,232.184,64786928,0,0,false,full
UC3,std_modsw,DB2,100000,4,precomp,0.001,0,0,0,false,full
UC3,std_modsw,DB2,100000,4,encrypt,89.248,26251768,0,0,false,full
UC3,std_modsw,DB2,100000,4,eval,1832.368,38766888,0,0,false,full
UC3,std_modsw,DB2,100000,4,decrypt,13.198,-2488656,2097152,1,true,full
UC3,label,DB2,100000,4,setup,233.246,75292832,0,0,false,full
UC3,label,DB2,100000,4,precomp,0.000,0,0,0,false,full
UC3,label,DB2,100000,4,encrypt,107.994,47235472,0,0,false,full
UC3,label,DB2,100000,4,eval,2244.896,20741872,0,0,false,full
UC3,label,DB2,100000,4,decrypt,6.868,920760,2097152,1,true,full
UC3,label_max,DB2,100000,4,setup,224.836,65319168,0,0,false,full
UC3,label_max,DB2,100000,4,precomp,0.000,0,0,0,false,full
UC3,label_max,DB2,100000,4,encrypt,110.600,50931976,0,0,false,full
UC3,label_max,DB2,100000,4,eval,3202.343,65014024,0,0,false,full
UC3,label_max,DB2,100000,4,decrypt,9.600,1711576,4194304,1,true,full
UC3,std,DB2,100000,5,setup,226.385,59798456,0,0,false,full
UC3,std,DB2,100000,5,precomp,0.000,0,0,0,false,full
UC3,std,DB2,100000,5,encrypt,91.190,26251768,0,0,false,full
UC3,std,DB2,100000,5,eval,1826.175,39820472,0,0,false,full
UC3,std,DB2,100000,5,decrypt,7.975,4860344,4194304,1,true,full
UC3,std_modsw,DB2,100000,5,setup,227.296,59798824,0,0,false,full
UC3,std_modsw,DB2,100000,5,precomp,0.000,0,0,0,false,full
UC3,std_modsw,DB2,100000,5,encrypt,88.628,26251768,0,0,false,full
UC3,std_modsw,DB2,100000,5,eval,1835.552,39820456,0,0,false,full
UC3,std_modsw,DB2,100000,5,decrypt,12.477,-649152,2097152,1,true,full
UC3,label,DB2,100000,5,setup,236.044,70039968,0,0,false,full
UC3,label,DB2,100000,5,precomp,0.000,0,0,0,false,full
UC3,label,DB2,100000,5,encrypt,109.336,50931960,0,0,false,full
UC3,label,DB2,100000,5,eval,2224.410,20742720,0,0,false,full
UC3,label,DB2,100000,5,decrypt,8.023,924360,2097152,1,true,full
UC3,label_max,DB2,100000,5,setup,226.162,65319056,0,0,false,full
UC3,label_max,DB2,100000,5,precomp,0.000,0,0,0,false,full
UC3,label_max,DB2,100000,5,encrypt,107.766,50932152,0,0,false,full
UC3,label_max,DB2,100000,5,eval,3181.032,65030072,0,0,false,full
UC3,label_max,DB2,100000,5,decrypt,8.945,1183224,4194304,1,true,full
UC3,std,DB2,100000,6,setup,230.281,60063120,0,0,false,full
UC3,std,DB2,100000,6,precomp,0.000,0,0,0,false,full
UC3,std,DB2,100000,6,encrypt,89.776,26251768,0,0,false,full
UC3,std,DB2,100000,6,eval,1834.266,39820456,0,0,false,full
UC3,std,DB2,100000,6,decrypt,9.050,4860344,4194304,1,true,full
UC3,std_modsw,DB2,100000,6,setup,226.142,54545592,0,0,false,full
UC3,std_modsw,DB2,100000,6,precomp,0.000,0,0,0,false,full
UC3,std_modsw,DB2,100000,6,encrypt,91.205,26251768,0,0,false,full
UC3,std_modsw,DB2,100000,6,eval,1827.117,38766904,0,0,false,full
UC3,std_modsw,DB2,100000,6,decrypt,13.363,4211352,2097152,1,true,full
UC3,label,DB2,100000,6,setup,230.908,65318960,0,0,false,full
UC3,label,DB2,100000,6,precomp,0.000,0,0,0,false,full
UC3,label,DB2,100000,6,encrypt,107.966,50931512,0,0,false,full
UC3,label,DB2,100000,6,eval,2264.883,82228920,0,0,false,full
UC3,label,DB2,100000,6,decrypt,7.653,920760,2097152,1,true,full
UC3,label_max,DB2,100000,6,setup,224.749,59798696,0,0,false,full
UC3,label_max,DB2,100000,6,precomp,0.000,0,0,0,false,full
UC3,label_max,DB2,100000,6,encrypt,109.051,50931048,0,0,false,full
UC3,label_max,DB2,100000,6,eval,3183.058,65014648,0,0,false,full
UC3,label_max,DB2,100000,6,decrypt,8.891,2762800,4194304,1,true,full
UC3,std,DB2,100000,7,setup,229.226,65319072,0,0,false,full
UC3,std,DB2,100000,7,precomp,0.000,0,0,0,false,full
UC3,std,DB2,100000,7,encrypt,88.901,26251768,0,0,false,full
UC3,std,DB2,100000,7,eval,1829.782,38766888,0,0,false,full
UC3,std,DB2,100000,7,decrypt,9.396,4860344,4194304,1,true,full
UC3,std_modsw,DB2,100000,7,setup,232.253,70039792,0,0,false,full
UC3,std_modsw,DB2,100000,7,precomp,0.000,0,0,0,false,full
UC3,std_modsw,DB2,100000,7,encrypt,88.055,26251768,0,0,false,full
UC3,std_modsw,DB2,100000,7,eval,1839.605,38766904,0,0,false,full
UC3,std_modsw,DB2,100000,7,decrypt,14.393,-2495936,2097152,1,true,full
UC3,label,DB2,100000,7,setup,230.830,54546152,0,0,false,full
UC3,label,DB2,100000,7,precomp,0.000,0,0,0,false,full
UC3,label,DB2,100000,7,encrypt,108.378,46992512,0,0,false,full
UC3,label,DB2,100000,7,eval,2213.151,61865912,0,0,false,full
UC3,label,DB2,100000,7,decrypt,7.283,3813592,2097152,1,true,full
UC3,label_max,DB2,100000,7,setup,229.581,65318944,0,0,false,full
UC3,label_max,DB2,100000,7,precomp,0.000,0,0,0,false,full
UC3,label_max,DB2,100000,7,encrypt,108.263,50931592,0,0,false,full
UC3,label_max,DB2,100000,7,eval,3171.560,86426760,0,0,false,full
UC3,label_max,DB2,100000,7,decrypt,11.170,2762464,4194304,1,true,full
UC3,std,DB2,100000,8,setup,228.281,63212800,0,0,false,full
UC3,std,DB2,100000,8,precomp,0.000,0,0,0,false,full
UC3,std,DB2,100000,8,encrypt,89.034,26251768,0,0,false,full
UC3,std,DB2,100000,8,eval,1824.929,38766888,0,0,false,full
UC3,std,DB2,100000,8,decrypt,9.190,4860344,4194304,1,true,full
UC3,std_modsw,DB2,100000,8,setup,233.999,54545592,0,0,false,full
UC3,std_modsw,DB2,100000,8,precomp,0.000,0,0,0,false,full
UC3,std_modsw,DB2,100000,8,encrypt,89.789,26251768,0,0,false,full
UC3,std_modsw,DB2,100000,8,eval,1831.612,38766904,0,0,false,full
UC3,std_modsw,DB2,100000,8,decrypt,13.475,30071712,2097152,1,true,full
UC3,label,DB2,100000,8,setup,236.602,54281264,0,0,false,full
UC3,label,DB2,100000,8,precomp,0.000,0,0,0,false,full
UC3,label,DB2,100000,8,encrypt,112.472,50931192,0,0,false,full
UC3,label,DB2,100000,8,eval,2226.192,41105664,0,0,false,full
UC3,label,DB2,100000,8,decrypt,6.698,14186712,2097152,1,true,full
UC3,label_max,DB2,100000,8,setup,231.012,70568992,0,0,false,full
UC3,label_max,DB2,100000,8,precomp,0.000,0,0,0,false,full
UC3,label_max,DB2,100000,8,encrypt,108.126,47223568,0,0,false,full
UC3,label_max,DB2,100000,8,eval,3198.103,65014088,0,0,false,full
UC3,label_max,DB2,100000,8,decrypt,9.507,1183000,4194304,1,true,full
UC3,std,DB2,100000,9,setup,233.904,60062304,0,0,false,full
UC3,std,DB2,100000,9,precomp,0.000,0,0,0,false,full
UC3,std,DB2,100000,9,encrypt,89.731,26251768,0,0,false,full
UC3,std,DB2,100000,9,eval,1826.062,38766888,0,0,false,full
UC3,std,DB2,100000,9,decrypt,8.397,4860344,4194304,1,true,full
UC3,std_modsw,DB2,100000,9,setup,230.129,65319056,0,0,false,full
UC3,std_modsw,DB2,100000,9,precomp,0.000,0,0,0,false,full
UC3,std_modsw,DB2,100000,9,encrypt,88.417,26251768,0,0,false,full
UC3,std_modsw,DB2,100000,9,eval,1831.185,38766888,0,0,false,full
UC3,std_modsw,DB2,100000,9,decrypt,12.020,30071600,2097152,1,true,full
UC3,label,DB2,100000,9,setup,223.403,60062992,0,0,false,full
UC3,label,DB2,100000,9,precomp,0.000,0,0,0,false,full
UC3,label,DB2,100000,9,encrypt,110.002,50931704,0,0,false,full
UC3,label,DB2,100000,9,eval,2241.471,61853800,0,0,false,full
UC3,label,DB2,100000,9,decrypt,6.364,920776,2097152,1,true,full
UC3,label_max,DB2,100000,9,setup,226.929,60066192,0,0,false,full
UC3,label_max,DB2,100000,9,precomp,0.000,0,0,0,false,full
UC3,label_max,DB2,100000,9,encrypt,109.971,46991824,0,0,false,full
UC3,label_max,DB2,100000,9,eval,3185.001,65001880,0,0,false,full
UC3,label_max,DB2,100000,9,decrypt,9.932,1182552,4194304,1,true,full
UC3,std,DB2,100000,10,setup,227.692,65319072,0,0,false,full
UC3,std,DB2,100000,10,precomp,0.001,0,0,0,false,full
UC3,std,DB2,100000,10,encrypt,89.023,26251768,0,0,false,full
UC3,std,DB2,100000,10,eval,1833.897,38766904,0,0,false,full
UC3,std,DB2,100000,10,decrypt,8.996,4860344,4194304,1,true,full
UC3,std_modsw,DB2,100000,10,setup,227.581,75292544,0,0,false,full
UC3,std_modsw,DB2,100000,10,precomp,0.001,0,0,0,false,full
UC3,std_modsw,DB2,100000,10,encrypt,89.445,26251768,0,0,false,full
UC3,std_modsw,DB2,100000,10,eval,1846.624,38766904,0,0,false,full
UC3,std_modsw,DB2,100000,10,decrypt,11.874,30071712,2097152,1,true,full
UC3,label,DB2,100000,10,setup,225.946,65319072,0,0,false,full
UC3,label,DB2,100000,10,precomp,0.000,0,0,0,false,full
UC3,label,DB2,100000,10,encrypt,107.816,47066320,0,0,false,full
UC3,label,DB2,100000,10,eval,2252.978,41098608,0,0,false,full
UC3,label,DB2,100000,10,decrypt,7.837,920776,2097152,1,true,full
UC3,label_max,DB2,100000,10,setup,228.576,59798584,0,0,false,full
UC3,label_max,DB2,100000,10,precomp,0.000,0,0,0,false,full
UC3,label_max,DB2,100000,10,encrypt,109.530,50930600,0,0,false,full
UC3,label_max,DB2,100000,10,eval,3170.820,86426072,0,0,false,full
UC3,label_max,DB2,100000,10,decrypt,9.557,1183224,4194304,1,true,full
UC3,std,DB2,100000,11,setup,222.512,65318960,0,0,false,full
UC3,std,DB2,100000,11,precomp,0.000,0,0,0,false,full
UC3,std,DB2,100000,11,encrypt,88.572,26251768,0,0,false,full
UC3,std,DB2,100000,11,eval,1829.195,38767000,0,0,false,full
UC3,std,DB2,100000,11,decrypt,8.759,4860344,4194304,1,true,full
UC3,std_modsw,DB2,100000,11,setup,229.021,60066080,0,0,false,full
UC3,std_modsw,DB2,100000,11,precomp,0.000,0,0,0,false,full
UC3,std_modsw,DB2,100000,11,encrypt,88.561,26251768,0,0,false,full
UC3,std_modsw,DB2,100000,11,eval,1838.289,38766888,0,0,false,full
UC3,std_modsw,DB2,100000,11,decrypt,12.201,30056744,2097152,1,true,full
UC3,label,DB2,100000,11,setup,227.177,65318960,0,0,false,full
UC3,label,DB2,100000,11,precomp,0.000,0,0,0,false,full
UC3,label,DB2,100000,11,encrypt,106.936,50932248,0,0,false,full
UC3,label,DB2,100000,11,eval,2282.628,61865352,0,0,false,full
UC3,label,DB2,100000,11,decrypt,6.739,920536,2097152,1,true,full
UC3,label_max,DB2,100000,11,setup,231.211,65318944,0,0,false,full
UC3,label_max,DB2,100000,11,precomp,0.000,0,0,0,false,full
UC3,label_max,DB2,100000,11,encrypt,109.504,47199952,0,0,false,full
UC3,label_max,DB2,100000,11,eval,3197.502,65013768,0,0,false,full
UC3,label_max,DB2,100000,11,decrypt,10.840,2762352,4194304,1,true,full
UC3,std,DB2,100000,12,setup,226.401,60066096,0,0,false,full
UC3,std,DB2,100000,12,precomp,0.000,0,0,0,false,full
UC3,std,DB2,100000,12,encrypt,89.021,26251768,0,0,false,full
UC3,std,DB2,100000,12,eval,1839.866,39820472,0,0,false,full
UC3,std,DB2,100000,12,decrypt,8.978,4860344,4194304,1,true,full
UC3,std_modsw,DB2,100000,12,setup,225.419,75425656,0,0,false,full
UC3,std_modsw,DB2,100000,12,precomp,0.000,0,0,0,false,full
UC3,std_modsw,DB2,100000,12,encrypt,89.755,26251768,0,0,false,full
UC3,std_modsw,DB2,100000,12,eval,1831.896,38767000,0,0,false,full
UC3,std_modsw,DB2,100000,12,decrypt,12.372,30071824,2097152,1,true,full
UC3,label,DB2,100000,12,setup,227.409,63212800,0,0,false,full
UC3,label,DB2,100000,12,precomp,0.000,0,0,0,false,full
UC3,label,DB2,100000,12,encrypt,110.724,50932424,0,0,false,full
UC3,label,DB2,100000,12,eval,2229.970,41106000,0,0,false,full
UC3,label,DB2,100000,12,decrypt,7.987,3813704,2097152,1,true,full
UC3,label_max,DB2,100000,12,setup,229.321,60066080,0,0,false,full
UC3,label_max,DB2,100000,12,precomp,0.001,0,0,0,false,full
UC3,label_max,DB2,100000,12,encrypt,110.289,50931960,0,0,false,full
UC3,label_max,DB2,100000,12,eval,3177.062,22839856,0,0,false,full
UC3,label_max,DB2,100000,12,decrypt,9.227,1182344,4194304,1,true,full
UC3,std,DB2,100000,13,setup,228.742,63213024,0,0,false,full
UC3,std,DB2,100000,13,precomp,0.000,0,0,0,false,full
UC3,std,DB2,100000,13,encrypt,88.888,26251768,0,0,false,full
UC3,std,DB2,100000,13,eval,1829.930,44034536,0,0,false,full
UC3,std,DB2,100000,13,decrypt,8.280,6306136,4194304,1,true,full
UC3,std_modsw,DB2,100000,13,setup,234.217,75557544,0,0,false,full
UC3,std_modsw,DB2,100000,13,precomp,0.001,0,0,0,false,full
UC3,std_modsw,DB2,100000,13,encrypt,92.230,26251768,0,0,false,full
UC3,std_modsw,DB2,100000,13,eval,1831.310,38766888,0,0,false,full
UC3,std_modsw,DB2,100000,13,decrypt,12.596,3025304,2097152,1,true,full
UC3,label,DB2,100000,13,setup,230.301,54281216,0,0,false,full
UC3,label,DB2,100000,13,precomp,0.000,0,0,0,false,full
UC3,label,DB2,100000,13,encrypt,108.912,46992288,0,0,false,full
UC3,label,DB2,100000,13,eval,2242.574,102977472,0,0,false,full
UC3,label,DB2,100000,13,decrypt,7.348,2238032,2097152,1,true,full
UC3,label_max,DB2,100000,13,setup,227.836,65318944,0,0,false,full
UC3,label_max,DB2,100000,13,precomp,0.000,0,0,0,false,full
UC3,label_max,DB2,100000,13,encrypt,109.342,50932360,0,0,false,full
UC3,label_max,DB2,100000,13,eval,3166.336,65006472,0,0,false,full
UC3,label_max,DB2,100000,13,decrypt,8.695,1186712,4194304,1,true,full
UC3,std,DB2,100000,14,setup,232.319,65318960,0,0,false,full
UC3,std,DB2,100000,14,precomp,0.000,0,0,0,false,full
UC3,std,DB2,100000,14,encrypt,91.512,26251768,0,0,false,full
UC3,std,DB2,100000,14,eval,1832.257,41927592,0,0,false,full
UC3,std,DB2,100000,14,decrypt,7.408,4860344,4194304,1,true,full
UC3,std_modsw,DB2,100000,14,setup,229.523,54545480,0,0,false,full
UC3,std_modsw,DB2,100000,14,precomp,0.000,0,0,0,false,full
UC3,std_modsw,DB2,100000,14,encrypt,91.379,26251768,0,0,false,full
UC3,std_modsw,DB2,100000,14,eval,1830.355,38766712,0,0,false,full
UC3,std_modsw,DB2,100000,14,decrypt,13.541,30071712,2097152,1,true,full
UC3,label,DB2,100000,14,setup,234.652,65319072,0,0,false,full
UC3,label,DB2,100000,14,precomp,0.000,0,0,0,false,full
UC3,label,DB2,100000,14,encrypt,106.372,50931896,0,0,false,full
UC3,label,DB2,100000,14,eval,2258.172,85160224,0,0,false,full
UC3,label,DB2,100000,14,decrypt,5.934,920648,2097152,1,true,full
UC3,label_max,DB2,100000,14,setup,231.968,54281360,0,0,false,full
UC3,label_max,DB2,100000,14,precomp,0.000,0,0,0,false,full
UC3,label_max,DB2,100000,14,encrypt,108.289,47180160,0,0,false,full
UC3,label_max,DB2,100000,14,eval,3162.128,44251872,0,0,false,full
UC3,label_max,DB2,100000,14,decrypt,9.409,1183224,4194304,1,true,full
UC3,std,DB2,100000,15,setup,225.172,60066208,0,0,false,full
UC3,std,DB2,100000,15,precomp,0.000,0,0,0,false,full
UC3,std,DB2,100000,15,encrypt,88.179,26251768,0,0,false,full
UC3,std,DB2,100000,15,eval,1834.827,39820568,0,0,false,full
UC3,std,DB2,100000,15,decrypt,9.377,4860344,4194304,1,true,full
UC3,std_modsw,DB2,100000,15,setup,229.280,68465648,0,0,false,full
UC3,std_modsw,DB2,100000,15,precomp,0.000,0,0,0,false,full
UC3,std_modsw,DB2,100000,15,encrypt,92.428,26251768,0,0,false,full
UC3,std_modsw,DB2,100000,15,eval,1835.619,38766904,0,0,false,full
UC3,std_modsw,DB2,100000,15,decrypt,14.456,30071712,2097152,1,true,full
UC3,label,DB2,100000,15,setup,231.005,65319072,0,0,false,full
UC3,label,DB2,100000,15,precomp,0.000,0,0,0,false,full
UC3,label,DB2,100000,15,encrypt,108.381,50932136,0,0,false,full
UC3,label,DB2,100000,15,eval,2263.244,61850136,0,0,false,full
UC3,label,DB2,100000,15,decrypt,6.098,920760,2097152,1,true,full
UC3,label_max,DB2,100000,15,setup,232.894,60063104,0,0,false,full
UC3,label_max,DB2,100000,15,precomp,0.000,0,0,0,false,full
UC3,label_max,DB2,100000,15,encrypt,110.275,50931688,0,0,false,full
UC3,label_max,DB2,100000,15,eval,3170.293,44251552,0,0,false,full
UC3,label_max,DB2,100000,15,decrypt,11.528,1182344,4194304,1,true,full
UC3,std,DB2,100000,16,setup,230.713,65319296,0,0,false,full
UC3,std,DB2,100000,16,precomp,0.000,0,0,0,false,full
UC3,std,DB2,100000,16,encrypt,91.203,26251768,0,0,false,full
UC3,std,DB2,100000,16,eval,1835.707,39820456,0,0,false,full
UC3,std,DB2,100000,16,decrypt,8.480,4860344,4194304,1,true,full
UC3,std_modsw,DB2,100000,16,setup,233.108,70304184,0,0,false,full
UC3,std_modsw,DB2,100000,16,precomp,0.000,0,0,0,false,full
UC3,std_modsw,DB2,100000,16,encrypt,89.323,26251768,0,0,false,full
UC3,std_modsw,DB2,100000,16,eval,1834.582,38766904,0,0,false,full
UC3,std_modsw,DB2,100000,16,decrypt,12.461,3025416,2097152,1,true,full
UC3,label,DB2,100000,16,setup,230.915,68465776,0,0,false,full
UC3,label,DB2,100000,16,precomp,0.000,0,0,0,false,full
UC3,label,DB2,100000,16,encrypt,106.727,47179936,0,0,false,full
UC3,label,DB2,100000,16,eval,2254.311,82188992,0,0,false,full
UC3,label,DB2,100000,16,decrypt,6.169,920760,2097152,1,true,full
UC3,label_max,DB2,100000,16,setup,234.549,59799160,0,0,false,full
UC3,label_max,DB2,100000,16,precomp,0.000,0,0,0,false,full
UC3,label_max,DB2,100000,16,encrypt,109.594,50932360,0,0,false,full
UC3,label_max,DB2,100000,16,eval,3184.039,107175760,0,0,false,full
UC3,label_max,DB2,100000,16,decrypt,10.870,1183448,4194304,1,true,full
UC3,std,DB2,100000,17,setup,224.459,65319072,0,0,false,full
UC3,std,DB2,100000,17,precomp,0.000,0,0,0,false,full
UC3,std,DB2,100000,17,encrypt,90.835,26251768,0,0,false,full
UC3,std,DB2,100000,17,eval,1835.224,38766904,0,0,false,full
UC3,std,DB2,100000,17,decrypt,8.586,4860344,4194304,1,true,full
UC3,std_modsw,DB2,100000,17,setup,229.039,54281248,0,0,false,full
UC3,std_modsw,DB2,100000,17,precomp,0.000,0,0,0,false,full
UC3,std_modsw,DB2,100000,17,encrypt,90.001,26251768,0,0,false,full
UC3,std_modsw,DB2,100000,17,eval,1836.175,39820472,0,0,false,full
UC3,std_modsw,DB2,100000,17,decrypt,11.897,30063472,2097152,1,true,full
UC3,label,DB2,100000,17,setup,230.924,54545496,0,0,false,full
UC3,label,DB2,100000,17,precomp,0.000,0,0,0,false,full
UC3,label,DB2,100000,17,encrypt,110.679,50931320,0,0,false,full
UC3,label,DB2,100000,17,eval,2252.857,61865896,0,0,false,full
UC3,label,DB2,100000,17,decrypt,6.398,920872,2097152,1,true,full
UC3,label_max,DB2,100000,17,setup,226.779,65319056,0,0,false,full
UC3,label_max,DB2,100000,17,precomp,0.000,0,0,0,false,full
UC3,label_max,DB2,100000,17,encrypt,108.146,46991760,0,0,false,full
UC3,label_max,DB2,100000,17,eval,3161.308,22831584,0,0,false,full
UC3,label_max,DB2,100000,17,decrypt,9.572,1183336,4194304,1,true,full
UC3,std,DB2,100000,18,setup,222.324,65315984,0,0,false,full
UC3,std,DB2,100000,18,precomp,0.000,0,0,0,false,full
UC3,std,DB2,100000,18,encrypt,89.334,26251768,0,0,false,full
UC3,std,DB2,100000,18,eval,1827.573,38766952,0,0,false,full
UC3,std,DB2,100000,18,decrypt,7.475,4860344,4194304,1,true,full
UC3,std_modsw,DB2,100000,18,setup,235.473,54545480,0,0,false,full
UC3,std_modsw,DB2,100000,18,precomp,0.000,0,0,0,false,full
UC3,std_modsw,DB2,100000,18,encrypt,92.847,26251768,0,0,false,full
UC3,std_modsw,DB2,100000,18,eval,1828.608,38766968,0,0,false,full
UC3,std_modsw,DB2,100000,18,decrypt,12.181,30056880,2097152,1,true,full
UC3,label,DB2,100000,18,setup,234.010,65318960,0,0,false,full
UC3,label,DB2,100000,18,precomp,0.001,0,0,0,false,full
UC3,label,DB2,100000,18,encrypt,107.737,50931752,0,0,false,full
UC3,label,DB2,100000,18,eval,2248.852,41106064,0,0,false,full
UC3,label,DB2,100000,18,decrypt,8.025,920536,2097152,1,true,full
UC3,label_max,DB2,100000,18,setup,224.043,60066416,0,0,false,full
UC3,label_max,DB2,100000,18,precomp,0.000,0,0,0,false,full
UC3,label_max,DB2,100000,18,encrypt,107.471,50931848,0,0,false,full
UC3,label_max,DB2,100000,18,eval,3173.435,86426984,0,0,false,full
UC3,label_max,DB2,100000,18,decrypt,10.149,1182552,4194304,1,true,full
UC3,std,DB2,100000,19,setup,231.914,60063120,0,0,false,full
UC3,std,DB2,100000,19,precomp,0.000,0,0,0,false,full
UC3,std,DB2,100000,19,encrypt,89.179,26251768,0,0,false,full
UC3,std,DB2,100000,19,eval,1837.889,44034536,0,0,false,full
UC3,std,DB2,100000,19,decrypt,7.860,6306136,4194304,1,true,full
UC3,std_modsw,DB2,100000,19,setup,231.266,57959920,0,0,false,full
UC3,std_modsw,DB2,100000,19,precomp,0.000,0,0,0,false,full
UC3,std_modsw,DB2,100000,19,encrypt,89.037,26251768,0,0,false,full
UC3,std_modsw,DB2,100000,19,eval,1835.648,38766888,0,0,false,full
UC3,std_modsw,DB2,100000,19,decrypt,12.748,-2488768,2097152,1,true,full
UC3,label,DB2,100000,19,setup,235.261,75292720,0,0,false,full
UC3,label,DB2,100000,19,precomp,0.000,0,0,0,false,full
UC3,label,DB2,100000,19,encrypt,108.885,50931592,0,0,false,full
UC3,label,DB2,100000,19,eval,2222.557,53713192,0,0,false,full
UC3,label,DB2,100000,19,decrypt,7.947,2237712,2097152,1,true,full
UC3,label_max,DB2,100000,19,setup,226.106,65319056,0,0,false,full
UC3,label_max,DB2,100000,19,precomp,0.000,0,0,0,false,full
UC3,label_max,DB2,100000,19,encrypt,114.809,46992112,0,0,false,full
UC3,label_max,DB2,100000,19,eval,3168.337,65014472,0,0,false,full
UC3,label_max,DB2,100000,19,decrypt,10.264,1183224,4194304,1,true,full
UC3,std,DB2,100000,20,setup,227.823,68465664,0,0,false,full
UC3,std,DB2,100000,20,precomp,0.000,0,0,0,false,full
UC3,std,DB2,100000,20,encrypt,90.721,26251768,0,0,false,full
UC3,std,DB2,100000,20,eval,1839.952,39820472,0,0,false,full
UC3,std,DB2,100000,20,decrypt,8.225,4860344,4194304,1,true,full
UC3,std_modsw,DB2,100000,20,setup,230.971,59798664,0,0,false,full
UC3,std_modsw,DB2,100000,20,precomp,0.000,0,0,0,false,full
UC3,std_modsw,DB2,100000,20,encrypt,92.530,26251768,0,0,false,full
UC3,std_modsw,DB2,100000,20,eval,1840.820,38766888,0,0,false,full
UC3,std_modsw,DB2,100000,20,decrypt,13.488,8129448,2097152,1,true,full
UC3,label,DB2,100000,20,setup,236.413,54546216,0,0,false,full
UC3,label,DB2,100000,20,precomp,0.000,0,0,0,false,full
UC3,label,DB2,100000,20,encrypt,108.779,46992112,0,0,false,full
UC3,label,DB2,100000,20,eval,2242.766,99964368,0,0,false,full
UC3,label,DB2,100000,20,decrypt,7.194,3813592,2097152,1,true,full
UC3,label_max,DB2,100000,20,setup,224.658,65319056,0,0,false,full
UC3,label_max,DB2,100000,20,precomp,0.000,0,0,0,false,full
UC3,label_max,DB2,100000,20,encrypt,108.426,47181952,0,0,false,full
UC3,label_max,DB2,100000,20,eval,3197.389,44251760,0,0,false,full
UC3,label_max,DB2,100000,20,decrypt,8.448,1183000,4194304,1,true,full
UC3,std,DB3,1000000,1,setup,231.973,54810464,0,0,false,full
UC3,std,DB3,1000000,1,precomp,0.001,0,0,0,false,full
UC3,std,DB3,1000000,1,encrypt,783.059,137270304,0,0,false,full
UC3,std,DB3,1000000,1,eval,16080.585,60002488,0,0,false,full
UC3,std,DB3,1000000,1,decrypt,7.207,11820368,4194304,1,true,full
UC3,std_modsw,DB3,1000000,1,setup,217.313,54809632,0,0,false,full
UC3,std_modsw,DB3,1000000,1,precomp,0.000,0,0,0,false,full
UC3,std_modsw,DB3,1000000,1,encrypt,783.237,137270304,0,0,false,full
UC3,std_modsw,DB3,1000000,1,eval,16089.899,60002600,0,0,false,full
UC3,std_modsw,DB3,1000000,1,decrypt,11.753,4208072,2097152,1,true,full
UC3,label,DB3,1000000,1,setup,214.871,70304376,0,0,false,full
UC3,label,DB3,1000000,1,precomp,0.000,0,0,0,false,full
UC3,label,DB3,1000000,1,encrypt,926.546,201210872,0,0,false,full
UC3,label,DB3,1000000,1,eval,18251.803,33897536,0,0,false,full
UC3,label,DB3,1000000,1,decrypt,5.999,9063096,2097152,1,true,full
UC3,label_max,DB3,1000000,1,setup,219.304,75821968,0,0,false,full
UC3,label_max,DB3,1000000,1,precomp,0.000,0,0,0,false,full
UC3,label_max,DB3,1000000,1,encrypt,931.602,191939200,0,0,false,full
UC3,label_max,DB3,1000000,1,eval,26530.131,37041792,0,0,false,full
UC3,label_max,DB3,1000000,1,decrypt,8.291,10112584,4194304,1,true,full
UC3,std,DB3,1000000,2,setup,216.576,75824912,0,0,false,full
UC3,std,DB3,1000000,2,precomp,0.000,0,0,0,false,full
UC3,std,DB3,1000000,2,encrypt,785.124,137814296,0,0,false,full
UC3,std,DB3,1000000,2,eval,16050.111,60002712,0,0,false,full
UC3,std,DB3,1000000,2,decrypt,8.361,11820368,4194304,1,true,full
UC3,std_modsw,DB3,1000000,2,setup,213.210,60066192,0,0,false,full
UC3,std_modsw,DB3,1000000,2,precomp,0.000,0,0,0,false,full
UC3,std_modsw,DB3,1000000,2,encrypt,793.236,137270304,0,0,false,full
UC3,std_modsw,DB3,1000000,2,eval,16052.580,60002584,0,0,false,full
UC3,std_modsw,DB3,1000000,2,decrypt,11.910,6046712,2097152,1,true,full
UC3,label,DB3,1000000,2,setup,214.974,70040080,0,0,false,full
UC3,label,DB3,1000000,2,precomp,0.001,0,0,0,false,full
UC3,label,DB3,1000000,2,encrypt,926.484,211449784,0,0,false,full
UC3,label,DB3,1000000,2,eval,18218.407,230940000,0,0,false,full
UC3,label,DB3,1000000,2,decrypt,5.910,9063208,2097152,1,true,full
UC3,label_max,DB3,1000000,2,setup,223.996,80545312,0,0,false,full
UC3,label_max,DB3,1000000,2,precomp,0.001,0,0,0,false,full
UC3,label_max,DB3,1000000,2,encrypt,928.890,211449624,0,0,false,full
UC3,label_max,DB3,1000000,2,eval,26429.508,79217224,0,0,false,full
UC3,label_max,DB3,1000000,2,decrypt,8.536,10112584,4194304,1,true,full
UC3,std,DB3,1000000,3,setup,216.159,75821968,0,0,false,full
UC3,std,DB3,1000000,3,precomp,0.001,0,0,0,false,full
UC3,std,DB3,1000000,3,encrypt,785.657,137270304,0,0,false,full
UC3,std,DB3,1000000,3,eval,16073.910,60002472,0,0,false,full
UC3,std,DB3,1000000,3,decrypt,7.193,11820368,4194304,1,true,full
UC3,std_modsw,DB3,1000000,3,setup,216.288,54809856,0,0,false,full
UC3,std_modsw,DB3,1000000,3,precomp,0.000,0,0,0,false,full
UC3,std_modsw,DB3,1000000,3,encrypt,783.263,137270304,0,0,false,full
UC3,std_modsw,DB3,1000000,3,eval,16073.058,60002520,0,0,false,full
UC3,std_modsw,DB3,1000000,3,decrypt,11.450,8148240,2097152,1,true,full
UC3,label,DB3,1000000,3,setup,218.164,65051720,0,0,false,full
UC3,label,DB3,1000000,3,precomp,0.000,0,0,0,false,full
UC3,label,DB3,1000000,3,encrypt,927.219,201210488,0,0,false,full
UC3,label,DB3,1000000,3,eval,18379.393,219145720,0,0,false,full
UC3,label,DB3,1000000,3,decrypt,6.241,9063096,2097152,1,true,full
UC3,label_max,DB3,1000000,3,setup,213.783,59798952,0,0,false,full
UC3,label_max,DB3,1000000,3,precomp,0.000,0,0,0,false,full
UC3,label_max,DB3,1000000,3,encrypt,930.383,192148112,0,0,false,full
UC3,label_max,DB3,1000000,3,eval,26452.509,121391216,0,0,false,full
UC3,label_max,DB3,1000000,3,decrypt,8.463,10112584,4194304,1,true,full
UC3,std,DB3,1000000,4,setup,220.575,75824800,0,0,false,full
UC3,std,DB3,1000000,4,precomp,0.000,0,0,0,false,full
UC3,std,DB3,1000000,4,encrypt,786.789,137814296,0,0,false,full
UC3,std,DB3,1000000,4,eval,16038.920,60002584,0,0,false,full
UC3,std,DB3,1000000,4,decrypt,7.394,11820368,4194304,1,true,full
UC3,std_modsw,DB3,1000000,4,setup,216.093,64787088,0,0,false,full
UC3,std_modsw,DB3,1000000,4,precomp,0.000,0,0,0,false,full
UC3,std_modsw,DB3,1000000,4,encrypt,786.179,137270304,0,0,false,full
UC3,std_modsw,DB3,1000000,4,eval,16041.652,60002712,0,0,false,full
UC3,std_modsw,DB3,1000000,4,decrypt,12.080,8148240,2097152,1,true,full
UC3,label,DB3,1000000,4,setup,218.964,70039488,0,0,false,full
UC3,label,DB3,1000000,4,precomp,0.000,0,0,0,false,full
UC3,label,DB3,1000000,4,encrypt,925.964,211449512,0,0,false,full
UC3,label,DB3,1000000,4,eval,18234.951,136882248,0,0,false,full
UC3,label,DB3,1000000,4,decrypt,5.369,9063096,2097152,1,true,full
UC3,label_max,DB3,1000000,4,setup,217.324,75557544,0,0,false,full
UC3,label_max,DB3,1000000,4,precomp,0.000,0,0,0,false,full
UC3,label_max,DB3,1000000,4,encrypt,931.381,201211000,0,0,false,full
UC3,label_max,DB3,1000000,4,eval,26384.734,38527280,0,0,false,full
UC3,label_max,DB3,1000000,4,decrypt,8.605,10112584,4194304,1,true,full
UC3,std,DB3,1000000,5,setup,219.519,75822192,0,0,false,full
UC3,std,DB3,1000000,5,precomp,0.000,0,0,0,false,full
UC3,std,DB3,1000000,5,encrypt,784.057,137270304,0,0,false,full
UC3,std,DB3,1000000,5,eval,16087.106,60002520,0,0,false,full
UC3,std,DB3,1000000,5,decrypt,7.331,11820368,4194304,1,true,full
UC3,std_modsw,DB3,1000000,5,setup,216.780,64786976,0,0,false,full
UC3,std_modsw,DB3,1000000,5,precomp,0.000,0,0,0,false,full
UC3,std_modsw,DB3,1000000,5,encrypt,788.154,137270304,0,0,false,full
UC3,std_modsw,DB3,1000000,5,eval,16058.492,60002472,0,0,false,full
UC3,std_modsw,DB3,1000000,5,decrypt,11.646,8148240,2097152,1,true,full
UC3,label,DB3,1000000,5,setup,221.968,64786992,0,0,false,full
UC3,label,DB3,1000000,5,precomp,0.000,0,0,0,false,full
UC3,label,DB3,1000000,5,encrypt,931.309,196091848,0,0,false,full
UC3,label,DB3,1000000,5,eval,18227.359,33895040,0,0,false,full
UC3,label,DB3,1000000,5,decrypt,5.977,9063096,2097152,1,true,full
UC3,label_max,DB3,1000000,5,setup,215.709,75821968,0,0,false,full
UC3,label_max,DB3,1000000,5,precomp,0.001,0,0,0,false,full
UC3,label_max,DB3,1000000,5,encrypt,928.983,201211048,0,0,false,full
UC3,label_max,DB3,1000000,5,eval,26394.781,57799512,0,0,false,full
UC3,label_max,DB3,1000000,5,decrypt,9.568,10112136,4194304,1,true,full
UC3,std,DB3,1000000,6,setup,217.005,75824800,0,0,false,full
UC3,std,DB3,1000000,6,precomp,0.000,0,0,0,false,full
UC3,std,DB3,1000000,6,encrypt,805.960,137270304,0,0,false,full
UC3,std,DB3,1000000,6,eval,16030.029,60002520,0,0,false,full
UC3,std,DB3,1000000,6,decrypt,7.596,11820368,4194304,1,true,full
UC3,std_modsw,DB3,1000000,6,setup,221.589,54810400,0,0,false,full
UC3,std_modsw,DB3,1000000,6,precomp,0.000,0,0,0,false,full
UC3,std_modsw,DB3,1000000,6,encrypt,783.358,137270304,0,0,false,full
UC3,std_modsw,DB3,1000000,6,eval,16077.677,60002520,0,0,false,full
UC3,std_modsw,DB3,1000000,6,decrypt,12.449,3025192,2097152,1,true,full
UC3,label,DB3,1000000,6,setup,221.350,80545536,0,0,false,full
UC3,label,DB3,1000000,6,precomp,0.000,0,0,0,false,full
UC3,label,DB3,1000000,6,encrypt,926.069,191938992,0,0,false,full
UC3,label,DB3,1000000,6,eval,18227.852,95780928,0,0,false,full
UC3,label,DB3,1000000,6,decrypt,5.678,9063096,2097152,1,true,full
UC3,label_max,DB3,1000000,6,setup,215.897,75824672,0,0,false,full
UC3,label_max,DB3,1000000,6,precomp,0.001,0,0,0,false,full
UC3,label_max,DB3,1000000,6,encrypt,926.533,201210856,0,0,false,full
UC3,label_max,DB3,1000000,6,eval,26405.063,121392240,0,0,false,full
UC3,label_max,DB3,1000000,6,decrypt,9.732,10112584,4194304,1,true,full
UC3,std,DB3,1000000,7,setup,219.758,54813344,0,0,false,full
UC3,std,DB3,1000000,7,precomp,0.000,0,0,0,false,full
UC3,std,DB3,1000000,7,encrypt,789.396,137270512,0,0,false,full
UC3,std,DB3,1000000,7,eval,16061.277,60002712,0,0,false,full
UC3,std,DB3,1000000,7,decrypt,8.140,11820368,4194304,1,true,full
UC3,std_modsw,DB3,1000000,7,setup,215.021,63212784,0,0,false,full
UC3,std_modsw,DB3,1000000,7,precomp,0.000,0,0,0,false,full
UC3,std_modsw,DB3,1000000,7,encrypt,782.766,137270304,0,0,false,full
UC3,std_modsw,DB3,1000000,7,eval,16043.634,60002728,0,0,false,full
UC3,std_modsw,DB3,1000000,7,decrypt,11.716,8148088,2097152,1,true,full
UC3,label,DB3,1000000,7,setup,216.981,63212912,0,0,false,full
UC3,label,DB3,1000000,7,precomp,0.000,0,0,0,false,full
UC3,label,DB3,1000000,7,encrypt,924.278,201210872,0,0,false,full
UC3,label,DB3,1000000,7,eval,18280.007,219144376,0,0,false,full
UC3,label,DB3,1000000,7,decrypt,5.681,9063096,2097152,1,true,full
UC3,label_max,DB3,1000000,7,setup,229.050,80545568,0,0,false,full
UC3,label_max,DB3,1000000,7,precomp,0.000,0,0,0,false,full
UC3,label_max,DB3,1000000,7,encrypt,933.199,201210808,0,0,false,full
UC3,label_max,DB3,1000000,7,eval,26435.189,37043456,0,0,false,full
UC3,label_max,DB3,1000000,7,decrypt,7.861,8274232,4194304,1,true,full
UC3,std,DB3,1000000,8,setup,217.150,65315984,0,0,false,full
UC3,std,DB3,1000000,8,precomp,0.001,0,0,0,false,full
UC3,std,DB3,1000000,8,encrypt,784.690,137270304,0,0,false,full
UC3,std,DB3,1000000,8,eval,16002.699,60002520,0,0,false,full
UC3,std,DB3,1000000,8,decrypt,7.208,11820368,4194304,1,true,full
UC3,std_modsw,DB3,1000000,8,setup,220.452,57960032,0,0,false,full
UC3,std_modsw,DB3,1000000,8,precomp,0.000,0,0,0,false,full
UC3,std_modsw,DB3,1000000,8,encrypt,789.272,137270304,0,0,false,full
UC3,std_modsw,DB3,1000000,8,eval,16034.700,60002712,0,0,false,full
UC3,std_modsw,DB3,1000000,8,decrypt,13.254,4208072,2097152,1,true,full
UC3,label,DB3,1000000,8,setup,217.599,70303976,0,0,false,full
UC3,label,DB3,1000000,8,precomp,0.001,0,0,0,false,full
UC3,label,DB3,1000000,8,encrypt,928.092,201210648,0,0,false,full
UC3,label,DB3,1000000,8,eval,18260.006,198391120,0,0,false,full
UC3,label,DB3,1000000,8,decrypt,5.807,9063096,2097152,1,true,full
UC3,label_max,DB3,1000000,8,setup,216.397,59534224,0,0,false,full
UC3,label_max,DB3,1000000,8,precomp,0.001,0,0,0,false,full
UC3,label_max,DB3,1000000,8,encrypt,924.768,201210616,0,0,false,full
UC3,label_max,DB3,1000000,8,eval,26469.188,184326352,0,0,false,full
UC3,label_max,DB3,1000000,8,decrypt,9.122,10112584,4194304,1,true,full
UC3,std,DB3,1000000,9,setup,217.356,54813232,0,0,false,full
UC3,std,DB3,1000000,9,precomp,0.000,0,0,0,false,full
UC3,std,DB3,1000000,9,encrypt,785.084,137270304,0,0,false,full
UC3,std,DB3,1000000,9,eval,16080.009,60002472,0,0,false,full
UC3,std,DB3,1000000,9,decrypt,7.367,11820368,4194304,1,true,full
UC3,std_modsw,DB3,1000000,9,setup,221.143,60066080,0,0,false,full
UC3,std_modsw,DB3,1000000,9,precomp,0.000,0,0,0,false,full
UC3,std_modsw,DB3,1000000,9,encrypt,790.728,137270304,0,0,false,full
UC3,std_modsw,DB3,1000000,9,eval,16029.681,60002808,0,0,false,full
UC3,std_modsw,DB3,1000000,9,decrypt,11.364,3024856,2097152,1,true,full
UC3,label,DB3,1000000,9,setup,223.106,54281104,0,0,false,full
UC3,label,DB3,1000000,9,precomp,0.000,0,0,0,false,full
UC3,label,DB3,1000000,9,encrypt,929.604,201210616,0,0,false,full
UC3,label,DB3,1000000,9,eval,18282.220,75018840,0,0,false,full
UC3,label,DB3,1000000,9,decrypt,6.489,9063096,2097152,1,true,full
UC3,label_max,DB3,1000000,9,setup,224.585,80810200,0,0,false,full
UC3,label_max,DB3,1000000,9,precomp,0.000,0,0,0,false,full
UC3,label_max,DB3,1000000,9,encrypt,925.707,191939424,0,0,false,full
UC3,label_max,DB3,1000000,9,eval,26493.259,191997952,0,0,false,full
UC3,label_max,DB3,1000000,9,decrypt,9.776,10112584,4194304,1,true,full
UC3,std,DB3,1000000,10,setup,214.056,59533760,0,0,false,full
UC3,std,DB3,1000000,10,precomp,0.000,0,0,0,false,full
UC3,std,DB3,1000000,10,encrypt,784.133,137270512,0,0,false,full
UC3,std,DB3,1000000,10,eval,16017.653,60002696,0,0,false,full
UC3,std,DB3,1000000,10,decrypt,7.892,11820368,4194304,1,true,full
UC3,std_modsw,DB3,1000000,10,setup,218.630,60066304,0,0,false,full
UC3,std_modsw,DB3,1000000,10,precomp,0.000,0,0,0,false,full
UC3,std_modsw,DB3,1000000,10,encrypt,785.164,137270304,0,0,false,full
UC3,std_modsw,DB3,1000000,10,eval,16028.130,60002696,0,0,false,full
UC3,std_modsw,DB3,1000000,10,decrypt,12.366,4735672,2097152,1,true,full
UC3,label,DB3,1000000,10,setup,216.942,70568704,0,0,false,full
UC3,label,DB3,1000000,10,precomp,0.000,0,0,0,false,full
UC3,label,DB3,1000000,10,encrypt,926.759,191939328,0,0,false,full
UC3,label,DB3,1000000,10,eval,18243.164,95779264,0,0,false,full
UC3,label,DB3,1000000,10,decrypt,6.097,9063096,2097152,1,true,full
UC3,label_max,DB3,1000000,10,setup,218.620,75292336,0,0,false,full
UC3,label_max,DB3,1000000,10,precomp,0.001,0,0,0,false,full
UC3,label_max,DB3,1000000,10,encrypt,930.502,201211176,0,0,false,full
UC3,label_max,DB3,1000000,10,eval,28489.128,79209048,0,0,false,full
UC3,label_max,DB3,1000000,10,decrypt,9.113,10112584,4194304,1,true,full
UC3,std,DB3,1000000,11,setup,232.146,59533760,0,0,false,full
UC3,std,DB3,1000000,11,precomp,0.000,0,0,0,false,full
UC3,std,DB3,1000000,11,encrypt,832.141,137814088,0,0,false,full
UC3,std,DB3,1000000,11,eval,16796.844,60002584,0,0,false,full
UC3,std,DB3,1000000,11,decrypt,7.310,11820368,4194304,1,true,full
UC3,std_modsw,DB3,1000000,11,setup,233.495,60066080,0,0,false,full
UC3,std_modsw,DB3,1000000,11,precomp,0.001,0,0,0,false,full
UC3,std_modsw,DB3,1000000,11,encrypt,829.611,137270304,0,0,false,full
UC3,std_modsw,DB3,1000000,11,eval,16871.342,60002712,0,0,false,full
UC3,std_modsw,DB3,1000000,11,decrypt,11.661,8148464,2097152,1,true,full
UC3,label,DB3,1000000,11,setup,229.736,54813232,0,0,false,full
UC3,label,DB3,1000000,11,precomp,0.000,0,0,0,false,full
UC3,label,DB3,1000000,11,encrypt,981.604,196091032,0,0,false,full
UC3,label,DB3,1000000,11,eval,18379.650,33895248,0,0,false,full
UC3,label,DB3,1000000,11,decrypt,5.633,9063096,2097152,1,true,full
UC3,label_max,DB3,1000000,11,setup,218.523,54545976,0,0,false,full
UC3,label_max,DB3,1000000,11,precomp,0.000,0,0,0,false,full
UC3,label_max,DB3,1000000,11,encrypt,928.508,201211064,0,0,false,full
UC3,label_max,DB3,1000000,11,eval,26460.770,184326768,0,0,false,full
UC3,label_max,DB3,1000000,11,decrypt,7.898,10112584,4194304,1,true,full
UC3,std,DB3,1000000,12,setup,217.843,75821712,0,0,false,full
UC3,std,DB3,1000000,12,precomp,0.000,0,0,0,false,full
UC3,std,DB3,1000000,12,encrypt,788.135,137270304,0,0,false,full
UC3,std,DB3,1000000,12,eval,16082.594,60002520,0,0,false,full
UC3,std,DB3,1000000,12,decrypt,7.172,11820368,4194304,1,true,full
UC3,std_modsw,DB3,1000000,12,setup,215.082,54809744,0,0,false,full
UC3,std_modsw,DB3,1000000,12,precomp,0.000,0,0,0,false,full
UC3,std_modsw,DB3,1000000,12,encrypt,789.128,137270512,0,0,false,full
UC3,std_modsw,DB3,1000000,12,eval,16056.826,60002520,0,0,false,full
UC3,std_modsw,DB3,1000000,12,decrypt,12.225,6046712,2097152,1,true,full
UC3,label,DB3,1000000,12,setup,218.348,75292464,0,0,false,full
UC3,label,DB3,1000000,12,precomp,0.000,0,0,0,false,full
UC3,label,DB3,1000000,12,encrypt,925.663,201211032,0,0,false,full
UC3,label,DB3,1000000,12,eval,18276.560,157267224,0,0,false,full
UC3,label,DB3,1000000,12,decrypt,5.894,9063096,2097152,1,true,full
UC3,label_max,DB3,1000000,12,setup,218.443,75824784,0,0,false,full
UC3,label_max,DB3,1000000,12,precomp,0.000,0,0,0,false,full
UC3,label_max,DB3,1000000,12,encrypt,927.492,191939040,0,0,false,full
UC3,label_max,DB3,1000000,12,eval,26454.146,79216120,0,0,false,full
UC3,label_max,DB3,1000000,12,decrypt,9.897,10112136,4194304,1,true,full
UC3,std,DB3,1000000,13,setup,215.229,75557432,0,0,false,full
UC3,std,DB3,1000000,13,precomp,0.000,0,0,0,false,full
UC3,std,DB3,1000000,13,encrypt,785.113,137270304,0,0,false,full
UC3,std,DB3,1000000,13,eval,16013.552,60002520,0,0,false,full
UC3,std,DB3,1000000,13,decrypt,7.189,11820368,4194304,1,true,full
UC3,std_modsw,DB3,1000000,13,setup,216.289,54810256,0,0,false,full
UC3,std_modsw,DB3,1000000,13,precomp,0.001,0,0,0,false,full
UC3,std_modsw,DB3,1000000,13,encrypt,784.139,137814296,0,0,false,full
UC3,std_modsw,DB3,1000000,13,eval,16041.656,60002488,0,0,false,full
UC3,std_modsw,DB3,1000000,13,decrypt,12.224,6572456,2097152,1,true,full
UC3,label,DB3,1000000,13,setup,218.235,75557784,0,0,false,full
UC3,label,DB3,1000000,13,precomp,0.000,0,0,0,false,full
UC3,label,DB3,1000000,13,encrypt,931.260,201211288,0,0,false,full
UC3,label,DB3,1000000,13,eval,18215.612,157266632,0,0,false,full
UC3,label,DB3,1000000,13,decrypt,5.865,9063096,2097152,1,true,full
UC3,label_max,DB3,1000000,13,setup,217.942,75821952,0,0,false,full
UC3,label_max,DB3,1000000,13,precomp,0.000,0,0,0,false,full
UC3,label_max,DB3,1000000,13,encrypt,933.138,192139456,0,0,false,full
UC3,label_max,DB3,1000000,13,eval,26460.484,205740224,0,0,false,full
UC3,label_max,DB3,1000000,13,decrypt,8.317,10112584,4194304,1,true,full
UC3,std,DB3,1000000,14,setup,218.260,80545648,0,0,false,full
UC3,std,DB3,1000000,14,precomp,0.000,0,0,0,false,full
UC3,std,DB3,1000000,14,encrypt,786.276,137270304,0,0,false,full
UC3,std,DB3,1000000,14,eval,16036.372,60002520,0,0,false,full
UC3,std,DB3,1000000,14,decrypt,8.010,11820368,4194304,1,true,full
UC3,std_modsw,DB3,1000000,14,setup,216.930,59798344,0,0,false,full
UC3,std_modsw,DB3,1000000,14,precomp,0.001,0,0,0,false,full
UC3,std_modsw,DB3,1000000,14,encrypt,785.608,137270304,0,0,false,full
UC3,std_modsw,DB3,1000000,14,eval,16053.931,60002472,0,0,false,full
UC3,std_modsw,DB3,1000000,14,decrypt,11.537,8148240,2097152,1,true,full
UC3,label,DB3,1000000,14,setup,216.822,60063344,0,0,false,full
UC3,label,DB3,1000000,14,precomp,0.001,0,0,0,false,full
UC3,label,DB3,1000000,14,encrypt,925.734,201210840,0,0,false,full
UC3,label,DB3,1000000,14,eval,18250.135,136885128,0,0,false,full
UC3,label,DB3,1000000,14,decrypt,6.178,9063096,2097152,1,true,full
UC3,label_max,DB3,1000000,14,setup,218.667,75821696,0,0,false,full
UC3,label_max,DB3,1000000,14,precomp,0.000,0,0,0,false,full
UC3,label_max,DB3,1000000,14,encrypt,930.566,191939008,0,0,false,full
UC3,label_max,DB3,1000000,14,eval,26445.253,205739136,0,0,false,full
UC3,label_max,DB3,1000000,14,decrypt,8.770,10112584,4194304,1,true,full
UC3,std,DB3,1000000,15,setup,214.765,64786624,0,0,false,full
UC3,std,DB3,1000000,15,precomp,0.000,0,0,0,false,full
UC3,std,DB3,1000000,15,encrypt,784.711,137270304,0,0,false,full
UC3,std,DB3,1000000,15,eval,16083.824,60002488,0,0,false,full
UC3,std,DB3,1000000,15,decrypt,9.087,11820368,4194304,1,true,full
UC3,std_modsw,DB3,1000000,15,setup,218.924,54803072,0,0,false,full
UC3,std_modsw,DB3,1000000,15,precomp,0.000,0,0,0,false,full
UC3,std_modsw,DB3,1000000,15,encrypt,785.110,137270304,0,0,false,full
UC3,std_modsw,DB3,1000000,15,eval,16092.920,60002584,0,0,false,full
UC3,std_modsw,DB3,1000000,15,decrypt,11.867,8148240,2097152,1,true,full
UC3,label,DB3,1000000,15,setup,216.671,60066096,0,0,false,full
UC3,label,DB3,1000000,15,precomp,0.001,0,0,0,false,full
UC3,label,DB3,1000000,15,encrypt,934.285,191939360,0,0,false,full
UC3,label,DB3,1000000,15,eval,18230.426,117040512,0,0,false,full
UC3,label,DB3,1000000,15,decrypt,6.349,9063096,2097152,1,true,full
UC3,label_max,DB3,1000000,15,setup,216.654,80545312,0,0,false,full
UC3,label_max,DB3,1000000,15,precomp,0.001,0,0,0,false,full
UC3,label_max,DB3,1000000,15,encrypt,938.041,201210776,0,0,false,full
UC3,label_max,DB3,1000000,15,eval,26468.112,15670048,0,0,false,full
UC3,label_max,DB3,1000000,15,decrypt,7.966,10112584,4194304,1,true,full
UC3,std,DB3,1000000,16,setup,217.138,54809648,0,0,false,full
UC3,std,DB3,1000000,16,precomp,0.000,0,0,0,false,full
UC3,std,DB3,1000000,16,encrypt,785.206,137270304,0,0,false,full
UC3,std,DB3,1000000,16,eval,16073.714,60002472,0,0,false,full
UC3,std,DB3,1000000,16,decrypt,7.481,11820368,4194304,1,true,full
UC3,std_modsw,DB3,1000000,16,setup,214.854,60066192,0,0,false,full
UC3,std_modsw,DB3,1000000,16,precomp,0.001,0,0,0,false,full
UC3,std_modsw,DB3,1000000,16,encrypt,783.401,137270512,0,0,false,full
UC3,std_modsw,DB3,1000000,16,eval,16042.857,60002520,0,0,false,full
UC3,std_modsw,DB3,1000000,16,decrypt,11.421,6047848,2097152,1,true,full
UC3,label,DB3,1000000,16,setup,214.807,70303768,0,0,false,full
UC3,label,DB3,1000000,16,precomp,0.000,0,0,0,false,full
UC3,label,DB3,1000000,16,encrypt,935.406,212378128,0,0,false,full
UC3,label,DB3,1000000,16,eval,18246.896,95779600,0,0,false,full
UC3,label,DB3,1000000,16,decrypt,5.853,9063096,2097152,1,true,full
UC3,label_max,DB3,1000000,16,setup,218.227,75821088,0,0,false,full
UC3,label_max,DB3,1000000,16,precomp,0.000,0,0,0,false,full
UC3,label_max,DB3,1000000,16,encrypt,931.566,211449944,0,0,false,full
UC3,label_max,DB3,1000000,16,eval,26496.488,37034928,0,0,false,full
UC3,label_max,DB3,1000000,16,decrypt,9.678,10112584,4194304,1,true,full
UC3,std,DB3,1000000,17,setup,215.037,60062880,0,0,false,full
UC3,std,DB3,1000000,17,precomp,0.000,0,0,0,false,full
UC3,std,DB3,1000000,17,encrypt,787.551,137270304,0,0,false,full
UC3,std,DB3,1000000,17,eval,16058.616,60002520,0,0,false,full
UC3,std,DB3,1000000,17,decrypt,7.750,11820368,4194304,1,true,full
UC3,std_modsw,DB3,1000000,17,setup,217.158,54810032,0,0,false,full
UC3,std_modsw,DB3,1000000,17,precomp,0.000,0,0,0,false,full
UC3,std_modsw,DB3,1000000,17,encrypt,790.311,137270304,0,0,false,full
UC3,std_modsw,DB3,1000000,17,eval,16430.981,60002472,0,0,false,full
UC3,std_modsw,DB3,1000000,17,decrypt,13.264,6047592,2097152,1,true,full
UC3,label,DB3,1000000,17,setup,229.455,70568352,0,0,false,full
UC3,label,DB3,1000000,17,precomp,0.000,0,0,0,false,full
UC3,label,DB3,1000000,17,encrypt,963.601,211449688,0,0,false,full
UC3,label,DB3,1000000,17,eval,19076.998,219153336,0,0,false,full
UC3,label,DB3,1000000,17,decrypt,6.150,9063096,2097152,1,true,full
UC3,label_max,DB3,1000000,17,setup,228.893,75557528,0,0,false,full
UC3,label_max,DB3,1000000,17,precomp,0.000,0,0,0,false,full
UC3,label_max,DB3,1000000,17,encrypt,977.990,201211000,0,0,false,full
UC3,label_max,DB3,1000000,17,eval,27280.221,121391440,0,0,false,full
UC3,label_max,DB3,1000000,17,decrypt,9.179,10112584,4194304,1,true,full
UC3,std,DB3,1000000,18,setup,221.806,80545536,0,0,false,full
UC3,std,DB3,1000000,18,precomp,0.000,0,0,0,false,full
UC3,std,DB3,1000000,18,encrypt,811.317,137814296,0,0,false,full
UC3,std,DB3,1000000,18,eval,16627.851,60002696,0,0,false,full
UC3,std,DB3,1000000,18,decrypt,7.824,11820368,4194304,1,true,full
UC3,std_modsw,DB3,1000000,18,setup,216.679,64787088,0,0,false,full
UC3,std_modsw,DB3,1000000,18,precomp,0.001,0,0,0,false,full
UC3,std_modsw,DB3,1000000,18,encrypt,821.889,137270512,0,0,false,full
UC3,std_modsw,DB3,1000000,18,eval,16682.203,60002712,0,0,false,full
UC3,std_modsw,DB3,1000000,18,decrypt,12.382,6572232,2097152,1,true,full
UC3,label,DB3,1000000,18,setup,226.840,70039968,0,0,false,full
UC3,label,DB3,1000000,18,precomp,0.000,0,0,0,false,full
UC3,label,DB3,1000000,18,encrypt,982.353,201210312,0,0,false,full
UC3,label,DB3,1000000,18,eval,19115.292,33894704,0,0,false,full
UC3,label,DB3,1000000,18,decrypt,6.050,9063096,2097152,1,true,full
UC3,label_max,DB3,1000000,18,setup,227.689,54545976,0,0,false,full
UC3,label_max,DB3,1000000,18,precomp,0.000,0,0,0,false,full
UC3,label_max,DB3,1000000,18,encrypt,974.466,201210440,0,0,false,full
UC3,label_max,DB3,1000000,18,eval,27669.712,210763008,0,0,false,full
UC3,label_max,DB3,1000000,18,decrypt,8.572,10112584,4194304,1,true,full
UC3,std,DB3,1000000,19,setup,228.327,54546104,0,0,false,full
UC3,std,DB3,1000000,19,precomp,0.001,0,0,0,false,full
UC3,std,DB3,1000000,19,encrypt,828.741,137270304,0,0,false,full
UC3,std,DB3,1000000,19,eval,16896.894,60002808,0,0,false,full
UC3,std,DB3,1000000,19,decrypt,7.502,11820368,4194304,1,true,full
UC3,std_modsw,DB3,1000000,19,setup,225.976,54809632,0,0,false,full
UC3,std_modsw,DB3,1000000,19,precomp,0.000,0,0,0,false,full
UC3,std_modsw,DB3,1000000,19,encrypt,822.738,137270304,0,0,false,full
UC3,std_modsw,DB3,1000000,19,eval,16902.477,60002520,0,0,false,full
UC3,std_modsw,DB3,1000000,19,decrypt,12.893,8148240,2097152,1,true,full
UC3,label,DB3,1000000,19,setup,233.285,65051112,0,0,false,full
UC3,label,DB3,1000000,19,precomp,0.000,0,0,0,false,full
UC3,label,DB3,1000000,19,encrypt,977.234,192062368,0,0,false,full
UC3,label,DB3,1000000,19,eval,19052.286,116143600,0,0,false,full
UC3,label,DB3,1000000,19,decrypt,7.117,9063096,2097152,1,true,full
UC3,label_max,DB3,1000000,19,setup,231.193,59533744,0,0,false,full
UC3,label_max,DB3,1000000,19,precomp,0.000,0,0,0,false,full
UC3,label_max,DB3,1000000,19,encrypt,981.124,201211032,0,0,false,full
UC3,label_max,DB3,1000000,19,eval,27713.889,163558792,0,0,false,full
UC3,label_max,DB3,1000000,19,decrypt,9.397,10112584,4194304,1,true,full
UC3,std,DB3,1000000,20,setup,226.850,75821856,0,0,false,full
UC3,std,DB3,1000000,20,precomp,0.000,0,0,0,false,full
UC3,std,DB3,1000000,20,encrypt,824.931,137270304,0,0,false,full
UC3,std,DB3,1000000,20,eval,16889.446,60002488,0,0,false,full
UC3,std,DB3,1000000,20,decrypt,7.693,11820368,4194304,1,true,full
UC3,std_modsw,DB3,1000000,20,setup,224.809,64786608,0,0,false,full
UC3,std_modsw,DB3,1000000,20,precomp,0.000,0,0,0,false,full
UC3,std_modsw,DB3,1000000,20,encrypt,822.757,137270304,0,0,false,full
UC3,std_modsw,DB3,1000000,20,eval,16896.331,60002520,0,0,false,full
UC3,std_modsw,DB3,1000000,20,decrypt,13.498,6047368,2097152,1,true,full
UC3,label,DB3,1000000,20,setup,231.323,70304488,0,0,false,full
UC3,label,DB3,1000000,20,precomp,0.000,0,0,0,false,full
UC3,label,DB3,1000000,20,encrypt,977.490,222619680,0,0,false,full
UC3,label,DB3,1000000,20,eval,19404.212,178019264,0,0,false,full
UC3,label,DB3,1000000,20,decrypt,5.794,9063096,2097152,1,true,full
UC3,label_max,DB3,1000000,20,setup,224.468,80545312,0,0,false,full
UC3,label_max,DB3,1000000,20,precomp,0.000,0,0,0,false,full
UC3,label_max,DB3,1000000,20,encrypt,969.222,192396416,0,0,false,full
UC3,label_max,DB3,1000000,20,eval,27715.996,142152328,0,0,false,full
UC3,label_max,DB3,1000000,20,decrypt,10.106,10112584,4194304,1,true,full
UC3,std,DB1,512,1,setup,237.141,70304744,0,0,false,tight
UC3,std,DB1,512,1,precomp,0.000,0,0,0,false,tight
UC3,std,DB1,512,1,encrypt,13.118,7139048,0,0,false,tight
UC3,std,DB1,512,1,eval,289.950,52191576,0,0,false,tight
UC3,std,DB1,512,1,decrypt,8.587,4860712,4194304,1,true,tight
UC3,std_modsw,DB1,512,1,setup,241.953,70039792,0,0,false,tight
UC3,std_modsw,DB1,512,1,precomp,0.000,0,0,0,false,tight
UC3,std_modsw,DB1,512,1,encrypt,13.548,7139048,0,0,false,tight
UC3,std_modsw,DB1,512,1,eval,284.156,52191400,0,0,false,tight
UC3,std_modsw,DB1,512,1,decrypt,14.021,-649904,2097152,1,true,tight
UC3,label,DB1,512,1,setup,248.309,73718528,0,0,false,tight
UC3,label,DB1,512,1,precomp,0.000,0,0,0,false,tight
UC3,label,DB1,512,1,encrypt,19.035,12598480,0,0,false,tight
UC3,label,DB1,512,1,eval,369.639,83015064,0,0,false,tight
UC3,label,DB1,512,1,decrypt,7.951,2237728,2097152,1,false,tight
UC3,label_max,DB1,512,1,setup,252.637,70039792,0,0,false,tight
UC3,label_max,DB1,512,1,precomp,0.000,0,0,0,false,tight
UC3,label_max,DB1,512,1,encrypt,16.186,12598112,0,0,false,tight
UC3,label_max,DB1,512,1,eval,498.895,65799096,0,0,false,tight
UC3,label_max,DB1,512,1,decrypt,10.015,4862552,4194304,1,true,tight
UC3,std,DB1,512,2,setup,237.922,70571824,0,0,false,tight
UC3,std,DB1,512,2,precomp,0.000,0,0,0,false,tight
UC3,std,DB1,512,2,encrypt,15.585,7139048,0,0,false,tight
UC3,std,DB1,512,2,eval,281.535,53244968,0,0,false,tight
UC3,std,DB1,512,2,decrypt,8.064,4860712,4194304,1,true,tight
UC3,std_modsw,DB1,512,2,setup,235.458,65318944,0,0,false,tight
UC3,std_modsw,DB1,512,2,precomp,0.000,0,0,0,false,tight
UC3,std_modsw,DB1,512,2,encrypt,12.852,7139048,0,0,false,tight
UC3,std_modsw,DB1,512,2,eval,287.243,53244968,0,0,false,tight
UC3,std_modsw,DB1,512,2,decrypt,12.312,30071344,2097152,1,true,tight
UC3,label,DB1,512,2,setup,249.487,70304584,0,0,false,tight
UC3,label,DB1,512,2,precomp,0.000,0,0,0,false,tight
UC3,label,DB1,512,2,encrypt,15.227,12598224,0,0,false,tight
UC3,label,DB1,512,2,eval,364.359,62651016,0,0,false,tight
UC3,label,DB1,512,2,decrypt,7.689,3813512,2097152,1,false,tight
UC3,label_max,DB1,512,2,setup,239.609,59803808,0,0,false,tight
UC3,label_max,DB1,512,2,precomp,0.000,0,0,0,false,tight
UC3,label_max,DB1,512,2,encrypt,15.346,12598336,0,0,false,tight
UC3,label_max,DB1,512,2,eval,494.104,65799448,0,0,false,tight
UC3,label_max,DB1,512,2,decrypt,8.837,8273704,4194304,1,true,tight
UC3,std,DB1,512,3,setup,238.802,70039696,0,0,false,tight
UC3,std,DB1,512,3,precomp,0.000,0,0,0,false,tight
UC3,std,DB1,512,3,encrypt,12.379,7139048,0,0,false,tight
UC3,std,DB1,512,3,eval,272.531,52191400,0,0,false,tight
UC3,std,DB1,512,3,decrypt,9.268,-2226160,4194304,1,true,tight
UC3,std_modsw,DB1,512,3,setup,242.800,70039792,0,0,false,tight
UC3,std_modsw,DB1,512,3,precomp,0.000,0,0,0,false,tight
UC3,std_modsw,DB1,512,3,encrypt,13.867,7139048,0,0,false,tight
UC3,std_modsw,DB1,512,3,eval,278.840,52191400,0,0,false,tight
UC3,std_modsw,DB1,512,3,decrypt,13.176,-2488800,2097152,1,true,tight
UC3,label,DB1,512,3,setup,239.381,63212800,0,0,false,tight
UC3,label,DB1,512,3,precomp,0.000,0,0,0,false,tight
UC3,label,DB1,512,3,encrypt,16.666,12598304,0,0,false,tight
UC3,label,DB1,512,3,eval,355.354,41891872,0,0,false,tight
UC3,label,DB1,512,3,decrypt,7.585,6438040,2097152,1,false,tight
UC3,label_max,DB1,512,3,setup,241.404,68465872,0,0,false,tight
UC3,label_max,DB1,512,3,precomp,0.000,0,0,0,false,tight
UC3,label_max,DB1,512,3,encrypt,15.499,12598480,0,0,false,tight
UC3,label_max,DB1,512,3,eval,488.738,45037952,0,0,false,tight
UC3,label_max,DB1,512,3,decrypt,10.422,4862552,4194304,1,true,tight
UC3,std,DB1,512,4,setup,237.302,68465664,0,0,false,tight
UC3,std,DB1,512,4,precomp,0.000,0,0,0,false,tight
UC3,std,DB1,512,4,encrypt,12.874,7139048,0,0,false,tight
UC3,std,DB1,512,4,eval,279.814,52191576,0,0,false,tight
UC3,std,DB1,512,4,decrypt,8.798,6306024,4194304,1,true,tight
UC3,std_modsw,DB1,512,4,setup,232.550,59534224,0,0,false,tight
UC3,std_modsw,DB1,512,4,precomp,0.000,0,0,0,false,tight
UC3,std_modsw,DB1,512,4,encrypt,12.575,7139048,0,0,false,tight
UC3,std_modsw,DB1,512,4,eval,268.353,52191576,0,0,false,tight
UC3,std_modsw,DB1,512,4,decrypt,14.153,-649360,2097152,1,true,tight
UC3,label,DB1,512,4,setup,230.856,70039808,0,0,false,tight
UC3,label,DB1,512,4,precomp,0.000,0,0,0,false,tight
UC3,label,DB1,512,4,encrypt,15.977,12598048,0,0,false,tight
UC3,label,DB1,512,4,eval,339.612,21557792,0,0,false,tight
UC3,label,DB1,512,4,decrypt,6.115,920952,2097152,1,false,tight
UC3,label_max,DB1,512,4,setup,232.778,70304184,0,0,false,tight
UC3,label_max,DB1,512,4,precomp,0.000,0,0,0,false,tight
UC3,label_max,DB1,512,4,encrypt,15.632,12598448,0,0,false,tight
UC3,label_max,DB1,512,4,eval,483.269,45037408,0,0,false,tight
UC3,label_max,DB1,512,4,decrypt,9.707,7487080,4194304,1,true,tight
UC3,std,DB1,512,5,setup,240.477,59534128,0,0,false,tight
UC3,std,DB1,512,5,precomp,0.000,0,0,0,false,tight
UC3,std,DB1,512,5,encrypt,12.895,7139048,0,0,false,tight
UC3,std,DB1,512,5,eval,270.704,52191400,0,0,false,tight
UC3,std,DB1,512,5,decrypt,9.780,-2226160,4194304,1,true,tight
UC3,std_modsw,DB1,512,5,setup,236.148,68458480,0,0,false,tight
UC3,std_modsw,DB1,512,5,precomp,0.000,0,0,0,false,tight
UC3,std_modsw,DB1,512,5,encrypt,13.281,7139048,0,0,false,tight
UC3,std_modsw,DB1,512,5,eval,268.764,53245144,0,0,false,tight
UC3,std_modsw,DB1,512,5,decrypt,12.341,30071456,2097152,1,true,tight
UC3,label,DB1,512,5,setup,242.880,52707184,0,0,false,tight
UC3,label,DB1,512,5,precomp,0.000,0,0,0,false,tight
UC3,label,DB1,512,5,encrypt,15.288,12598320,0,0,false,tight
UC3,label,DB1,512,5,eval,345.010,62652008,0,0,false,tight
UC3,label,DB1,512,5,decrypt,6.228,921176,2097152,1,false,tight
UC3,label_max,DB1,512,5,setup,242.065,70039808,0,0,false,tight
UC3,label_max,DB1,512,5,precomp,0.000,0,0,0,false,tight
UC3,label_max,DB1,512,5,encrypt,15.357,12598512,0,0,false,tight
UC3,label_max,DB1,512,5,eval,492.863,87211464,0,0,false,tight
UC3,label_max,DB1,512,5,decrypt,10.300,4862552,4194304,1,true,tight
UC3,std,DB1,512,6,setup,235.168,59798840,0,0,false,tight
UC3,std,DB1,512,6,precomp,0.001,0,0,0,false,tight
UC3,std,DB1,512,6,encrypt,13.932,7139048,0,0,false,tight
UC3,std,DB1,512,6,eval,277.439,52191576,0,0,false,tight
UC3,std,DB1,512,6,decrypt,7.688,4860712,4194304,1,true,tight
UC3,std_modsw,DB1,512,6,setup,231.522,70039792,0,0,false,tight
UC3,std_modsw,DB1,512,6,precomp,0.000,0,0,0,false,tight
UC3,std_modsw,DB1,512,6,encrypt,12.725,7139048,0,0,false,tight
UC3,std_modsw,DB1,512,6,eval,268.524,52191400,0,0,false,tight
UC3,std_modsw,DB1,512,6,decrypt,11.775,-2485712,2097152,1,true,tight
UC3,label,DB1,512,6,setup,231.314,65319072,0,0,false,tight
UC3,label,DB1,512,6,precomp,0.000,0,0,0,false,tight
UC3,label,DB1,512,6,encrypt,15.096,12598224,0,0,false,tight
UC3,label,DB1,512,6,eval,340.955,62651352,0,0,false,tight
UC3,label,DB1,512,6,decrypt,7.089,924168,2097152,1,false,tight
UC3,label_max,DB1,512,6,setup,230.626,70039584,0,0,false,tight
UC3,label_max,DB1,512,6,precomp,0.000,0,0,0,false,tight
UC3,label_max,DB1,512,6,encrypt,14.781,12598304,0,0,false,tight
UC3,label_max,DB1,512,6,eval,476.002,65799096,0,0,false,tight
UC3,label_max,DB1,512,6,decrypt,8.421,1183304,4194304,1,true,tight
UC3,std,DB1,512,7,setup,233.099,70569104,0,0,false,tight
UC3,std,DB1,512,7,precomp,0.000,0,0,0,false,tight
UC3,std,DB1,512,7,encrypt,13.136,7139048,0,0,false,tight
UC3,std,DB1,512,7,eval,270.513,52191576,0,0,false,tight
UC3,std,DB1,512,7,decrypt,9.406,-2226272,4194304,1,true,tight
UC3,std_modsw,DB1,512,7,setup,233.550,54281248,0,0,false,tight
UC3,std_modsw,DB1,512,7,precomp,0.000,0,0,0,false,tight
UC3,std_modsw,DB1,512,7,encrypt,12.976,7139048,0,0,false,tight
UC3,std_modsw,DB1,512,7,eval,271.082,52191400,0,0,false,tight
UC3,std_modsw,DB1,512,7,decrypt,13.417,3024136,2097152,1,true,tight
UC3,label,DB1,512,7,setup,243.395,75292352,0,0,false,tight
UC3,label,DB1,512,7,precomp,0.000,0,0,0,false,tight
UC3,label,DB1,512,7,encrypt,14.336,12598160,0,0,false,tight
UC3,label,DB1,512,7,eval,332.442,41891760,0,0,false,tight
UC3,label,DB1,512,7,decrypt,6.881,920952,2097152,1,false,tight
UC3,label_max,DB1,512,7,setup,230.154,68465872,0,0,false,tight
UC3,label_max,DB1,512,7,precomp,0.001,0,0,0,false,tight
UC3,label_max,DB1,512,7,encrypt,14.372,12598432,0,0,false,tight
UC3,label_max,DB1,512,7,eval,473.200,65798984,0,0,false,tight
UC3,label_max,DB1,512,7,decrypt,9.857,2762720,4194304,1,true,tight
UC3,std,DB1,512,8,setup,234.453,73718752,0,0,false,tight
UC3,std,DB1,512,8,precomp,0.000,0,0,0,false,tight
UC3,std,DB1,512,8,encrypt,14.355,7139048,0,0,false,tight
UC3,std,DB1,512,8,eval,269.676,52191352,0,0,false,tight
UC3,std,DB1,512,8,decrypt,7.270,6305832,4194304,1,true,tight
UC3,std_modsw,DB1,512,8,setup,231.165,75557432,0,0,false,tight
UC3,std_modsw,DB1,512,8,precomp,0.000,0,0,0,false,tight
UC3,std_modsw,DB1,512,8,encrypt,13.834,7139048,0,0,false,tight
UC3,std_modsw,DB1,512,8,eval,270.457,52191400,0,0,false,tight
UC3,std_modsw,DB1,512,8,decrypt,13.188,30071568,2097152,1,true,tight
UC3,label,DB1,512,8,setup,232.385,70039712,0,0,false,tight
UC3,label,DB1,512,8,precomp,0.000,0,0,0,false,tight
UC3,label,DB1,512,8,encrypt,14.887,12598576,0,0,false,tight
UC3,label,DB1,512,8,eval,336.632,21527072,0,0,false,tight
UC3,label,DB1,512,8,decrypt,6.000,920952,2097152,1,false,tight
UC3,label_max,DB1,512,8,setup,232.933,68465648,0,0,false,tight
UC3,label_max,DB1,512,8,precomp,0.000,0,0,0,false,tight
UC3,label_max,DB1,512,8,encrypt,14.610,12598304,0,0,false,tight
UC3,label_max,DB1,512,8,eval,472.438,65799528,0,0,false,tight
UC3,label_max,DB1,512,8,decrypt,9.209,1183416,4194304,1,true,tight
UC3,std,DB1,512,9,setup,234.929,70304568,0,0,false,tight
UC3,std,DB1,512,9,precomp,0.000,0,0,0,false,tight
UC3,std,DB1,512,9,encrypt,13.433,7139048,0,0,false,tight
UC3,std,DB1,512,9,eval,269.778,54298520,0,0,false,tight
UC3,std,DB1,512,9,decrypt,9.830,6305832,4194304,1,true,tight
UC3,std_modsw,DB1,512,9,setup,230.962,65318944,0,0,false,tight
UC3,std_modsw,DB1,512,9,precomp,0.000,0,0,0,false,tight
UC3,std_modsw,DB1,512,9,encrypt,12.891,7139048,0,0,false,tight
UC3,std_modsw,DB1,512,9,eval,273.951,53244968,0,0,false,tight
UC3,std_modsw,DB1,512,9,decrypt,13.210,6047432,2097152,1,true,tight
UC3,label,DB1,512,9,setup,237.817,75557448,0,0,false,tight
UC3,label,DB1,512,9,precomp,0.000,0,0,0,false,tight
UC3,label,DB1,512,9,encrypt,14.433,12598336,0,0,false,tight
UC3,label,DB1,512,9,eval,346.233,21527952,0,0,false,tight
UC3,label,DB1,512,9,decrypt,6.140,3813512,2097152,1,false,tight
UC3,label_max,DB1,512,9,setup,234.009,54813216,0,0,false,tight
UC3,label_max,DB1,512,9,precomp,0.000,0,0,0,false,tight
UC3,label_max,DB1,512,9,encrypt,15.973,12598272,0,0,false,tight
UC3,label_max,DB1,512,9,eval,468.417,65798872,0,0,false,tight
UC3,label_max,DB1,512,9,decrypt,9.451,1183416,4194304,1,true,tight
UC3,std,DB1,512,10,setup,232.605,70304696,0,0,false,tight
UC3,std,DB1,512,10,precomp,0.000,0,0,0,false,tight
UC3,std,DB1,512,10,encrypt,12.509,7139048,0,0,false,tight
UC3,std,DB1,512,10,eval,269.148,52191576,0,0,false,tight
UC3,std,DB1,512,10,decrypt,8.222,6306024,4194304,1,true,tight
UC3,std_modsw,DB1,512,10,setup,237.305,75292816,0,0,false,tight
UC3,std_modsw,DB1,512,10,precomp,0.000,0,0,0,false,tight
UC3,std_modsw,DB1,512,10,encrypt,13.699,7139048,0,0,false,tight
UC3,std_modsw,DB1,512,10,eval,272.267,52191400,0,0,false,tight
UC3,std_modsw,DB1,512,10,decrypt,12.806,4207768,2097152,1,true,tight
UC3,label,DB1,512,10,setup,232.569,60063232,0,0,false,tight
UC3,label,DB1,512,10,precomp,0.000,0,0,0,false,tight
UC3,label,DB1,512,10,encrypt,15.738,12598128,0,0,false,tight
UC3,label,DB1,512,10,eval,343.963,41890992,0,0,false,tight
UC3,label,DB1,512,10,decrypt,5.909,3813496,2097152,1,false,tight
UC3,label_max,DB1,512,10,setup,232.578,73718624,0,0,false,tight
UC3,label_max,DB1,512,10,precomp,0.000,0,0,0,false,tight
UC3,label_max,DB1,512,10,encrypt,14.767,12598304,0,0,false,tight
UC3,label_max,DB1,512,10,eval,469.971,23625264,0,0,false,tight
UC3,label_max,DB1,512,10,decrypt,9.582,2762720,4194304,1,true,tight
UC3,std,DB1,512,11,setup,226.606,70304456,0,0,false,tight
UC3,std,DB1,512,11,precomp,0.000,0,0,0,false,tight
UC3,std,DB1,512,11,encrypt,13.308,7139048,0,0,false,tight
UC3,std,DB1,512,11,eval,269.714,54298520,0,0,false,tight
UC3,std,DB1,512,11,decrypt,7.921,6305832,4194304,1,true,tight
UC3,std_modsw,DB1,512,11,setup,234.678,70303960,0,0,false,tight
UC3,std_modsw,DB1,512,11,precomp,0.000,0,0,0,false,tight
UC3,std_modsw,DB1,512,11,encrypt,12.573,7139048,0,0,false,tight
UC3,std_modsw,DB1,512,11,eval,269.807,52191400,0,0,false,tight
UC3,std_modsw,DB1,512,11,decrypt,14.457,-649456,2097152,1,true,tight
UC3,label,DB1,512,11,setup,236.082,54281104,0,0,false,tight
UC3,label,DB1,512,11,precomp,0.000,0,0,0,false,tight
UC3,label,DB1,512,11,encrypt,14.954,12598176,0,0,false,tight
UC3,label,DB1,512,11,eval,338.775,21528064,0,0,false,tight
UC3,label,DB1,512,11,decrypt,7.433,7225112,2097152,1,false,tight
UC3,label_max,DB1,512,11,setup,232.137,68465760,0,0,false,tight
UC3,label_max,DB1,512,11,precomp,0.000,0,0,0,false,tight
UC3,label_max,DB1,512,11,encrypt,14.349,12598384,0,0,false,tight
UC3,label_max,DB1,512,11,eval,473.820,87173856,0,0,false,tight
UC3,label_max,DB1,512,11,decrypt,10.158,2762608,4194304,1,true,tight
UC3,std,DB1,512,12,setup,232.251,70304568,0,0,false,tight
UC3,std,DB1,512,12,precomp,0.001,0,0,0,false,tight
UC3,std,DB1,512,12,encrypt,12.681,7139048,0,0,false,tight
UC3,std,DB1,512,12,eval,270.142,54298520,0,0,false,tight
UC3,std,DB1,512,12,decrypt,8.107,6305832,4194304,1,true,tight
UC3,std_modsw,DB1,512,12,setup,229.637,70039680,0,0,false,tight
UC3,std_modsw,DB1,512,12,precomp,0.000,0,0,0,false,tight
UC3,std_modsw,DB1,512,12,encrypt,12.969,7139048,0,0,false,tight
UC3,std_modsw,DB1,512,12,eval,268.833,52191400,0,0,false,tight
UC3,std_modsw,DB1,512,12,decrypt,12.343,4207768,2097152,1,true,tight
UC3,label,DB1,512,12,setup,231.559,70039696,0,0,false,tight
UC3,label,DB1,512,12,precomp,0.000,0,0,0,false,tight
UC3,label,DB1,512,12,encrypt,15.697,12598384,0,0,false,tight
UC3,label,DB1,512,12,eval,325.678,21527840,0,0,false,tight
UC3,label,DB1,512,12,decrypt,6.136,924168,2097152,1,false,tight
UC3,label_max,DB1,512,12,setup,233.216,68465760,0,0,false,tight
UC3,label_max,DB1,512,12,precomp,0.000,0,0,0,false,tight
UC3,label_max,DB1,512,12,encrypt,16.250,12598240,0,0,false,tight
UC3,label_max,DB1,512,12,eval,463.640,23625488,0,0,false,tight
UC3,label_max,DB1,512,12,decrypt,10.182,4862552,4194304,1,true,tight
UC3,std,DB1,512,13,setup,234.758,60066208,0,0,false,tight
UC3,std,DB1,512,13,precomp,0.000,0,0,0,false,tight
UC3,std,DB1,512,13,encrypt,13.410,7139048,0,0,false,tight
UC3,std,DB1,512,13,eval,270.014,52191400,0,0,false,tight
UC3,std,DB1,512,13,decrypt,8.626,6306024,4194304,1,true,tight
UC3,std_modsw,DB1,512,13,setup,236.367,65318944,0,0,false,tight
UC3,std_modsw,DB1,512,13,precomp,0.000,0,0,0,false,tight
UC3,std_modsw,DB1,512,13,encrypt,13.124,7139048,0,0,false,tight
UC3,std_modsw,DB1,512,13,eval,270.517,53244968,0,0,false,tight
UC3,std_modsw,DB1,512,13,decrypt,13.505,-649456,2097152,1,true,tight
UC3,label,DB1,512,13,setup,231.827,68465664,0,0,false,tight
UC3,label,DB1,512,13,precomp,0.000,0,0,0,false,tight
UC3,label,DB1,512,13,encrypt,14.762,12598432,0,0,false,tight
UC3,label,DB1,512,13,eval,338.040,41892048,0,0,false,tight
UC3,label,DB1,512,13,decrypt,7.799,921064,2097152,1,false,tight
UC3,label_max,DB1,512,13,setup,229.490,70039584,0,0,false,tight
UC3,label_max,DB1,512,13,precomp,0.000,0,0,0,false,tight
UC3,label_max,DB1,512,13,encrypt,14.272,12598256,0,0,false,tight
UC3,label_max,DB1,512,13,eval,463.831,65799224,0,0,false,tight
UC3,label_max,DB1,512,13,decrypt,9.889,1183192,4194304,1,true,tight
UC3,std,DB1,512,14,setup,235.155,75292832,0,0,false,tight
UC3,std,DB1,512,14,precomp,0.000,0,0,0,false,tight
UC3,std,DB1,512,14,encrypt,12.745,7139048,0,0,false,tight
UC3,std,DB1,512,14,eval,272.051,52191352,0,0,false,tight
UC3,std,DB1,512,14,decrypt,9.509,-2226272,4194304,1,true,tight
UC3,std_modsw,DB1,512,14,setup,235.628,57959920,0,0,false,tight
UC3,std_modsw,DB1,512,14,precomp,0.000,0,0,0,false,tight
UC3,std_modsw,DB1,512,14,encrypt,12.860,7139048,0,0,false,tight
UC3,std_modsw,DB1,512,14,eval,269.680,52191400,0,0,false,tight
UC3,std_modsw,DB1,512,14,decrypt,12.499,4211064,2097152,1,true,tight
UC3,label,DB1,512,14,setup,237.754,70039808,0,0,false,tight
UC3,label,DB1,512,14,precomp,0.001,0,0,0,false,tight
UC3,label,DB1,512,14,encrypt,14.930,12598208,0,0,false,tight
UC3,label,DB1,512,14,eval,336.572,62651896,0,0,false,tight
UC3,label,DB1,512,14,decrypt,7.059,3813512,2097152,1,false,tight
UC3,label_max,DB1,512,14,setup,237.854,75556808,0,0,false,tight
UC3,label_max,DB1,512,14,precomp,0.000,0,0,0,false,tight
UC3,label_max,DB1,512,14,encrypt,14.687,12598080,0,0,false,tight
UC3,label_max,DB1,512,14,eval,476.651,23624960,0,0,false,tight
UC3,label_max,DB1,512,14,decrypt,8.915,1183080,4194304,1,true,tight
UC3,std,DB1,512,15,setup,233.004,68465776,0,0,false,tight
UC3,std,DB1,512,15,precomp,0.000,0,0,0,false,tight
UC3,std,DB1,512,15,encrypt,14.868,7139048,0,0,false,tight
UC3,std,DB1,512,15,eval,272.052,52191400,0,0,false,tight
UC3,std,DB1,512,15,decrypt,9.445,4860712,4194304,1,true,tight
UC3,std_modsw,DB1,512,15,setup,232.419,68465760,0,0,false,tight
UC3,std_modsw,DB1,512,15,precomp,0.000,0,0,0,false,tight
UC3,std_modsw,DB1,512,15,encrypt,12.699,7139048,0,0,false,tight
UC3,std_modsw,DB1,512,15,eval,270.750,52191400,0,0,false,tight
UC3,std_modsw,DB1,512,15,decrypt,13.578,-2488912,2097152,1,true,tight
UC3,label,DB1,512,15,setup,229.729,65318960,0,0,false,tight
UC3,label,DB1,512,15,precomp,0.000,0,0,0,false,tight
UC3,label,DB1,512,15,encrypt,17.034,12598064,0,0,false,tight
UC3,label,DB1,512,15,eval,335.989,83015080,0,0,false,tight
UC3,label,DB1,512,15,decrypt,5.372,7224664,2097152,1,false,tight
UC3,label_max,DB1,512,15,setup,234.619,65318944,0,0,false,tight
UC3,label_max,DB1,512,15,precomp,0.000,0,0,0,false,tight
UC3,label_max,DB1,512,15,encrypt,14.986,12598208,0,0,false,tight
UC3,label_max,DB1,512,15,eval,475.018,45038288,0,0,false,tight
UC3,label_max,DB1,512,15,decrypt,9.064,8274152,4194304,1,true,tight
UC3,std,DB1,512,16,setup,229.477,70303976,0,0,false,tight
UC3,std,DB1,512,16,precomp,0.000,0,0,0,false,tight
UC3,std,DB1,512,16,encrypt,12.975,7139048,0,0,false,tight
UC3,std,DB1,512,16,eval,269.404,52191400,0,0,false,tight
UC3,std,DB1,512,16,decrypt,7.493,6305832,4194304,1,true,tight
UC3,std_modsw,DB1,512,16,setup,236.155,54545160,0,0,false,tight
UC3,std_modsw,DB1,512,16,precomp,0.000,0,0,0,false,tight
UC3,std_modsw,DB1,512,16,encrypt,13.152,7139048,0,0,false,tight
UC3,std_modsw,DB1,512,16,eval,267.971,52191352,0,0,false,tight
UC3,std_modsw,DB1,512,16,decrypt,13.009,4207960,2097152,1,true,tight
UC3,label,DB1,512,16,setup,232.069,70039600,0,0,false,tight
UC3,label,DB1,512,16,precomp,0.000,0,0,0,false,tight
UC3,label,DB1,512,16,encrypt,15.283,12598208,0,0,false,tight
UC3,label,DB1,512,16,eval,335.809,41890992,0,0,false,tight
UC3,label,DB1,512,16,decrypt,6.406,921064,2097152,1,false,tight
UC3,label_max,DB1,512,16,setup,234.183,70564752,0,0,false,tight
UC3,label_max,DB1,512,16,precomp,0.000,0,0,0,false,tight
UC3,label_max,DB1,512,16,encrypt,14.660,12598336,0,0,false,tight
UC3,label_max,DB1,512,16,eval,469.009,23673472,0,0,false,tight
UC3,label_max,DB1,512,16,decrypt,9.850,4862648,4194304,1,true,tight
UC3,std,DB1,512,17,setup,232.724,54280896,0,0,false,tight
UC3,std,DB1,512,17,precomp,0.000,0,0,0,false,tight
UC3,std,DB1,512,17,encrypt,12.641,7139048,0,0,false,tight
UC3,std,DB1,512,17,eval,269.740,53245016,0,0,false,tight
UC3,std,DB1,512,17,decrypt,7.797,6306040,4194304,1,true,tight
UC3,std_modsw,DB1,512,17,setup,230.856,54545384,0,0,false,tight
UC3,std_modsw,DB1,512,17,precomp,0.000,0,0,0,false,tight
UC3,std_modsw,DB1,512,17,encrypt,13.784,7139048,0,0,false,tight
UC3,std_modsw,DB1,512,17,eval,267.941,52191400,0,0,false,tight
UC3,std_modsw,DB1,512,17,decrypt,12.879,4207960,2097152,1,true,tight
UC3,label,DB1,512,17,setup,234.632,65319072,0,0,false,tight
UC3,label,DB1,512,17,precomp,0.000,0,0,0,false,tight
UC3,label,DB1,512,17,encrypt,14.800,12598416,0,0,false,tight
UC3,label,DB1,512,17,eval,329.885,21527408,0,0,false,tight
UC3,label,DB1,512,17,decrypt,7.007,3813496,2097152,1,false,tight
UC3,label_max,DB1,512,17,setup,234.708,75556936,0,0,false,tight
UC3,label_max,DB1,512,17,precomp,0.000,0,0,0,false,tight
UC3,label_max,DB1,512,17,encrypt,14.535,12598448,0,0,false,tight
UC3,label_max,DB1,512,17,eval,472.374,65799640,0,0,false,tight
UC3,label_max,DB1,512,17,decrypt,10.096,2762608,4194304,1,true,tight
UC3,std,DB1,512,18,setup,230.007,68465776,0,0,false,tight
UC3,std,DB1,512,18,precomp,0.000,0,0,0,false,tight
UC3,std,DB1,512,18,encrypt,14.574,7139048,0,0,false,tight
UC3,std,DB1,512,18,eval,271.796,54298520,0,0,false,tight
UC3,std,DB1,512,18,decrypt,8.599,6305896,4194304,1,true,tight
UC3,std_modsw,DB1,512,18,setup,231.229,59534112,0,0,false,tight
UC3,std_modsw,DB1,512,18,precomp,0.000,0,0,0,false,tight
UC3,std_modsw,DB1,512,18,encrypt,13.505,7139048,0,0,false,tight
UC3,std_modsw,DB1,512,18,eval,267.764,52191592,0,0,false,tight
UC3,std_modsw,DB1,512,18,decrypt,12.905,6047208,2097152,1,true,tight
UC3,label,DB1,512,18,setup,234.225,70304088,0,0,false,tight
UC3,label,DB1,512,18,precomp,0.000,0,0,0,false,tight
UC3,label,DB1,512,18,encrypt,14.720,12598160,0,0,false,tight
UC3,label,DB1,512,18,eval,333.538,62651784,0,0,false,tight
UC3,label,DB1,512,18,decrypt,7.452,3813512,2097152,1,false,tight
UC3,label_max,DB1,512,18,setup,236.351,54813328,0,0,false,tight
UC3,label_max,DB1,512,18,precomp,0.000,0,0,0,false,tight
UC3,label_max,DB1,512,18,encrypt,16.379,12598112,0,0,false,tight
UC3,label_max,DB1,512,18,eval,464.734,65798984,0,0,false,tight
UC3,label_max,DB1,512,18,decrypt,9.174,1182968,4194304,1,true,tight
UC3,std,DB1,512,19,setup,234.399,70568992,0,0,false,tight
UC3,std,DB1,512,19,precomp,0.000,0,0,0,false,tight
UC3,std,DB1,512,19,encrypt,13.029,7139048,0,0,false,tight
UC3,std,DB1,512,19,eval,273.304,52191400,0,0,false,tight
UC3,std,DB1,512,19,decrypt,8.798,-2226272,4194304,1,true,tight
UC3,std_modsw,DB1,512,19,setup,232.045,60066192,0,0,false,tight
UC3,std_modsw,DB1,512,19,precomp,0.000,0,0,0,false,tight
UC3,std_modsw,DB1,512,19,encrypt,12.805,7139048,0,0,false,tight
UC3,std_modsw,DB1,512,19,eval,268.679,52191576,0,0,false,tight
UC3,std_modsw,DB1,512,19,decrypt,12.634,6046552,2097152,1,true,tight
UC3,label,DB1,512,19,setup,231.897,54281216,0,0,false,tight
UC3,label,DB1,512,19,precomp,0.000,0,0,0,false,tight
UC3,label,DB1,512,19,encrypt,14.446,12598336,0,0,false,tight
UC3,label,DB1,512,19,eval,337.316,41891872,0,0,false,tight
UC3,label,DB1,512,19,decrypt,8.028,920952,2097152,1,false,tight
UC3,label_max,DB1,512,19,setup,233.832,68465648,0,0,false,tight
UC3,label_max,DB1,512,19,precomp,0.000,0,0,0,false,tight
UC3,label_max,DB1,512,19,encrypt,15.160,12598080,0,0,false,tight
UC3,label_max,DB1,512,19,eval,478.116,45054272,0,0,false,tight
UC3,label_max,DB1,512,19,decrypt,9.148,2762720,4194304,1,true,tight
UC3,std,DB1,512,20,setup,241.008,52707296,0,0,false,tight
UC3,std,DB1,512,20,precomp,0.000,0,0,0,false,tight
UC3,std,DB1,512,20,encrypt,13.104,7139048,0,0,false,tight
UC3,std,DB1,512,20,eval,270.522,52191400,0,0,false,tight
UC3,std,DB1,512,20,decrypt,8.850,-2226256,4194304,1,true,tight
UC3,std_modsw,DB1,512,20,setup,237.006,54281088,0,0,false,tight
UC3,std_modsw,DB1,512,20,precomp,0.000,0,0,0,false,tight
UC3,std_modsw,DB1,512,20,encrypt,13.037,7139048,0,0,false,tight
UC3,std_modsw,DB1,512,20,eval,267.945,52191400,0,0,false,tight
UC3,std_modsw,DB1,512,20,decrypt,12.507,4207880,2097152,1,true,tight
UC3,label,DB1,512,20,setup,233.137,65319072,0,0,false,tight
UC3,label,DB1,512,20,precomp,0.001,0,0,0,false,tight
UC3,label,DB1,512,20,encrypt,15.159,12598304,0,0,false,tight
UC3,label,DB1,512,20,eval,328.445,41891104,0,0,false,tight
UC3,label,DB1,512,20,decrypt,8.296,920952,2097152,1,false,tight
UC3,label_max,DB1,512,20,setup,230.642,65319056,0,0,false,tight
UC3,label_max,DB1,512,20,precomp,0.000,0,0,0,false,tight
UC3,label_max,DB1,512,20,encrypt,16.550,12598288,0,0,false,tight
UC3,label_max,DB1,512,20,eval,461.299,87211912,0,0,false,tight
UC3,label_max,DB1,512,20,decrypt,9.500,4862552,4194304,1,true,tight
UC3,std,DB2,100000,1,setup,228.685,65319008,0,0,false,tight
UC3,std,DB2,100000,1,precomp,0.000,0,0,0,false,tight
UC3,std,DB2,100000,1,encrypt,89.331,26251688,0,0,false,tight
UC3,std,DB2,100000,1,eval,1828.039,44034504,0,0,false,tight
UC3,std,DB2,100000,1,decrypt,8.770,6306024,4194304,1,true,tight
UC3,std_modsw,DB2,100000,1,setup,232.711,75292448,0,0,false,tight
UC3,std_modsw,DB2,100000,1,precomp,0.001,0,0,0,false,tight
UC3,std_modsw,DB2,100000,1,encrypt,87.261,26251688,0,0,false,tight
UC3,std_modsw,DB2,100000,1,eval,1830.481,38766856,0,0,false,tight
UC3,std_modsw,DB2,100000,1,decrypt,12.386,30071344,2097152,1,true,tight
UC3,label,DB2,100000,1,setup,230.745,70568256,0,0,false,tight
UC3,label,DB2,100000,1,precomp,0.000,0,0,0,false,tight
UC3,label,DB2,100000,1,encrypt,106.451,46901424,0,0,false,tight
UC3,label,DB2,100000,1,eval,2253.059,82229448,0,0,false,tight
UC3,label,DB2,100000,1,decrypt,6.544,1318472,2097152,1,false,tight
UC3,label_max,DB2,100000,1,setup,225.086,65319056,0,0,false,tight
UC3,label_max,DB2,100000,1,precomp,0.000,0,0,0,false,tight
UC3,label_max,DB2,100000,1,encrypt,109.516,46901104,0,0,false,tight
UC3,label_max,DB2,100000,1,eval,3166.723,105311856,0,0,false,tight
UC3,label_max,DB2,100000,1,decrypt,9.243,1182312,4194304,1,true,tight
UC3,std,DB2,100000,2,setup,231.617,59534240,0,0,false,tight
UC3,std,DB2,100000,2,precomp,0.000,0,0,0,false,tight
UC3,std,DB2,100000,2,encrypt,89.151,26251688,0,0,false,tight
UC3,std,DB2,100000,2,eval,1834.209,38766648,0,0,false,tight
UC3,std,DB2,100000,2,decrypt,7.827,4860264,4194304,1,true,tight
UC3,std_modsw,DB2,100000,2,setup,224.539,75292656,0,0,false,tight
UC3,std_modsw,DB2,100000,2,precomp,0.000,0,0,0,false,tight
UC3,std_modsw,DB2,100000,2,encrypt,89.225,26251688,0,0,false,tight
UC3,std_modsw,DB2,100000,2,eval,1843.134,38766872,0,0,false,tight
UC3,std_modsw,DB2,100000,2,decrypt,11.910,30071344,2097152,1,true,tight
UC3,label,DB2,100000,2,setup,233.424,54281376,0,0,false,tight
UC3,label,DB2,100000,2,precomp,0.000,0,0,0,false,tight
UC3,label,DB2,100000,2,encrypt,109.576,47199568,0,0,false,tight
UC3,label,DB2,100000,2,eval,2226.158,82228568,0,0,false,tight
UC3,label,DB2,100000,2,decrypt,7.507,3813512,2097152,1,false,tight
UC3,label_max,DB2,100000,2,setup,221.725,60063104,0,0,false,tight
UC3,label_max,DB2,100000,2,precomp,0.000,0,0,0,false,tight
UC3,label_max,DB2,100000,2,encrypt,108.546,50930648,0,0,false,tight
UC3,label_max,DB2,100000,2,eval,3153.557,44251136,0,0,false,tight
UC3,label_max,DB2,100000,2,decrypt,8.691,4862536,4194304,1,true,tight
UC3,std,DB2,100000,3,setup,224.384,65319184,0,0,false,tight
UC3,std,DB2,100000,3,precomp,0.000,0,0,0,false,tight
UC3,std,DB2,100000,3,encrypt,89.525,26251688,0,0,false,tight
UC3,std,DB2,100000,3,eval,1838.247,38766856,0,0,false,tight
UC3,std,DB2,100000,3,decrypt,9.061,4860264,4194304,1,true,tight
UC3,std_modsw,DB2,100000,3,setup,222.399,54281248,0,0,false,tight
UC3,std_modsw,DB2,100000,3,precomp,0.001,0,0,0,false,tight
UC3,std_modsw,DB2,100000,3,encrypt,88.414,26251688,0,0,false,tight
UC3,std_modsw,DB2,100000,3,eval,1831.781,38766872,0,0,false,tight
UC3,std_modsw,DB2,100000,3,decrypt,12.519,30071472,2097152,1,true,tight
UC3,label,DB2,100000,3,setup,230.445,65319072,0,0,false,tight
UC3,label,DB2,100000,3,precomp,0.000,0,0,0,false,tight
UC3,label,DB2,100000,3,encrypt,108.265,50931448,0,0,false,tight
UC3,label,DB2,100000,3,eval,2246.070,61858504,0,0,false,tight
UC3,label,DB2,100000,3,decrypt,6.769,920616,2097152,1,false,tight
UC3,label_max,DB2,100000,3,setup,227.782,70039472,0,0,false,tight
UC3,label_max,DB2,100000,3,precomp,0.000,0,0,0,false,tight
UC3,label_max,DB2,100000,3,encrypt,110.153,46901200,0,0,false,tight
UC3,label_max,DB2,100000,3,eval,3172.744,44251472,0,0,false,tight
UC3,label_max,DB2,100000,3,decrypt,8.979,1182312,4194304,1,true,tight
UC3,std,DB2,100000,4,setup,226.952,65319072,0,0,false,tight
UC3,std,DB2,100000,4,precomp,0.001,0,0,0,false,tight
UC3,std,DB2,100000,4,encrypt,88.382,26251688,0,0,false,tight
UC3,std,DB2,100000,4,eval,1835.238,39820440,0,0,false,tight
UC3,std,DB2,100000,4,decrypt,8.355,4860264,4194304,1,true,tight
UC3,std_modsw,DB2,100000,4,setup,235.669,75292816,0,0,false,tight
UC3,std_modsw,DB2,100000,4,precomp,0.000,0,0,0,false,tight
UC3,std_modsw,DB2,100000,4,encrypt,89.911,26251688,0,0,false,tight
UC3,std_modsw,DB2,100000,4,eval,1843.340,38766872,0,0,false,tight
UC3,std_modsw,DB2,100000,4,decrypt,12.620,8147552,2097152,1,true,tight
UC3,label,DB2,100000,4,setup,225.568,60063232,0,0,false,tight
UC3,label,DB2,100000,4,precomp,0.000,0,0,0,false,tight
UC3,label,DB2,100000,4,encrypt,107.554,50931240,0,0,false,tight
UC3,label,DB2,100000,4,eval,2237.657,61853864,0,0,false,tight
UC3,label,DB2,100000,4,decrypt,6.282,14186552,2097152,1,false,tight
UC3,label_max,DB2,100000,4,setup,229.006,65319056,0,0,false,tight
UC3,label_max,DB2,100000,4,precomp,0.000,0,0,0,false,tight
UC3,label_max,DB2,100000,4,encrypt,107.517,50931416,0,0,false,tight
UC3,label_max,DB2,100000,4,eval,3159.807,86425304,0,0,false,tight
UC3,label_max,DB2,100000,4,decrypt,10.042,1186632,4194304,1,true,tight
UC3,std,DB2,100000,5,setup,225.710,70039968,0,0,false,tight
UC3,std,DB2,100000,5,precomp,0.000,0,0,0,false,tight
UC3,std,DB2,100000,5,encrypt,90.933,26251688,0,0,false,tight
UC3,std,DB2,100000,5,eval,1829.688,39820424,0,0,false,tight
UC3,std,DB2,100000,5,decrypt,7.575,4860376,4194304,1,true,tight
UC3,std_modsw,DB2,100000,5,setup,224.928,54545272,0,0,false,tight
UC3,std_modsw,DB2,100000,5,precomp,0.000,0,0,0,false,tight
UC3,std_modsw,DB2,100000,5,encrypt,93.313,26251688,0,0,false,tight
UC3,std_modsw,DB2,100000,5,eval,1831.719,38766744,0,0,false,tight
UC3,std_modsw,DB2,100000,5,decrypt,12.158,30071456,2097152,1,true,tight
UC3,label,DB2,100000,5,setup,240.088,75292464,0,0,false,tight
UC3,label,DB2,100000,5,precomp,0.000,0,0,0,false,tight
UC3,label,DB2,100000,5,encrypt,107.130,46901216,0,0,false,tight
UC3,label,DB2,100000,5,eval,2220.044,82228904,0,0,false,tight
UC3,label,DB2,100000,5,decrypt,6.576,3813512,2097152,1,false,tight
UC3,label_max,DB2,100000,5,setup,227.938,65319056,0,0,false,tight
UC3,label_max,DB2,100000,5,precomp,0.000,0,0,0,false,tight
UC3,label_max,DB2,100000,5,encrypt,110.045,50931080,0,0,false,tight
UC3,label_max,DB2,100000,5,eval,3162.693,22839328,0,0,false,tight
UC3,label_max,DB2,100000,5,decrypt,10.337,1182520,4194304,1,true,tight
UC3,std,DB2,100000,6,setup,227.999,59798840,0,0,false,tight
UC3,std,DB2,100000,6,precomp,0.000,0,0,0,false,tight
UC3,std,DB2,100000,6,encrypt,88.874,26251688,0,0,false,tight
UC3,std,DB2,100000,6,eval,1831.921,39820216,0,0,false,tight
UC3,std,DB2,100000,6,decrypt,7.540,4860264,4194304,1,true,tight
UC3,std_modsw,DB2,100000,6,setup,224.343,75292656,0,0,false,tight
UC3,std_modsw,DB2,100000,6,precomp,0.000,0,0,0,false,tight
UC3,std_modsw,DB2,100000,6,encrypt,90.677,26251688,0,0,false,tight
UC3,std_modsw,DB2,100000,6,eval,1845.531,38766856,0,0,false,tight
UC3,std_modsw,DB2,100000,6,decrypt,12.350,30071344,2097152,1,true,tight
UC3,label,DB2,100000,6,setup,234.512,54545784,0,0,false,tight
UC3,label,DB2,100000,6,precomp,0.000,0,0,0,false,tight
UC3,label,DB2,100000,6,encrypt,107.647,46901232,0,0,false,tight
UC3,label,DB2,100000,6,eval,2237.672,95584112,0,0,false,tight
UC3,label,DB2,100000,6,decrypt,7.488,924648,2097152,1,false,tight
UC3,label_max,DB2,100000,6,setup,222.240,59798824,0,0,false,tight
UC3,label_max,DB2,100000,6,precomp,0.000,0,0,0,false,tight
UC3,label_max,DB2,100000,6,encrypt,108.652,50931512,0,0,false,tight
UC3,label_max,DB2,100000,6,eval,3169.644,107168832,0,0,false,tight
UC3,label_max,DB2,100000,6,decrypt,9.727,1182312,4194304,1,true,tight
UC3,std,DB2,100000,7,setup,226.356,60063232,0,0,false,tight
UC3,std,DB2,100000,7,precomp,0.001,0,0,0,false,tight
UC3,std,DB2,100000,7,encrypt,89.745,26251688,0,0,false,tight
UC3,std,DB2,100000,7,eval,1830.684,39820216,0,0,false,tight
UC3,std,DB2,100000,7,decrypt,8.127,4860264,4194304,1,true,tight
UC3,std_modsw,DB2,100000,7,setup,232.547,75292656,0,0,false,tight
UC3,std_modsw,DB2,100000,7,precomp,0.000,0,0,0,false,tight
UC3,std_modsw,DB2,100000,7,encrypt,88.404,26251688,0,0,false,tight
UC3,std_modsw,DB2,100000,7,eval,1848.325,38766968,0,0,false,tight
UC3,std_modsw,DB2,100000,7,decrypt,12.548,30071344,2097152,1,true,tight
UC3,label,DB2,100000,7,setup,232.259,75292720,0,0,false,tight
UC3,label,DB2,100000,7,precomp,0.000,0,0,0,false,tight
UC3,label,DB2,100000,7,encrypt,105.609,47181040,0,0,false,tight
UC3,label,DB2,100000,7,eval,2201.793,20741472,0,0,false,tight
UC3,label,DB2,100000,7,decrypt,6.824,920728,2097152,1,false,tight
UC3,label_max,DB2,100000,7,setup,227.492,65315344,0,0,false,tight
UC3,label_max,DB2,100000,7,precomp,0.000,0,0,0,false,tight
UC3,label_max,DB2,100000,7,encrypt,108.536,46901408,0,0,false,tight
UC3,label_max,DB2,100000,7,eval,3152.944,44252688,0,0,false,tight
UC3,label_max,DB2,100000,7,decrypt,10.007,2762720,4194304,1,true,tight
UC3,std,DB2,100000,8,setup,225.466,65319184,0,0,false,tight
UC3,std,DB2,100000,8,precomp,0.000,0,0,0,false,tight
UC3,std,DB2,100000,8,encrypt,89.860,26251688,0,0,false,tight
UC3,std,DB2,100000,8,eval,1833.257,38766872,0,0,false,tight
UC3,std,DB2,100000,8,decrypt,9.193,4860264,4194304,1,true,tight
UC3,std_modsw,DB2,100000,8,setup,227.943,75292704,0,0,false,tight
UC3,std_modsw,DB2,100000,8,precomp,0.000,0,0,0,false,tight
UC3,std_modsw,DB2,100000,8,encrypt,88.385,26251688,0,0,false,tight
UC3,std_modsw,DB2,100000,8,eval,1845.669,38766872,0,0,false,tight
UC3,std_modsw,DB2,100000,8,decrypt,12.709,30071456,2097152,1,true,tight
UC3,label,DB2,100000,8,setup,226.089,65319072,0,0,false,tight
UC3,label,DB2,100000,8,precomp,0.000,0,0,0,false,tight
UC3,label,DB2,100000,8,encrypt,110.327,50931608,0,0,false,tight
UC3,label,DB2,100000,8,eval,2257.914,102977376,0,0,false,tight
UC3,label,DB2,100000,8,decrypt,6.263,920504,2097152,1,false,tight
UC3,label_max,DB2,100000,8,setup,228.294,75292656,0,0,false,tight
UC3,label_max,DB2,100000,8,precomp,0.000,0,0,0,false,tight
UC3,label_max,DB2,100000,8,encrypt,108.775,46901120,0,0,false,tight
UC3,label_max,DB2,100000,8,eval,3178.144,65013384,0,0,false,tight
UC3,label_max,DB2,100000,8,decrypt,10.414,2762720,4194304,1,true,tight
UC3,std,DB2,100000,9,setup,224.098,65318960,0,0,false,tight
UC3,std,DB2,100000,9,precomp,0.000,0,0,0,false,tight
UC3,std,DB2,100000,9,encrypt,89.989,26251688,0,0,false,tight
UC3,std,DB2,100000,9,eval,1831.183,38766632,0,0,false,tight
UC3,std,DB2,100000,9,decrypt,7.517,4860264,4194304,1,true,tight
UC3,std_modsw,DB2,100000,9,setup,227.341,54281088,0,0,false,tight
UC3,std_modsw,DB2,100000,9,precomp,0.001,0,0,0,false,tight
UC3,std_modsw,DB2,100000,9,encrypt,89.098,26251688,0,0,false,tight
UC3,std_modsw,DB2,100000,9,eval,1830.406,38766872,0,0,false,tight
UC3,std_modsw,DB2,100000,9,decrypt,12.804,6046664,2097152,1,true,tight
UC3,label,DB2,100000,9,setup,229.327,70039808,0,0,false,tight
UC3,label,DB2,100000,9,precomp,0.000,0,0,0,false,tight
UC3,label,DB2,100000,9,encrypt,107.649,50930856,0,0,false,tight
UC3,label,DB2,100000,9,eval,2233.819,20734432,0,0,false,tight
UC3,label,DB2,100000,9,decrypt,6.912,2238416,2097152,1,false,tight
UC3,label_max,DB2,100000,9,setup,221.865,64786608,0,0,false,tight
UC3,label_max,DB2,100000,9,precomp,0.000,0,0,0,false,tight
UC3,label_max,DB2,100000,9,encrypt,110.898,50931928,0,0,false,tight
UC3,label_max,DB2,100000,9,eval,3166.534,22832720,0,0,false,tight
UC3,label_max,DB2,100000,9,decrypt,9.124,4862536,4194304,1,true,tight
UC3,std,DB2,100000,10,setup,225.293,60066208,0,0,false,tight
UC3,std,DB2,100000,10,precomp,0.001,0,0,0,false,tight
UC3,std,DB2,100000,10,encrypt,89.533,26251688,0,0,false,tight
UC3,std,DB2,100000,10,eval,1827.531,38766648,0,0,false,tight
UC3,std,DB2,100000,10,decrypt,8.522,4860264,4194304,1,true,tight
UC3,std_modsw,DB2,100000,10,setup,232.406,75292704,0,0,false,tight
UC3,std_modsw,DB2,100000,10,precomp,0.000,0,0,0,false,tight
UC3,std_modsw,DB2,100000,10,encrypt,87.745,26251688,0,0,false,tight
UC3,std_modsw,DB2,100000,10,eval,1840.237,38766792,0,0,false,tight
UC3,std_modsw,DB2,100000,10,decrypt,13.518,-2488912,2097152,1,true,tight
UC3,label,DB2,100000,10,setup,230.815,75292560,0,0,false,tight
UC3,label,DB2,100000,10,precomp,0.000,0,0,0,false,tight
UC3,label,DB2,100000,10,encrypt,107.478,46991680,0,0,false,tight
UC3,label,DB2,100000,10,eval,2238.161,41106160,0,0,false,tight
UC3,label,DB2,100000,10,decrypt,7.008,920728,2097152,1,false,tight
UC3,label_max,DB2,100000,10,setup,222.516,59798824,0,0,false,tight
UC3,label_max,DB2,100000,10,precomp,0.000,0,0,0,false,tight
UC3,label_max,DB2,100000,10,encrypt,107.522,50931000,0,0,false,tight
UC3,label_max,DB2,100000,10,eval,3193.217,44253072,0,0,false,tight
UC3,label_max,DB2,100000,10,decrypt,9.379,1182520,4194304,1,true,tight
UC3,std,DB2,100000,11,setup,227.201,54281216,0,0,false,tight
UC3,std,DB2,100000,11,precomp,0.000,0,0,0,false,tight
UC3,std,DB2,100000,11,encrypt,90.237,26251688,0,0,false,tight
UC3,std,DB2,100000,11,eval,1830.315,38766648,0,0,false,tight
UC3,std,DB2,100000,11,decrypt,9.014,4860376,4194304,1,true,tight
UC3,std_modsw,DB2,100000,11,setup,230.894,75292816,0,0,false,tight
UC3,std_modsw,DB2,100000,11,precomp,0.000,0,0,0,false,tight
UC3,std_modsw,DB2,100000,11,encrypt,87.968,26251688,0,0,false,tight
UC3,std_modsw,DB2,100000,11,eval,1849.931,38766984,0,0,false,tight
UC3,std_modsw,DB2,100000,11,decrypt,14.502,29007504,2097152,1,true,tight
UC3,label,DB2,100000,11,setup,234.614,59798600,0,0,false,tight
UC3,label,DB2,100000,11,precomp,0.000,0,0,0,false,tight
UC3,label,DB2,100000,11,encrypt,109.505,50931032,0,0,false,tight
UC3,label,DB2,100000,11,eval,2215.220,102980800,0,0,false,tight
UC3,label,DB2,100000,11,decrypt,7.220,920728,2097152,1,false,tight
UC3,label_max,DB2,100000,11,setup,227.855,59798840,0,0,false,tight
UC3,label_max,DB2,100000,11,precomp,0.000,0,0,0,false,tight
UC3,label_max,DB2,100000,11,encrypt,111.377,46901328,0,0,false,tight
UC3,label_max,DB2,100000,11,eval,3173.933,86425752,0,0,false,tight
UC3,label_max,DB2,100000,11,decrypt,9.777,1182312,4194304,1,true,tight
UC3,std,DB2,100000,12,setup,226.200,60066208,0,0,false,tight
UC3,std,DB2,100000,12,precomp,0.000,0,0,0,false,tight
UC3,std,DB2,100000,12,encrypt,90.614,26251688,0,0,false,tight
UC3,std,DB2,100000,12,eval,1829.039,39820440,0,0,false,tight
UC3,std,DB2,100000,12,decrypt,7.560,4860264,4194304,1,true,tight
UC3,std_modsw,DB2,100000,12,setup,230.052,54280880,0,0,false,tight
UC3,std_modsw,DB2,100000,12,precomp,0.000,0,0,0,false,tight
UC3,std_modsw,DB2,100000,12,encrypt,89.018,26251688,0,0,false,tight
UC3,std_modsw,DB2,100000,12,eval,1831.862,38766680,0,0,false,tight
UC3,std_modsw,DB2,100000,12,decrypt,13.395,30071456,2097152,1,true,tight
UC3,label,DB2,100000,12,setup,236.127,54545288,0,0,false,tight
UC3,label,DB2,100000,12,precomp,0.000,0,0,0,false,tight
UC3,label,DB2,100000,12,encrypt,109.974,47213072,0,0,false,tight
UC3,label,DB2,100000,12,eval,2246.318,82222056,0,0,false,tight
UC3,label,DB2,100000,12,decrypt,7.348,2238064,2097152,1,false,tight
UC3,label_max,DB2,100000,12,setup,226.539,59798584,0,0,false,tight
UC3,label_max,DB2,100000,12,precomp,0.000,0,0,0,false,tight
UC3,label_max,DB2,100000,12,encrypt,107.476,50931768,0,0,false,tight
UC3,label_max,DB2,100000,12,eval,3178.363,64998104,0,0,false,tight
UC3,label_max,DB2,100000,12,decrypt,9.122,2762608,4194304,1,true,tight
UC3,std,DB2,100000,13,setup,225.600,59798632,0,0,false,tight
UC3,std,DB2,100000,13,precomp,0.000,0,0,0,false,tight
UC3,std,DB2,100000,13,encrypt,88.913,26251688,0,0,false,tight
UC3,std,DB2,100000,13,eval,1831.324,39820216,0,0,false,tight
UC3,std,DB2,100000,13,decrypt,8.005,4860264,4194304,1,true,tight
UC3,std_modsw,DB2,100000,13,setup,227.029,54281360,0,0,false,tight
UC3,std_modsw,DB2,100000,13,precomp,0.000,0,0,0,false,tight
UC3,std_modsw,DB2,100000,13,encrypt,90.820,26251688,0,0,false,tight
UC3,std_modsw,DB2,100000,13,eval,1835.293,38766856,0,0,false,tight
UC3,std_modsw,DB2,100000,13,decrypt,12.310,30071456,2097152,1,true,tight
UC3,label,DB2,100000,13,setup,224.466,60063024,0,0,false,tight
UC3,label,DB2,100000,13,precomp,0.000,0,0,0,false,tight
UC3,label,DB2,100000,13,encrypt,109.131,50931352,0,0,false,tight
UC3,label,DB2,100000,13,eval,2256.694,82229576,0,0,false,tight
UC3,label,DB2,100000,13,decrypt,6.241,920504,2097152,1,false,tight
UC3,label_max,DB2,100000,13,setup,224.856,60063216,0,0,false,tight
UC3,label_max,DB2,100000,13,precomp,0.001,0,0,0,false,tight
UC3,label_max,DB2,100000,13,encrypt,110.051,46901280,0,0,false,tight
UC3,label_max,DB2,100000,13,eval,3157.990,65012600,0,0,false,tight
UC3,label_max,DB2,100000,13,decrypt,9.646,4862552,4194304,1,true,tight
UC3,std,DB2,100000,14,setup,224.089,64786832,0,0,false,tight
UC3,std,DB2,100000,14,precomp,0.000,0,0,0,false,tight
UC3,std,DB2,100000,14,encrypt,88.355,26251688,0,0,false,tight
UC3,std,DB2,100000,14,eval,1829.111,38766872,0,0,false,tight
UC3,std,DB2,100000,14,decrypt,7.535,4860376,4194304,1,true,tight
UC3,std_modsw,DB2,100000,14,setup,223.601,54545976,0,0,false,tight
UC3,std_modsw,DB2,100000,14,precomp,0.000,0,0,0,false,tight
UC3,std_modsw,DB2,100000,14,encrypt,88.844,26251688,0,0,false,tight
UC3,std_modsw,DB2,100000,14,eval,1833.382,38766872,0,0,false,tight
UC3,std_modsw,DB2,100000,14,decrypt,12.246,30071344,2097152,1,true,tight
UC3,label,DB2,100000,14,setup,227.849,65319296,0,0,false,tight
UC3,label,DB2,100000,14,precomp,0.000,0,0,0,false,tight
UC3,label,DB2,100000,14,encrypt,107.938,50931464,0,0,false,tight
UC3,label,DB2,100000,14,eval,2240.730,82229224,0,0,false,tight
UC3,label,DB2,100000,14,decrypt,6.933,2238064,2097152,1,false,tight
UC3,label_max,DB2,100000,14,setup,233.023,75425656,0,0,false,tight
UC3,label_max,DB2,100000,14,precomp,0.000,0,0,0,false,tight
UC3,label_max,DB2,100000,14,encrypt,106.786,50930440,0,0,false,tight
UC3,label_max,DB2,100000,14,eval,3189.851,86425304,0,0,false,tight
UC3,label_max,DB2,100000,14,decrypt,9.829,1711496,4194304,1,true,tight
UC3,std,DB2,100000,15,setup,225.262,60066096,0,0,false,tight
UC3,std,DB2,100000,15,precomp,0.000,0,0,0,false,tight
UC3,std,DB2,100000,15,encrypt,87.996,26251688,0,0,false,tight
UC3,std,DB2,100000,15,eval,1829.656,39820424,0,0,false,tight
UC3,std,DB2,100000,15,decrypt,8.032,4860264,4194304,1,true,tight
UC3,std_modsw,DB2,100000,15,setup,227.461,54281248,0,0,false,tight
UC3,std_modsw,DB2,100000,15,precomp,0.000,0,0,0,false,tight
UC3,std_modsw,DB2,100000,15,encrypt,89.408,26251688,0,0,false,tight
UC3,std_modsw,DB2,100000,15,eval,1836.499,38766872,0,0,false,tight
UC3,std_modsw,DB2,100000,15,decrypt,14.285,-2488800,2097152,1,true,tight
UC3,label,DB2,100000,15,setup,229.660,70039600,0,0,false,tight
UC3,label,DB2,100000,15,precomp,0.000,0,0,0,false,tight
UC3,label,DB2,100000,15,encrypt,106.812,46900992,0,0,false,tight
UC3,label,DB2,100000,15,eval,2243.166,61865288,0,0,false,tight
UC3,label,DB2,100000,15,decrypt,6.706,920728,2097152,1,false,tight
UC3,label_max,DB2,100000,15,setup,226.484,59798696,0,0,false,tight
UC3,label_max,DB2,100000,15,precomp,0.000,0,0,0,false,tight
UC3,label_max,DB2,100000,15,encrypt,110.306,50930904,0,0,false,tight
UC3,label_max,DB2,100000,15,eval,3165.832,44251472,0,0,false,tight
UC3,label_max,DB2,100000,15,decrypt,8.721,7487080,4194304,1,true,tight
UC3,std,DB2,100000,16,setup,229.130,75292832,0,0,false,tight
UC3,std,DB2,100000,16,precomp,0.000,0,0,0,false,tight
UC3,std,DB2,100000,16,encrypt,88.497,26251688,0,0,false,tight
UC3,std,DB2,100000,16,eval,1848.740,38766872,0,0,false,tight
UC3,std,DB2,100000,16,decrypt,9.042,4860264,4194304,1,true,tight
UC3,std_modsw,DB2,100000,16,setup,225.466,54281248,0,0,false,tight
UC3,std_modsw,DB2,100000,16,precomp,0.000,0,0,0,false,tight
UC3,std_modsw,DB2,100000,16,encrypt,89.906,26251688,0,0,false,tight
UC3,std_modsw,DB2,100000,16,eval,1836.460,38766856,0,0,false,tight
UC3,std_modsw,DB2,100000,16,decrypt,12.292,30071344,2097152,1,true,tight
UC3,label,DB2,100000,16,setup,232.061,70571824,0,0,false,tight
UC3,label,DB2,100000,16,precomp,0.000,0,0,0,false,tight
UC3,label,DB2,100000,16,encrypt,107.118,50931144,0,0,false,tight
UC3,label,DB2,100000,16,eval,2239.952,41098112,0,0,false,tight
UC3,label,DB2,100000,16,decrypt,5.981,924168,2097152,1,false,tight
UC3,label_max,DB2,100000,16,setup,231.780,59798808,0,0,false,tight
UC3,label_max,DB2,100000,16,precomp,0.000,0,0,0,false,tight
UC3,label_max,DB2,100000,16,encrypt,107.901,50931224,0,0,false,tight
UC3,label_max,DB2,100000,16,eval,3145.713,42676992,0,0,false,tight
UC3,label_max,DB2,100000,16,decrypt,9.629,8273704,4194304,1,true,tight
UC3,std,DB2,100000,17,setup,233.975,59534256,0,0,false,tight
UC3,std,DB2,100000,17,precomp,0.000,0,0,0,false,tight
UC3,std,DB2,100000,17,encrypt,89.249,26251688,0,0,false,tight
UC3,std,DB2,100000,17,eval,1851.219,38766648,0,0,false,tight
UC3,std,DB2,100000,17,decrypt,8.445,4860264,4194304,1,true,tight
UC3,std_modsw,DB2,100000,17,setup,232.702,54813216,0,0,false,tight
UC3,std_modsw,DB2,100000,17,precomp,0.000,0,0,0,false,tight
UC3,std_modsw,DB2,100000,17,encrypt,89.415,26251688,0,0,false,tight
UC3,std_modsw,DB2,100000,17,eval,1830.186,38766680,0,0,false,tight
UC3,std_modsw,DB2,100000,17,decrypt,12.226,30071344,2097152,1,true,tight
UC3,label,DB2,100000,17,setup,224.946,65319184,0,0,false,tight
UC3,label,DB2,100000,17,precomp,0.000,0,0,0,false,tight
UC3,label,DB2,100000,17,encrypt,107.091,50931368,0,0,false,tight
UC3,label,DB2,100000,17,eval,2252.767,82245432,0,0,false,tight
UC3,label,DB2,100000,17,decrypt,5.698,3813512,2097152,1,false,tight
UC3,label_max,DB2,100000,17,setup,224.833,60063216,0,0,false,tight
UC3,label_max,DB2,100000,17,precomp,0.000,0,0,0,false,tight
UC3,label_max,DB2,100000,17,encrypt,106.830,46901440,0,0,false,tight
UC3,label_max,DB2,100000,17,eval,3211.836,22838672,0,0,false,tight
UC3,label_max,DB2,100000,17,decrypt,8.567,1182632,4194304,1,true,tight
UC3,std,DB2,100000,18,setup,223.695,65318960,0,0,false,tight
UC3,std,DB2,100000,18,precomp,0.000,0,0,0,false,tight
UC3,std,DB2,100000,18,encrypt,89.241,26251688,0,0,false,tight
UC3,std,DB2,100000,18,eval,1838.628,40873976,0,0,false,tight
UC3,std,DB2,100000,18,decrypt,8.338,4860264,4194304,1,true,tight
UC3,std_modsw,DB2,100000,18,setup,229.141,75292704,0,0,false,tight
UC3,std_modsw,DB2,100000,18,precomp,0.000,0,0,0,false,tight
UC3,std_modsw,DB2,100000,18,encrypt,88.333,26251688,0,0,false,tight
UC3,std_modsw,DB2,100000,18,eval,1844.546,38766648,0,0,false,tight
UC3,std_modsw,DB2,100000,18,decrypt,12.864,30056648,2097152,1,true,tight
UC3,label,DB2,100000,18,setup,232.142,59798840,0,0,false,tight
UC3,label,DB2,100000,18,precomp,0.000,0,0,0,false,tight
UC3,label,DB2,100000,18,encrypt,109.330,50931000,0,0,false,tight
UC3,label,DB2,100000,18,eval,2231.122,61866408,0,0,false,tight
UC3,label,DB2,100000,18,decrypt,6.253,2237936,2097152,1,false,tight
UC3,label_max,DB2,100000,18,setup,225.255,54281312,0,0,false,tight
UC3,label_max,DB2,100000,18,precomp,0.000,0,0,0,false,tight
UC3,label_max,DB2,100000,18,encrypt,108.924,50931048,0,0,false,tight
UC3,label_max,DB2,100000,18,eval,3153.353,86425528,0,0,false,tight
UC3,label_max,DB2,100000,18,decrypt,10.102,7487080,4194304,1,true,tight
UC3,std,DB2,100000,19,setup,229.772,60062512,0,0,false,tight
UC3,std,DB2,100000,19,precomp,0.001,0,0,0,false,tight
UC3,std,DB2,100000,19,encrypt,88.795,26251688,0,0,false,tight
UC3,std,DB2,100000,19,eval,1830.345,38766872,0,0,false,tight
UC3,std,DB2,100000,19,decrypt,7.575,4860264,4194304,1,true,tight
UC3,std_modsw,DB2,100000,19,setup,225.407,75556824,0,0,false,tight
UC3,std_modsw,DB2,100000,19,precomp,0.001,0,0,0,false,tight
UC3,std_modsw,DB2,100000,19,encrypt,88.192,26251688,0,0,false,tight
UC3,std_modsw,DB2,100000,19,eval,1853.824,38766648,0,0,false,tight
UC3,std_modsw,DB2,100000,19,decrypt,14.448,30071344,2097152,1,true,tight
UC3,label,DB2,100000,19,setup,233.443,54281328,0,0,false,tight
UC3,label,DB2,100000,19,precomp,0.000,0,0,0,false,tight
UC3,label,DB2,100000,19,encrypt,108.240,50930968,0,0,false,tight
UC3,label,DB2,100000,19,eval,2218.162,82064048,0,0,false,tight
UC3,label,DB2,100000,19,decrypt,6.626,920728,2097152,1,false,tight
UC3,label_max,DB2,100000,19,setup,228.730,60063216,0,0,false,tight
UC3,label_max,DB2,100000,19,precomp,0.001,0,0,0,false,tight
UC3,label_max,DB2,100000,19,encrypt,109.170,50931048,0,0,false,tight
UC3,label_max,DB2,100000,19,eval,3170.917,44244192,0,0,false,tight
UC3,label_max,DB2,100000,19,decrypt,9.640,1186632,4194304,1,true,tight
UC3,std,DB2,100000,20,setup,222.812,60066208,0,0,false,tight
UC3,std,DB2,100000,20,precomp,0.000,0,0,0,false,tight
UC3,std,DB2,100000,20,encrypt,89.997,26251688,0,0,false,tight
UC3,std,DB2,100000,20,eval,1831.883,38766680,0,0,false,tight
UC3,std,DB2,100000,20,decrypt,7.668,4860264,4194304,1,true,tight
UC3,std_modsw,DB2,100000,20,setup,227.065,54281472,0,0,false,tight
UC3,std_modsw,DB2,100000,20,precomp,0.000,0,0,0,false,tight
UC3,std_modsw,DB2,100000,20,encrypt,89.917,26251688,0,0,false,tight
UC3,std_modsw,DB2,100000,20,eval,1840.865,38766872,0,0,false,tight
UC3,std_modsw,DB2,100000,20,decrypt,12.653,30056704,2097152,1,true,tight
UC3,label,DB2,100000,20,setup,227.412,60066320,0,0,false,tight
UC3,label,DB2,100000,20,precomp,0.000,0,0,0,false,tight
UC3,label,DB2,100000,20,encrypt,107.476,50931320,0,0,false,tight
UC3,label,DB2,100000,20,eval,2334.382,61865192,0,0,false,tight
UC3,label,DB2,100000,20,decrypt,6.631,920504,2097152,1,false,tight
UC3,label_max,DB2,100000,20,setup,236.232,59798328,0,0,false,tight
UC3,label_max,DB2,100000,20,precomp,0.001,0,0,0,false,tight
UC3,label_max,DB2,100000,20,encrypt,108.089,50930520,0,0,false,tight
UC3,label_max,DB2,100000,20,eval,3161.779,33653328,0,0,false,tight
UC3,label_max,DB2,100000,20,decrypt,9.547,4862536,4194304,1,true,tight
UC3,std,DB3,1000000,1,setup,230.443,54810304,0,0,false,tight
UC3,std,DB3,1000000,1,precomp,0.000,0,0,0,false,tight
UC3,std,DB3,1000000,1,encrypt,784.235,137270272,0,0,false,tight
UC3,std,DB3,1000000,1,eval,16012.055,60002456,0,0,false,tight
UC3,std,DB3,1000000,1,decrypt,7.246,11820192,4194304,1,true,tight
UC3,std_modsw,DB3,1000000,1,setup,216.760,60063104,0,0,false,tight
UC3,std_modsw,DB3,1000000,1,precomp,0.000,0,0,0,false,tight
UC3,std_modsw,DB3,1000000,1,encrypt,783.104,137270272,0,0,false,tight
UC3,std_modsw,DB3,1000000,1,eval,16027.250,60002488,0,0,false,tight
UC3,std_modsw,DB3,1000000,1,decrypt,13.186,4207768,2097152,1,true,tight
UC3,label,DB3,1000000,1,setup,215.951,70568352,0,0,false,tight
UC3,label,DB3,1000000,1,precomp,0.000,0,0,0,false,tight
UC3,label,DB3,1000000,1,encrypt,928.012,201210088,0,0,false,tight
UC3,label,DB3,1000000,1,eval,18302.337,116142416,0,0,false,tight
UC3,label,DB3,1000000,1,decrypt,6.268,9063016,2097152,1,false,tight
UC3,label_max,DB3,1000000,1,setup,214.634,54545976,0,0,false,tight
UC3,label_max,DB3,1000000,1,precomp,0.001,0,0,0,false,tight
UC3,label_max,DB3,1000000,1,encrypt,928.295,201209656,0,0,false,tight
UC3,label_max,DB3,1000000,1,eval,26431.285,99977888,0,0,false,tight
UC3,label_max,DB3,1000000,1,decrypt,9.177,10112504,4194304,1,true,tight
UC3,std,DB3,1000000,2,setup,216.784,54809648,0,0,false,tight
UC3,std,DB3,1000000,2,precomp,0.000,0,0,0,false,tight
UC3,std,DB3,1000000,2,encrypt,786.659,137270272,0,0,false,tight
UC3,std,DB3,1000000,2,eval,16025.382,60002456,0,0,false,tight
UC3,std,DB3,1000000,2,decrypt,7.193,11820192,4194304,1,true,tight
UC3,std_modsw,DB3,1000000,2,setup,214.488,60066080,0,0,false,tight
UC3,std_modsw,DB3,1000000,2,precomp,0.000,0,0,0,false,tight
UC3,std_modsw,DB3,1000000,2,encrypt,783.928,137270272,0,0,false,tight
UC3,std_modsw,DB3,1000000,2,eval,16042.694,60002488,0,0,false,tight
UC3,std_modsw,DB3,1000000,2,decrypt,11.726,4207880,2097152,1,true,tight
UC3,label,DB3,1000000,2,setup,216.579,70568848,0,0,false,tight
UC3,label,DB3,1000000,2,precomp,0.000,0,0,0,false,tight
UC3,label,DB3,1000000,2,encrypt,926.459,201210072,0,0,false,tight
UC3,label,DB3,1000000,2,eval,18220.595,199984592,0,0,false,tight
UC3,label,DB3,1000000,2,decrypt,6.019,9063016,2097152,1,false,tight
UC3,label_max,DB3,1000000,2,setup,219.707,75824720,0,0,false,tight
UC3,label_max,DB3,1000000,2,precomp,0.000,0,0,0,false,tight
UC3,label_max,DB3,1000000,2,encrypt,933.511,201209720,0,0,false,tight
UC3,label_max,DB3,1000000,2,eval,26415.769,121389904,0,0,false,tight
UC3,label_max,DB3,1000000,2,decrypt,8.199,10112504,4194304,1,true,tight
UC3,std,DB3,1000000,3,setup,217.191,75821712,0,0,false,tight
UC3,std,DB3,1000000,3,precomp,0.000,0,0,0,false,tight
UC3,std,DB3,1000000,3,encrypt,793.156,137270272,0,0,false,tight
UC3,std,DB3,1000000,3,eval,16089.130,60002488,0,0,false,tight
UC3,std,DB3,1000000,3,decrypt,7.296,11820192,4194304,1,true,tight
UC3,std_modsw,DB3,1000000,3,setup,217.597,60066080,0,0,false,tight
UC3,std_modsw,DB3,1000000,3,precomp,0.000,0,0,0,false,tight
UC3,std_modsw,DB3,1000000,3,encrypt,791.998,137270272,0,0,false,tight
UC3,std_modsw,DB3,1000000,3,eval,16017.585,60002488,0,0,false,tight
UC3,std_modsw,DB3,1000000,3,decrypt,12.119,6047192,2097152,1,true,tight
UC3,label,DB3,1000000,3,setup,215.830,64786624,0,0,false,tight
UC3,label,DB3,1000000,3,precomp,0.001,0,0,0,false,tight
UC3,label,DB3,1000000,3,encrypt,928.707,201209656,0,0,false,tight
UC3,label,DB3,1000000,3,eval,18230.914,178026608,0,0,false,tight
UC3,label,DB3,1000000,3,decrypt,7.793,9063016,2097152,1,false,tight
UC3,label_max,DB3,1000000,3,setup,217.476,70039472,0,0,false,tight
UC3,label_max,DB3,1000000,3,precomp,0.000,0,0,0,false,tight
UC3,label_max,DB3,1000000,3,encrypt,927.237,201210088,0,0,false,tight
UC3,label_max,DB3,1000000,3,eval,26410.258,184326224,0,0,false,tight
UC3,label_max,DB3,1000000,3,decrypt,9.681,10112504,4194304,1,true,tight
UC3,std,DB3,1000000,4,setup,218.666,54810416,0,0,false,tight
UC3,std,DB3,1000000,4,precomp,0.000,0,0,0,false,tight
UC3,std,DB3,1000000,4,encrypt,783.877,137270272,0,0,false,tight
UC3,std,DB3,1000000,4,eval,16024.998,60002488,0,0,false,tight
UC3,std,DB3,1000000,4,decrypt,7.190,11820192,4194304,1,true,tight
UC3,std_modsw,DB3,1000000,4,setup,215.563,60066080,0,0,false,tight
UC3,std_modsw,DB3,1000000,4,precomp,0.001,0,0,0,false,tight
UC3,std_modsw,DB3,1000000,4,encrypt,787.240,137270272,0,0,false,tight
UC3,std_modsw,DB3,1000000,4,eval,16048.466,60002488,0,0,false,tight
UC3,std_modsw,DB3,1000000,4,decrypt,13.130,3025336,2097152,1,true,tight
UC3,label,DB3,1000000,4,setup,217.970,80545536,0,0,false,tight
UC3,label,DB3,1000000,4,precomp,0.000,0,0,0,false,tight
UC3,label,DB3,1000000,4,encrypt,928.493,201210056,0,0,false,tight
UC3,label,DB3,1000000,4,eval,18223.035,95774800,0,0,false,tight
UC3,label,DB3,1000000,4,decrypt,5.696,9063016,2097152,1,false,tight
UC3,label_max,DB3,1000000,4,setup,225.130,80545312,0,0,false,tight
UC3,label_max,DB3,1000000,4,precomp,0.000,0,0,0,false,tight
UC3,label_max,DB3,1000000,4,encrypt,938.726,201210392,0,0,false,tight
UC3,label_max,DB3,1000000,4,eval,26412.873,57804776,0,0,false,tight
UC3,label_max,DB3,1000000,4,decrypt,8.205,10112504,4194304,1,true,tight
UC3,std,DB3,1000000,5,setup,217.825,54810880,0,0,false,tight
UC3,std,DB3,1000000,5,precomp,0.001,0,0,0,false,tight
UC3,std,DB3,1000000,5,encrypt,783.268,137270272,0,0,false,tight
UC3,std,DB3,1000000,5,eval,16215.768,60002488,0,0,false,tight
UC3,std,DB3,1000000,5,decrypt,8.777,11820192,4194304,1,true,tight
UC3,std_modsw,DB3,1000000,5,setup,219.912,54546136,0,0,false,tight
UC3,std_modsw,DB3,1000000,5,precomp,0.000,0,0,0,false,tight
UC3,std_modsw,DB3,1000000,5,encrypt,782.720,137270480,0,0,false,tight
UC3,std_modsw,DB3,1000000,5,eval,16073.275,60002456,0,0,false,tight
UC3,std_modsw,DB3,1000000,5,decrypt,13.261,3024888,2097152,1,true,tight
UC3,label,DB3,1000000,5,setup,219.253,78971504,0,0,false,tight
UC3,label,DB3,1000000,5,precomp,0.001,0,0,0,false,tight
UC3,label,DB3,1000000,5,encrypt,929.954,201209704,0,0,false,tight
UC3,label,DB3,1000000,5,eval,18262.068,179880592,0,0,false,tight
UC3,label,DB3,1000000,5,decrypt,5.742,9063016,2097152,1,false,tight
UC3,label_max,DB3,1000000,5,setup,214.806,80545200,0,0,false,tight
UC3,label_max,DB3,1000000,5,precomp,0.000,0,0,0,false,tight
UC3,label_max,DB3,1000000,5,encrypt,936.606,192225792,0,0,false,tight
UC3,label_max,DB3,1000000,5,eval,26481.578,57803272,0,0,false,tight
UC3,label_max,DB3,1000000,5,decrypt,8.961,10112504,4194304,1,true,tight
UC3,std,DB3,1000000,6,setup,218.158,75821872,0,0,false,tight
UC3,std,DB3,1000000,6,precomp,0.000,0,0,0,false,tight
UC3,std,DB3,1000000,6,encrypt,786.258,137270272,0,0,false,tight
UC3,std,DB3,1000000,6,eval,16113.764,60002456,0,0,false,tight
UC3,std,DB3,1000000,6,decrypt,7.721,11820192,4194304,1,true,tight
UC3,std_modsw,DB3,1000000,6,setup,220.879,64786976,0,0,false,tight
UC3,std_modsw,DB3,1000000,6,precomp,0.000,0,0,0,false,tight
UC3,std_modsw,DB3,1000000,6,encrypt,785.589,137270272,0,0,false,tight
UC3,std_modsw,DB3,1000000,6,eval,16057.641,60002488,0,0,false,tight
UC3,std_modsw,DB3,1000000,6,decrypt,11.821,6047304,2097152,1,true,tight
UC3,label,DB3,1000000,6,setup,216.322,64786832,0,0,false,tight
UC3,label,DB3,1000000,6,precomp,0.000,0,0,0,false,tight
UC3,label,DB3,1000000,6,encrypt,931.752,201209848,0,0,false,tight
UC3,label,DB3,1000000,6,eval,18225.175,157260872,0,0,false,tight
UC3,label,DB3,1000000,6,decrypt,6.160,9063016,2097152,1,false,tight
UC3,label_max,DB3,1000000,6,setup,218.461,54813552,0,0,false,tight
UC3,label_max,DB3,1000000,6,precomp,0.000,0,0,0,false,tight
UC3,label_max,DB3,1000000,6,encrypt,931.530,201210568,0,0,false,tight
UC3,label_max,DB3,1000000,6,eval,26382.604,184326448,0,0,false,tight
UC3,label_max,DB3,1000000,6,decrypt,9.579,10112504,4194304,1,true,tight
UC3,std,DB3,1000000,7,setup,220.188,80545696,0,0,false,tight
UC3,std,DB3,1000000,7,precomp,0.001,0,0,0,false,tight
UC3,std,DB3,1000000,7,encrypt,785.442,137270272,0,0,false,tight
UC3,std,DB3,1000000,7,eval,16046.285,60002456,0,0,false,tight
UC3,std,DB3,1000000,7,decrypt,7.286,11820192,4194304,1,true,tight
UC3,std_modsw,DB3,1000000,7,setup,214.051,64787200,0,0,false,tight
UC3,std_modsw,DB3,1000000,7,precomp,0.000,0,0,0,false,tight
UC3,std_modsw,DB3,1000000,7,encrypt,786.544,137270480,0,0,false,tight
UC3,std_modsw,DB3,1000000,7,eval,16061.484,60002488,0,0,false,tight
UC3,std_modsw,DB3,1000000,7,decrypt,11.641,4210968,2097152,1,true,tight
UC3,label,DB3,1000000,7,setup,216.887,65318960,0,0,false,tight
UC3,label,DB3,1000000,7,precomp,0.000,0,0,0,false,tight
UC3,label,DB3,1000000,7,encrypt,928.610,191903904,0,0,false,tight
UC3,label,DB3,1000000,7,eval,18285.582,136902776,0,0,false,tight
UC3,label,DB3,1000000,7,decrypt,5.356,9063240,2097152,1,false,tight
UC3,label_max,DB3,1000000,7,setup,217.406,54810144,0,0,false,tight
UC3,label_max,DB3,1000000,7,precomp,0.000,0,0,0,false,tight
UC3,label_max,DB3,1000000,7,encrypt,932.428,201209976,0,0,false,tight
UC3,label_max,DB3,1000000,7,eval,26400.519,226500936,0,0,false,tight
UC3,label_max,DB3,1000000,7,decrypt,7.911,10112504,4194304,1,true,tight
UC3,std,DB3,1000000,8,setup,217.403,54813232,0,0,false,tight
UC3,std,DB3,1000000,8,precomp,0.000,0,0,0,false,tight
UC3,std,DB3,1000000,8,encrypt,787.510,137270272,0,0,false,tight
UC3,std,DB3,1000000,8,eval,16095.131,60002488,0,0,false,tight
UC3,std,DB3,1000000,8,decrypt,7.207,11820192,4194304,1,true,tight
UC3,std_modsw,DB3,1000000,8,setup,215.889,60063088,0,0,false,tight
UC3,std_modsw,DB3,1000000,8,precomp,0.000,0,0,0,false,tight
UC3,std_modsw,DB3,1000000,8,encrypt,788.433,137270272,0,0,false,tight
UC3,std_modsw,DB3,1000000,8,eval,16293.698,60002888,0,0,false,tight
UC3,std_modsw,DB3,1000000,8,decrypt,11.730,8148288,2097152,1,true,tight
UC3,label,DB3,1000000,8,setup,227.357,64786624,0,0,false,tight
UC3,label,DB3,1000000,8,precomp,0.000,0,0,0,false,tight
UC3,label,DB3,1000000,8,encrypt,985.955,201209960,0,0,false,tight
UC3,label,DB3,1000000,8,eval,18243.289,54655752,0,0,false,tight
UC3,label,DB3,1000000,8,decrypt,5.261,9063016,2097152,1,false,tight
UC3,label_max,DB3,1000000,8,setup,217.167,54546088,0,0,false,tight
UC3,label_max,DB3,1000000,8,precomp,0.000,0,0,0,false,tight
UC3,label_max,DB3,1000000,8,encrypt,931.649,201209816,0,0,false,tight
UC3,label_max,DB3,1000000,8,eval,26424.733,226493112,0,0,false,tight
UC3,label_max,DB3,1000000,8,decrypt,7.799,10112504,4194304,1,true,tight
UC3,std,DB3,1000000,9,setup,215.524,54545992,0,0,false,tight
UC3,std,DB3,1000000,9,precomp,0.001,0,0,0,false,tight
UC3,std,DB3,1000000,9,encrypt,788.832,137270480,0,0,false,tight
UC3,std,DB3,1000000,9,eval,16083.302,60002488,0,0,false,tight
UC3,std,DB3,1000000,9,decrypt,7.275,11820192,4194304,1,true,tight
UC3,std_modsw,DB3,1000000,9,setup,214.989,60063088,0,0,false,tight
UC3,std_modsw,DB3,1000000,9,precomp,0.000,0,0,0,false,tight
UC3,std_modsw,DB3,1000000,9,encrypt,790.216,137270272,0,0,false,tight
UC3,std_modsw,DB3,1000000,9,eval,16049.628,60002456,0,0,false,tight
UC3,std_modsw,DB3,1000000,9,decrypt,11.886,3025112,2097152,1,true,tight
UC3,label,DB3,1000000,9,setup,227.469,80545536,0,0,false,tight
UC3,label,DB3,1000000,9,precomp,0.000,0,0,0,false,tight
UC3,label,DB3,1000000,9,encrypt,929.363,191904288,0,0,false,tight
UC3,label,DB3,1000000,9,eval,18255.030,178026608,0,0,false,tight
UC3,label,DB3,1000000,9,decrypt,5.993,9063016,2097152,1,false,tight
UC3,label_max,DB3,1000000,9,setup,217.944,75822016,0,0,false,tight
UC3,label_max,DB3,1000000,9,precomp,0.000,0,0,0,false,tight
UC3,label_max,DB3,1000000,9,encrypt,935.446,191904672,0,0,false,tight
UC3,label_max,DB3,1000000,9,eval,26423.898,79216488,0,0,false,tight
UC3,label_max,DB3,1000000,9,decrypt,9.593,10112504,4194304,1,true,tight
UC3,std,DB3,1000000,10,setup,217.445,75821712,0,0,false,tight
UC3,std,DB3,1000000,10,precomp,0.000,0,0,0,false,tight
UC3,std,DB3,1000000,10,encrypt,784.474,141077744,0,0,false,tight
UC3,std,DB3,1000000,10,eval,16043.602,74752328,0,0,false,tight
UC3,std,DB3,1000000,10,decrypt,7.193,11820192,4194304,1,true,tight
UC3,std_modsw,DB3,1000000,10,setup,218.266,54809744,0,0,false,tight
UC3,std_modsw,DB3,1000000,10,precomp,0.000,0,0,0,false,tight
UC3,std_modsw,DB3,1000000,10,encrypt,786.787,137270272,0,0,false,tight
UC3,std_modsw,DB3,1000000,10,eval,16048.470,60002680,0,0,false,tight
UC3,std_modsw,DB3,1000000,10,decrypt,11.614,4207960,2097152,1,true,tight
UC3,label,DB3,1000000,10,setup,219.955,75557352,0,0,false,tight
UC3,label,DB3,1000000,10,precomp,0.000,0,0,0,false,tight
UC3,label,DB3,1000000,10,encrypt,932.528,201209832,0,0,false,tight
UC3,label,DB3,1000000,10,eval,18239.454,198391216,0,0,false,tight
UC3,label,DB3,1000000,10,decrypt,5.888,9063016,2097152,1,false,tight
UC3,label_max,DB3,1000000,10,setup,220.331,80545408,0,0,false,tight
UC3,label_max,DB3,1000000,10,precomp,0.000,0,0,0,false,tight
UC3,label_max,DB3,1000000,10,encrypt,927.153,201209688,0,0,false,tight
UC3,label_max,DB3,1000000,10,eval,26403.832,121389680,0,0,false,tight
UC3,label_max,DB3,1000000,10,decrypt,8.990,10112504,4194304,1,true,tight
UC3,std,DB3,1000000,11,setup,216.504,75821568,0,0,false,tight
UC3,std,DB3,1000000,11,precomp,0.000,0,0,0,false,tight
UC3,std,DB3,1000000,11,encrypt,787.440,137270272,0,0,false,tight
UC3,std,DB3,1000000,11,eval,16087.084,60002488,0,0,false,tight
UC3,std,DB3,1000000,11,decrypt,7.289,11820192,4194304,1,true,tight
UC3,std_modsw,DB3,1000000,11,setup,214.567,54546136,0,0,false,tight
UC3,std_modsw,DB3,1000000,11,precomp,0.000,0,0,0,false,tight
UC3,std_modsw,DB3,1000000,11,encrypt,786.733,137270272,0,0,false,tight
UC3,std_modsw,DB3,1000000,11,eval,16050.238,60002488,0,0,false,tight
UC3,std_modsw,DB3,1000000,11,decrypt,12.883,8148024,2097152,1,true,tight
UC3,label,DB3,1000000,11,setup,223.579,54813344,0,0,false,tight
UC3,label,DB3,1000000,11,precomp,0.000,0,0,0,false,tight
UC3,label,DB3,1000000,11,encrypt,927.715,201209768,0,0,false,tight
UC3,label,DB3,1000000,11,eval,18237.663,33888128,0,0,false,tight
UC3,label,DB3,1000000,11,decrypt,5.909,9063016,2097152,1,false,tight
UC3,label_max,DB3,1000000,11,setup,218.097,54545976,0,0,false,tight
UC3,label_max,DB3,1000000,11,precomp,0.000,0,0,0,false,tight
UC3,label_max,DB3,1000000,11,encrypt,934.305,201210152,0,0,false,tight
UC3,label_max,DB3,1000000,11,eval,26426.612,142152840,0,0,false,tight
UC3,label_max,DB3,1000000,11,decrypt,8.711,10112056,4194304,1,true,tight
UC3,std,DB3,1000000,12,setup,223.206,75824688,0,0,false,tight
UC3,std,DB3,1000000,12,precomp,0.000,0,0,0,false,tight
UC3,std,DB3,1000000,12,encrypt,786.187,137270272,0,0,false,tight
UC3,std,DB3,1000000,12,eval,16171.739,60002488,0,0,false,tight
UC3,std,DB3,1000000,12,decrypt,7.336,11820192,4194304,1,true,tight
UC3,std_modsw,DB3,1000000,12,setup,213.847,54809968,0,0,false,tight
UC3,std_modsw,DB3,1000000,12,precomp,0.000,0,0,0,false,tight
UC3,std_modsw,DB3,1000000,12,encrypt,786.675,137270272,0,0,false,tight
UC3,std_modsw,DB3,1000000,12,eval,16031.527,60002488,0,0,false,tight
UC3,std_modsw,DB3,1000000,12,decrypt,12.691,8147536,2097152,1,true,tight
UC3,label,DB3,1000000,12,setup,218.551,54809648,0,0,false,tight
UC3,label,DB3,1000000,12,precomp,0.000,0,0,0,false,tight
UC3,label,DB3,1000000,12,encrypt,927.230,201210216,0,0,false,tight
UC3,label,DB3,1000000,12,eval,18231.245,178027440,0,0,false,tight
UC3,label,DB3,1000000,12,decrypt,6.133,9063016,2097152,1,false,tight
UC3,label_max,DB3,1000000,12,setup,216.129,75824896,0,0,false,tight
UC3,label_max,DB3,1000000,12,precomp,0.000,0,0,0,false,tight
UC3,label_max,DB3,1000000,12,encrypt,930.328,201210248,0,0,false,tight
UC3,label_max,DB3,1000000,12,eval,26428.439,65936544,0,0,false,tight
UC3,label_max,DB3,1000000,12,decrypt,9.003,10112504,4194304,1,true,tight
UC3,std,DB3,1000000,13,setup,214.357,75821824,0,0,false,tight
UC3,std,DB3,1000000,13,precomp,0.001,0,0,0,false,tight
UC3,std,DB3,1000000,13,encrypt,783.697,137270272,0,0,false,tight
UC3,std,DB3,1000000,13,eval,16081.648,60002712,0,0,false,tight
UC3,std,DB3,1000000,13,decrypt,7.785,11820192,4194304,1,true,tight
UC3,std_modsw,DB3,1000000,13,setup,219.356,60062848,0,0,false,tight
UC3,std_modsw,DB3,1000000,13,precomp,0.000,0,0,0,false,tight
UC3,std_modsw,DB3,1000000,13,encrypt,785.939,137270272,0,0,false,tight
UC3,std_modsw,DB3,1000000,13,eval,16045.771,60002488,0,0,false,tight
UC3,std_modsw,DB3,1000000,13,decrypt,12.105,4207960,2097152,1,true,tight
UC3,label,DB3,1000000,13,setup,220.112,65315728,0,0,false,tight
UC3,label,DB3,1000000,13,precomp,0.000,0,0,0,false,tight
UC3,label,DB3,1000000,13,encrypt,928.986,201209896,0,0,false,tight
UC3,label,DB3,1000000,13,eval,18240.370,198390112,0,0,false,tight
UC3,label,DB3,1000000,13,decrypt,6.083,9063016,2097152,1,false,tight
UC3,label_max,DB3,1000000,13,setup,218.385,57959920,0,0,false,tight
UC3,label_max,DB3,1000000,13,precomp,0.000,0,0,0,false,tight
UC3,label_max,DB3,1000000,13,encrypt,932.635,191903472,0,0,false,tight
UC3,label_max,DB3,1000000,13,eval,26374.868,57819160,0,0,false,tight
UC3,label_max,DB3,1000000,13,decrypt,8.001,10112504,4194304,1,true,tight
UC3,std,DB3,1000000,14,setup,213.038,75821696,0,0,false,tight
UC3,std,DB3,1000000,14,precomp,0.000,0,0,0,false,tight
UC3,std,DB3,1000000,14,encrypt,784.131,137270272,0,0,false,tight
UC3,std,DB3,1000000,14,eval,16027.180,60002440,0,0,false,tight
UC3,std,DB3,1000000,14,decrypt,7.953,11820192,4194304,1,true,tight
UC3,std_modsw,DB3,1000000,14,setup,215.387,65051320,0,0,false,tight
UC3,std_modsw,DB3,1000000,14,precomp,0.001,0,0,0,false,tight
UC3,std_modsw,DB3,1000000,14,encrypt,791.020,137270272,0,0,false,tight
UC3,std_modsw,DB3,1000000,14,eval,16047.603,60002488,0,0,false,tight
UC3,std_modsw,DB3,1000000,14,decrypt,12.366,4207768,2097152,1,true,tight
UC3,label,DB3,1000000,14,setup,217.451,70039968,0,0,false,tight
UC3,label,DB3,1000000,14,precomp,0.001,0,0,0,false,tight
UC3,label,DB3,1000000,14,encrypt,927.122,201210648,0,0,false,tight
UC3,label,DB3,1000000,14,eval,18208.841,185970304,0,0,false,tight
UC3,label,DB3,1000000,14,decrypt,6.527,9063016,2097152,1,false,tight
UC3,label_max,DB3,1000000,14,setup,217.559,75824672,0,0,false,tight
UC3,label_max,DB3,1000000,14,precomp,0.000,0,0,0,false,tight
UC3,label_max,DB3,1000000,14,encrypt,929.788,191904304,0,0,false,tight
UC3,label_max,DB3,1000000,14,eval,26413.498,163558024,0,0,false,tight
UC3,label_max,DB3,1000000,14,decrypt,7.930,10112504,4194304,1,true,tight
UC3,std,DB3,1000000,15,setup,217.319,54545992,0,0,false,tight
UC3,std,DB3,1000000,15,precomp,0.000,0,0,0,false,tight
UC3,std,DB3,1000000,15,encrypt,785.255,137270272,0,0,false,tight
UC3,std,DB3,1000000,15,eval,16025.223,60002488,0,0,false,tight
UC3,std,DB3,1000000,15,decrypt,7.160,11820192,4194304,1,true,tight
UC3,std_modsw,DB3,1000000,15,setup,212.780,54809856,0,0,false,tight
UC3,std_modsw,DB3,1000000,15,precomp,0.000,0,0,0,false,tight
UC3,std_modsw,DB3,1000000,15,encrypt,786.508,137270272,0,0,false,tight
UC3,std_modsw,DB3,1000000,15,eval,16084.944,60002456,0,0,false,tight
UC3,std_modsw,DB3,1000000,15,decrypt,11.903,4207992,2097152,1,true,tight
UC3,label,DB3,1000000,15,setup,213.127,70039856,0,0,false,tight
UC3,label,DB3,1000000,15,precomp,0.000,0,0,0,false,tight
UC3,label,DB3,1000000,15,encrypt,932.010,191903904,0,0,false,tight
UC3,label,DB3,1000000,15,eval,18238.881,75018584,0,0,false,tight
UC3,label,DB3,1000000,15,decrypt,6.683,9063016,2097152,1,false,tight
UC3,label_max,DB3,1000000,15,setup,221.527,80545200,0,0,false,tight
UC3,label_max,DB3,1000000,15,precomp,0.001,0,0,0,false,tight
UC3,label_max,DB3,1000000,15,encrypt,926.449,191903888,0,0,false,tight
UC3,label_max,DB3,1000000,15,eval,26504.566,37041584,0,0,false,tight
UC3,label_max,DB3,1000000,15,decrypt,8.442,10112504,4194304,1,true,tight
UC3,std,DB3,1000000,16,setup,213.482,75821696,0,0,false,tight
UC3,std,DB3,1000000,16,precomp,0.000,0,0,0,false,tight
UC3,std,DB3,1000000,16,encrypt,789.449,137270272,0,0,false,tight
UC3,std,DB3,1000000,16,eval,16023.118,60002488,0,0,false,tight
UC3,std,DB3,1000000,16,decrypt,8.448,11820192,4194304,1,true,tight
UC3,std_modsw,DB3,1000000,16,setup,214.219,60063248,0,0,false,tight
UC3,std_modsw,DB3,1000000,16,precomp,0.000,0,0,0,false,tight
UC3,std_modsw,DB3,1000000,16,encrypt,785.867,137270272,0,0,false,tight
UC3,std_modsw,DB3,1000000,16,eval,16041.972,60002488,0,0,false,tight
UC3,std_modsw,DB3,1000000,16,decrypt,11.407,4735512,2097152,1,true,tight
UC3,label,DB3,1000000,16,setup,216.353,70039968,0,0,false,tight
UC3,label,DB3,1000000,16,precomp,0.000,0,0,0,false,tight
UC3,label,DB3,1000000,16,encrypt,935.099,191903952,0,0,false,tight
UC3,label,DB3,1000000,16,eval,18199.773,219152248,0,0,false,tight
UC3,label,DB3,1000000,16,decrypt,6.128,9063016,2097152,1,false,tight
UC3,label_max,DB3,1000000,16,setup,219.459,75820864,0,0,false,tight
UC3,label_max,DB3,1000000,16,precomp,0.000,0,0,0,false,tight
UC3,label_max,DB3,1000000,16,encrypt,929.973,201209848,0,0,false,tight
UC3,label_max,DB3,1000000,16,eval,26407.233,142151368,0,0,false,tight
UC3,label_max,DB3,1000000,16,decrypt,8.082,10112504,4194304,1,true,tight
UC3,std,DB3,1000000,17,setup,218.066,54810528,0,0,false,tight
UC3,std,DB3,1000000,17,precomp,0.000,0,0,0,false,tight
UC3,std,DB3,1000000,17,encrypt,785.474,137270272,0,0,false,tight
UC3,std,DB3,1000000,17,eval,16035.786,60002488,0,0,false,tight
UC3,std,DB3,1000000,17,decrypt,7.786,11820192,4194304,1,true,tight
UC3,std_modsw,DB3,1000000,17,setup,213.085,60063088,0,0,false,tight
UC3,std_modsw,DB3,1000000,17,precomp,0.000,0,0,0,false,tight
UC3,std_modsw,DB3,1000000,17,encrypt,786.734,137270272,0,0,false,tight
UC3,std_modsw,DB3,1000000,17,eval,16018.994,60002488,0,0,false,tight
UC3,std_modsw,DB3,1000000,17,decrypt,11.220,4207944,2097152,1,true,tight
UC3,label,DB3,1000000,17,setup,214.725,70039968,0,0,false,tight
UC3,label,DB3,1000000,17,precomp,0.000,0,0,0,false,tight
UC3,label,DB3,1000000,17,encrypt,930.011,201210280,0,0,false,tight
UC3,label,DB3,1000000,17,eval,18243.862,75019368,0,0,false,tight
UC3,label,DB3,1000000,17,decrypt,5.298,9063016,2097152,1,false,tight
UC3,label_max,DB3,1000000,17,setup,215.795,54809856,0,0,false,tight
UC3,label_max,DB3,1000000,17,precomp,0.000,0,0,0,false,tight
UC3,label_max,DB3,1000000,17,encrypt,925.637,191938624,0,0,false,tight
UC3,label_max,DB3,1000000,17,eval,26448.412,217050608,0,0,false,tight
UC3,label_max,DB3,1000000,17,decrypt,9.369,10112504,4194304,1,true,tight
UC3,std,DB3,1000000,18,setup,218.767,54810240,0,0,false,tight
UC3,std,DB3,1000000,18,precomp,0.000,0,0,0,false,tight
UC3,std,DB3,1000000,18,encrypt,788.991,137270480,0,0,false,tight
UC3,std,DB3,1000000,18,eval,16041.017,60002488,0,0,false,tight
UC3,std,DB3,1000000,18,decrypt,7.312,11820192,4194304,1,true,tight
UC3,std_modsw,DB3,1000000,18,setup,217.049,59798024,0,0,false,tight
UC3,std_modsw,DB3,1000000,18,precomp,0.000,0,0,0,false,tight
UC3,std_modsw,DB3,1000000,18,encrypt,784.587,137270272,0,0,false,tight
UC3,std_modsw,DB3,1000000,18,eval,16028.978,60002552,0,0,false,tight
UC3,std_modsw,DB3,1000000,18,decrypt,11.608,6572072,2097152,1,true,tight
UC3,label,DB3,1000000,18,setup,215.618,70039856,0,0,false,tight
UC3,label,DB3,1000000,18,precomp,0.000,0,0,0,false,tight
UC3,label,DB3,1000000,18,encrypt,929.509,201210104,0,0,false,tight
UC3,label,DB3,1000000,18,eval,18241.030,198391104,0,0,false,tight
UC3,label,DB3,1000000,18,decrypt,6.026,9063016,2097152,1,false,tight
UC3,label_max,DB3,1000000,18,setup,220.079,75824672,0,0,false,tight
UC3,label_max,DB3,1000000,18,precomp,0.000,0,0,0,false,tight
UC3,label_max,DB3,1000000,18,encrypt,927.858,191903824,0,0,false,tight
UC3,label_max,DB3,1000000,18,eval,26368.318,205739360,0,0,false,tight
UC3,label_max,DB3,1000000,18,decrypt,8.197,10112504,4194304,1,true,tight
UC3,std,DB3,1000000,19,setup,217.932,75821712,0,0,false,tight
UC3,std,DB3,1000000,19,precomp,0.000,0,0,0,false,tight
UC3,std,DB3,1000000,19,encrypt,784.008,137270272,0,0,false,tight
UC3,std,DB3,1000000,19,eval,16032.809,60002488,0,0,false,tight
UC3,std,DB3,1000000,19,decrypt,7.309,11820192,4194304,1,true,tight
UC3,std_modsw,DB3,1000000,19,setup,214.106,54809632,0,0,false,tight
UC3,std_modsw,DB3,1000000,19,precomp,0.000,0,0,0,false,tight
UC3,std_modsw,DB3,1000000,19,encrypt,788.196,137270272,0,0,false,tight
UC3,std_modsw,DB3,1000000,19,eval,16060.326,60002488,0,0,false,tight
UC3,std_modsw,DB3,1000000,19,decrypt,12.497,6047208,2097152,1,true,tight
UC3,label,DB3,1000000,19,setup,215.991,64787056,0,0,false,tight
UC3,label,DB3,1000000,19,precomp,0.000,0,0,0,false,tight
UC3,label,DB3,1000000,19,encrypt,936.794,201209352,0,0,false,tight
UC3,label,DB3,1000000,19,eval,21591.996,157268936,0,0,false,tight
UC3,label,DB3,1000000,19,decrypt,6.099,9063128,2097152,1,false,tight
UC3,label_max,DB3,1000000,19,setup,234.258,54546584,0,0,false,tight
UC3,label_max,DB3,1000000,19,precomp,0.000,0,0,0,false,tight
UC3,label_max,DB3,1000000,19,encrypt,1036.372,201209816,0,0,false,tight
UC3,label_max,DB3,1000000,19,eval,31078.821,99974224,0,0,false,tight
UC3,label_max,DB3,1000000,19,decrypt,8.895,10112504,4194304,1,true,tight
UC3,std,DB3,1000000,20,setup,226.637,59533872,0,0,false,tight
UC3,std,DB3,1000000,20,precomp,0.000,0,0,0,false,tight
UC3,std,DB3,1000000,20,encrypt,824.248,137270480,0,0,false,tight
UC3,std,DB3,1000000,20,eval,16860.331,60002488,0,0,false,tight
UC3,std,DB3,1000000,20,decrypt,7.652,11820192,4194304,1,true,tight
UC3,std_modsw,DB3,1000000,20,setup,227.738,54809744,0,0,false,tight
UC3,std_modsw,DB3,1000000,20,precomp,0.001,0,0,0,false,tight
UC3,std_modsw,DB3,1000000,20,encrypt,829.664,137270480,0,0,false,tight
UC3,std_modsw,DB3,1000000,20,eval,16244.290,60002664,0,0,false,tight
UC3,std_modsw,DB3,1000000,20,decrypt,12.010,6047208,2097152,1,true,tight
UC3,label,DB3,1000000,20,setup,216.866,65318960,0,0,false,tight
UC3,label,DB3,1000000,20,precomp,0.001,0,0,0,false,tight
UC3,label,DB3,1000000,20,encrypt,938.965,192394992,0,0,false,tight
UC3,label,DB3,1000000,20,eval,18280.580,95779264,0,0,false,tight
UC3,label,DB3,1000000,20,decrypt,7.468,9063016,2097152,1,false,tight
UC3,label_max,DB3,1000000,20,setup,217.535,54545976,0,0,false,tight
UC3,label_max,DB3,1000000,20,precomp,0.000,0,0,0,false,tight
UC3,label_max,DB3,1000000,20,encrypt,929.764,201209944,0,0,false,tight
UC3,label_max,DB3,1000000,20,eval,26460.677,205738896,0,0,false,tight
UC3,label_max,DB3,1000000,20,decrypt,8.028,10112504,4194304,1,true,tight
UC3,std,DB1,512,1,setup,77.996,24138696,0,0,false,min
UC3,std,DB1,512,1,precomp,0.000,0,0,0,false,min
UC3,std,DB1,512,1,encrypt,9.021,4245424,0,0,false,min
UC3,std,DB1,512,1,eval,130.142,34353128,0,0,false,min
UC3,std,DB1,512,1,decrypt,5.422,2759784,2097152,1,false,min
UC3,std_modsw,DB1,512,1,setup,79.751,20327848,0,0,false,min
UC3,std_modsw,DB1,512,1,precomp,0.000,0,0,0,false,min
UC3,std_modsw,DB1,512,1,encrypt,8.807,4245424,0,0,false,min
UC3,std_modsw,DB1,512,1,eval,134.341,36463224,0,0,false,min
UC3,std_modsw,DB1,512,1,decrypt,5.207,4991512,2097152,1,false,min
UC3,label,DB1,512,1,setup,81.888,29929904,0,0,false,min
UC3,label,DB1,512,1,precomp,0.001,0,0,0,false,min
UC3,label,DB1,512,1,encrypt,11.157,8385152,0,0,false,min
UC3,label,DB1,512,1,eval,296.540,35840088,0,0,false,min
UC3,label,DB1,512,1,decrypt,5.971,658856,2097152,1,false,min
UC3,label_max,DB1,512,1,setup,82.532,24668360,0,0,false,min
UC3,label_max,DB1,512,1,precomp,0.000,0,0,0,false,min
UC3,label_max,DB1,512,1,encrypt,11.768,8384928,0,0,false,min
UC3,label_max,DB1,512,1,eval,286.530,16404640,0,0,false,min
UC3,label_max,DB1,512,1,decrypt,5.889,657720,2097152,1,false,min
UC3,std,DB1,512,2,setup,85.576,28614064,0,0,false,min
UC3,std,DB1,512,2,precomp,0.000,0,0,0,false,min
UC3,std,DB1,512,2,encrypt,8.224,4245424,0,0,false,min
UC3,std,DB1,512,2,eval,134.626,34353176,0,0,false,min
UC3,std,DB1,512,2,decrypt,4.946,2759336,2097152,1,false,min
UC3,std_modsw,DB1,512,2,setup,83.985,27825432,0,0,false,min
UC3,std_modsw,DB1,512,2,precomp,0.000,0,0,0,false,min
UC3,std_modsw,DB1,512,2,encrypt,8.003,4245424,0,0,false,min
UC3,std_modsw,DB1,512,2,eval,135.157,34353176,0,0,false,min
UC3,std_modsw,DB1,512,2,decrypt,5.933,4991512,2097152,1,false,min
UC3,label,DB1,512,2,setup,89.118,30454960,0,0,false,min
UC3,label,DB1,512,2,precomp,0.000,0,0,0,false,min
UC3,label,DB1,512,2,encrypt,10.878,8385120,0,0,false,min
UC3,label,DB1,512,2,eval,281.246,24013904,0,0,false,min
UC3,label,DB1,512,2,decrypt,6.083,657256,2097152,1,false,min
UC3,label_max,DB1,512,2,setup,84.743,24404704,0,0,false,min
UC3,label_max,DB1,512,2,precomp,0.001,0,0,0,false,min
UC3,label_max,DB1,512,2,encrypt,11.962,8385120,0,0,false,min
UC3,label_max,DB1,512,2,eval,287.925,24021072,0,0,false,min
UC3,label_max,DB1,512,2,decrypt,6.187,9460408,2097152,1,false,min
UC3,std,DB1,512,3,setup,82.868,24140824,0,0,false,min
UC3,std,DB1,512,3,precomp,0.000,0,0,0,false,min
UC3,std,DB1,512,3,encrypt,9.320,4245424,0,0,false,min
UC3,std,DB1,512,3,eval,133.021,34353176,0,0,false,min
UC3,std,DB1,512,3,decrypt,6.406,2759784,2097152,1,false,min
UC3,std_modsw,DB1,512,3,setup,80.297,21511168,0,0,false,min
UC3,std_modsw,DB1,512,3,precomp,0.001,0,0,0,false,min
UC3,std_modsw,DB1,512,3,encrypt,9.018,4245424,0,0,false,min
UC3,std_modsw,DB1,512,3,eval,135.134,33825848,0,0,false,min
UC3,std_modsw,DB1,512,3,decrypt,5.458,3679432,2097152,1,false,min
UC3,label,DB1,512,3,setup,81.574,30454848,0,0,false,min
UC3,label,DB1,512,3,precomp,0.000,0,0,0,false,min
UC3,label,DB1,512,3,encrypt,9.810,8385152,0,0,false,min
UC3,label,DB1,512,3,eval,289.944,24020416,0,0,false,min
UC3,label,DB1,512,3,decrypt,6.231,9460744,2097152,1,false,min
UC3,label_max,DB1,512,3,setup,81.245,24671544,0,0,false,min
UC3,label_max,DB1,512,3,precomp,0.001,0,0,0,false,min
UC3,label_max,DB1,512,3,encrypt,11.372,8385008,0,0,false,min
UC3,label_max,DB1,512,3,eval,284.423,35839096,0,0,false,min
UC3,label_max,DB1,512,3,decrypt,6.389,9442128,2097152,1,false,min
UC3,std,DB1,512,4,setup,83.468,26509384,0,0,false,min
UC3,std,DB1,512,4,precomp,0.000,0,0,0,false,min
UC3,std,DB1,512,4,encrypt,8.126,4245424,0,0,false,min
UC3,std,DB1,512,4,eval,135.458,34353176,0,0,false,min
UC3,std,DB1,512,4,decrypt,4.716,2759336,2097152,1,false,min
UC3,std_modsw,DB1,512,4,setup,80.228,26773152,0,0,false,min
UC3,std_modsw,DB1,512,4,precomp,0.000,0,0,0,false,min
UC3,std_modsw,DB1,512,4,encrypt,8.940,4245424,0,0,false,min
UC3,std_modsw,DB1,512,4,eval,139.985,34880680,0,0,false,min
UC3,std_modsw,DB1,512,4,decrypt,5.363,4992168,2097152,1,false,min
UC3,label,DB1,512,4,setup,84.876,20064192,0,0,false,min
UC3,label,DB1,512,4,precomp,0.000,0,0,0,false,min
UC3,label,DB1,512,4,encrypt,10.395,8385056,0,0,false,min
UC3,label,DB1,512,4,eval,284.227,27026784,0,0,false,min
UC3,label,DB1,512,4,decrypt,5.167,9460632,2097152,1,false,min
UC3,label_max,DB1,512,4,setup,86.205,28746472,0,0,false,min
UC3,label_max,DB1,512,4,precomp,0.000,0,0,0,false,min
UC3,label_max,DB1,512,4,encrypt,11.248,8385280,0,0,false,min
UC3,label_max,DB1,512,4,eval,288.513,12597952,0,0,false,min
UC3,label_max,DB1,512,4,decrypt,5.603,9460632,2097152,1,false,min
UC3,std,DB1,512,5,setup,83.722,24404832,0,0,false,min
UC3,std,DB1,512,5,precomp,0.000,0,0,0,false,min
UC3,std,DB1,512,5,encrypt,8.320,4245424,0,0,false,min
UC3,std,DB1,512,5,eval,134.960,35408200,0,0,false,min
UC3,std,DB1,512,5,decrypt,4.989,2759784,2097152,1,false,min
UC3,std_modsw,DB1,512,5,setup,84.315,20195248,0,0,false,min
UC3,std_modsw,DB1,512,5,precomp,0.001,0,0,0,false,min
UC3,std_modsw,DB1,512,5,encrypt,8.244,4245424,0,0,false,min
UC3,std_modsw,DB1,512,5,eval,135.840,35408200,0,0,false,min
UC3,std_modsw,DB1,512,5,decrypt,6.329,4992280,2097152,1,false,min
UC3,label,DB1,512,5,setup,82.816,28862920,0,0,false,min
UC3,label,DB1,512,5,precomp,0.000,0,0,0,false,min
UC3,label,DB1,512,5,encrypt,12.288,8385136,0,0,false,min
UC3,label,DB1,512,5,eval,282.918,24020320,0,0,false,min
UC3,label,DB1,512,5,decrypt,6.592,658856,2097152,1,false,min
UC3,label_max,DB1,512,5,setup,82.494,22300136,0,0,false,min
UC3,label_max,DB1,512,5,precomp,0.000,0,0,0,false,min
UC3,label_max,DB1,512,5,encrypt,10.736,8385056,0,0,false,min
UC3,label_max,DB1,512,5,eval,280.265,12598496,0,0,false,min
UC3,label_max,DB1,512,5,decrypt,5.876,9460632,2097152,1,false,min
UC3,std,DB1,512,6,setup,84.137,25720672,0,0,false,min
UC3,std,DB1,512,6,precomp,0.000,0,0,0,false,min
UC3,std,DB1,512,6,encrypt,8.316,4245424,0,0,false,min
UC3,std,DB1,512,6,eval,134.824,33825848,0,0,false,min
UC3,std,DB1,512,6,decrypt,4.646,2759336,2097152,1,false,min
UC3,std_modsw,DB1,512,6,setup,85.895,26773152,0,0,false,min
UC3,std_modsw,DB1,512,6,precomp,0.000,0,0,0,false,min
UC3,std_modsw,DB1,512,6,encrypt,8.862,4245424,0,0,false,min
UC3,std_modsw,DB1,512,6,eval,135.540,34880680,0,0,false,min
UC3,std_modsw,DB1,512,6,decrypt,5.742,4991944,2097152,1,false,min
UC3,label,DB1,512,6,setup,83.677,26776352,0,0,false,min
UC3,label,DB1,512,6,precomp,0.000,0,0,0,false,min
UC3,label,DB1,512,6,encrypt,11.387,8385248,0,0,false,min
UC3,label,DB1,512,6,eval,281.708,24020640,0,0,false,min
UC3,label,DB1,512,6,decrypt,6.319,2499544,2097152,1,false,min
UC3,label_max,DB1,512,6,setup,82.417,28877528,0,0,false,min
UC3,label_max,DB1,512,6,precomp,0.000,0,0,0,false,min
UC3,label_max,DB1,512,6,encrypt,10.316,8385216,0,0,false,min
UC3,label_max,DB1,512,6,eval,283.617,24020960,0,0,false,min
UC3,label_max,DB1,512,6,decrypt,6.177,657048,2097152,1,false,min
UC3,std,DB1,512,7,setup,83.604,20458824,0,0,false,min
UC3,std,DB1,512,7,precomp,0.000,0,0,0,false,min
UC3,std,DB1,512,7,encrypt,7.912,4245424,0,0,false,min
UC3,std,DB1,512,7,eval,136.537,34880680,0,0,false,min
UC3,std,DB1,512,7,decrypt,6.795,2759336,2097152,1,false,min
UC3,std_modsw,DB1,512,7,setup,83.771,20462296,0,0,false,min
UC3,std_modsw,DB1,512,7,precomp,0.000,0,0,0,false,min
UC3,std_modsw,DB1,512,7,encrypt,8.735,4245424,0,0,false,min
UC3,std_modsw,DB1,512,7,eval,133.402,34353176,0,0,false,min
UC3,std_modsw,DB1,512,7,decrypt,6.031,4991512,2097152,1,false,min
UC3,label,DB1,512,7,setup,81.658,28350168,0,0,false,min
UC3,label,DB1,512,7,precomp,0.000,0,0,0,false,min
UC3,label,DB1,512,7,encrypt,10.382,8385200,0,0,false,min
UC3,label,DB1,512,7,eval,291.377,24021296,0,0,false,min
UC3,label,DB1,512,7,decrypt,6.537,657160,2097152,1,false,min
UC3,label_max,DB1,512,7,setup,79.770,24141128,0,0,false,min
UC3,label_max,DB1,512,7,precomp,0.001,0,0,0,false,min
UC3,label_max,DB1,512,7,encrypt,11.618,8385008,0,0,false,min
UC3,label_max,DB1,512,7,eval,286.473,24020416,0,0,false,min
UC3,label_max,DB1,512,7,decrypt,6.646,657944,2097152,1,false,min
UC3,std,DB1,512,8,setup,84.043,22036128,0,0,false,min
UC3,std,DB1,512,8,precomp,0.000,0,0,0,false,min
UC3,std,DB1,512,8,encrypt,8.493,4245424,0,0,false,min
UC3,std,DB1,512,8,eval,133.558,34353176,0,0,false,min
UC3,std,DB1,512,8,decrypt,5.736,2759336,2097152,1,false,min
UC3,std_modsw,DB1,512,8,setup,80.273,30454832,0,0,false,min
UC3,std_modsw,DB1,512,8,precomp,0.000,0,0,0,false,min
UC3,std_modsw,DB1,512,8,encrypt,8.231,4245424,0,0,false,min
UC3,std_modsw,DB1,512,8,eval,137.684,34353176,0,0,false,min
UC3,std_modsw,DB1,512,8,decrypt,7.019,4991512,2097152,1,false,min
UC3,label,DB1,512,8,setup,82.614,29930016,0,0,false,min
UC3,label,DB1,512,8,precomp,0.000,0,0,0,false,min
UC3,label,DB1,512,8,encrypt,10.376,8385088,0,0,false,min
UC3,label,DB1,512,8,eval,294.647,24020960,0,0,false,min
UC3,label,DB1,512,8,decrypt,6.696,1447808,2097152,1,false,min
UC3,label_max,DB1,512,8,setup,82.097,22563696,0,0,false,min
UC3,label_max,DB1,512,8,precomp,0.000,0,0,0,false,min
UC3,label_max,DB1,512,8,encrypt,11.731,8385392,0,0,false,min
UC3,label_max,DB1,512,8,eval,288.048,12597760,0,0,false,min
UC3,label_max,DB1,512,8,decrypt,6.863,657160,2097152,1,false,min
UC3,std,DB1,512,9,setup,84.749,28350280,0,0,false,min
UC3,std,DB1,512,9,precomp,0.000,0,0,0,false,min
UC3,std,DB1,512,9,encrypt,8.035,4245424,0,0,false,min
UC3,std,DB1,512,9,eval,136.192,33825832,0,0,false,min
UC3,std,DB1,512,9,decrypt,6.001,2759336,2097152,1,false,min
UC3,std_modsw,DB1,512,9,setup,81.593,26776336,0,0,false,min
UC3,std_modsw,DB1,512,9,precomp,0.000,0,0,0,false,min
UC3,std_modsw,DB1,512,9,encrypt,8.131,4245424,0,0,false,min
UC3,std_modsw,DB1,512,9,eval,134.995,35408200,0,0,false,min
UC3,std_modsw,DB1,512,9,decrypt,6.111,4991944,2097152,1,false,min
UC3,label,DB1,512,9,setup,84.405,22563936,0,0,false,min
UC3,label,DB1,512,9,precomp,0.000,0,0,0,false,min
UC3,label,DB1,512,9,encrypt,11.027,8385104,0,0,false,min
UC3,label,DB1,512,9,eval,277.898,24013904,0,0,false,min
UC3,label,DB1,512,9,decrypt,7.041,657720,2097152,1,false,min
UC3,label_max,DB1,512,9,setup,85.389,20458920,0,0,false,min
UC3,label_max,DB1,512,9,precomp,0.000,0,0,0,false,min
UC3,label_max,DB1,512,9,encrypt,11.409,8385120,0,0,false,min
UC3,label_max,DB1,512,9,eval,285.834,24024960,0,0,false,min
UC3,label_max,DB1,512,9,decrypt,5.866,9442112,2097152,1,false,min
UC3,std,DB1,512,10,setup,81.990,26776240,0,0,false,min
UC3,std,DB1,512,10,precomp,0.001,0,0,0,false,min
UC3,std,DB1,512,10,encrypt,8.365,4245424,0,0,false,min
UC3,std,DB1,512,10,eval,134.086,34880680,0,0,false,min
UC3,std,DB1,512,10,decrypt,4.961,2759784,2097152,1,false,min
UC3,std_modsw,DB1,512,10,setup,83.834,26773152,0,0,false,min
UC3,std_modsw,DB1,512,10,precomp,0.000,0,0,0,false,min
UC3,std_modsw,DB1,512,10,encrypt,8.575,4245424,0,0,false,min
UC3,std_modsw,DB1,512,10,eval,133.994,34880872,0,0,false,min
UC3,std_modsw,DB1,512,10,decrypt,4.888,3679560,2097152,1,false,min
UC3,label,DB1,512,10,setup,83.876,28350392,0,0,false,min
UC3,label,DB1,512,10,precomp,0.000,0,0,0,false,min
UC3,label,DB1,512,10,encrypt,10.918,8385216,0,0,false,min
UC3,label,DB1,512,10,eval,286.678,24021520,0,0,false,min
UC3,label,DB1,512,10,decrypt,6.930,1448032,2097152,1,false,min
UC3,label_max,DB1,512,10,setup,84.933,30454832,0,0,false,min
UC3,label_max,DB1,512,10,precomp,0.000,0,0,0,false,min
UC3,label_max,DB1,512,10,encrypt,10.797,8385232,0,0,false,min
UC3,label_max,DB1,512,10,eval,282.622,35833848,0,0,false,min
UC3,label_max,DB1,512,10,decrypt,6.254,1447792,2097152,1,false,min
UC3,std,DB1,512,11,setup,82.515,22300152,0,0,false,min
UC3,std,DB1,512,11,precomp,0.000,0,0,0,false,min
UC3,std,DB1,512,11,encrypt,9.240,4245424,0,0,false,min
UC3,std,DB1,512,11,eval,134.180,33825832,0,0,false,min
UC3,std,DB1,512,11,decrypt,5.286,2759336,2097152,1,false,min
UC3,std_modsw,DB1,512,11,setup,82.270,29648104,0,0,false,min
UC3,std_modsw,DB1,512,11,precomp,0.000,0,0,0,false,min
UC3,std_modsw,DB1,512,11,encrypt,8.404,4245424,0,0,false,min
UC3,std_modsw,DB1,512,11,eval,133.894,34353176,0,0,false,min
UC3,std_modsw,DB1,512,11,decrypt,5.329,4991528,2097152,1,false,min
UC3,label,DB1,512,11,setup,80.970,28350168,0,0,false,min
UC3,label,DB1,512,11,precomp,0.000,0,0,0,false,min
UC3,label,DB1,512,11,encrypt,10.158,8384832,0,0,false,min
UC3,label,DB1,512,11,eval,282.252,24020848,0,0,false,min
UC3,label,DB1,512,11,decrypt,6.295,657048,2097152,1,false,min
UC3,label_max,DB1,512,11,setup,85.819,22432416,0,0,false,min
UC3,label_max,DB1,512,11,precomp,0.000,0,0,0,false,min
UC3,label_max,DB1,512,11,encrypt,12.323,8385152,0,0,false,min
UC3,label_max,DB1,512,11,eval,291.329,24020640,0,0,false,min
UC3,label_max,DB1,512,11,decrypt,6.466,657160,2097152,1,false,min
UC3,std,DB1,512,12,setup,86.025,24404816,0,0,false,min
UC3,std,DB1,512,12,precomp,0.000,0,0,0,false,min
UC3,std,DB1,512,12,encrypt,8.827,4245424,0,0,false,min
UC3,std,DB1,512,12,eval,134.755,34880680,0,0,false,min
UC3,std,DB1,512,12,decrypt,4.840,2759784,2097152,1,false,min
UC3,std_modsw,DB1,512,12,setup,80.353,26772848,0,0,false,min
UC3,std_modsw,DB1,512,12,precomp,0.000,0,0,0,false,min
UC3,std_modsw,DB1,512,12,encrypt,8.772,4245424,0,0,false,min
UC3,std_modsw,DB1,512,12,eval,139.210,34880680,0,0,false,min
UC3,std_modsw,DB1,512,12,decrypt,6.160,4991928,2097152,1,false,min
UC3,label,DB1,512,12,setup,87.049,28350168,0,0,false,min
UC3,label,DB1,512,12,precomp,0.000,0,0,0,false,min
UC3,label,DB1,512,12,encrypt,10.764,8385200,0,0,false,min
UC3,label,DB1,512,12,eval,282.837,35839432,0,0,false,min
UC3,label,DB1,512,12,decrypt,7.568,2499432,2097152,1,false,min
UC3,label_max,DB1,512,12,setup,85.098,22036112,0,0,false,min
UC3,label_max,DB1,512,12,precomp,0.000,0,0,0,false,min
UC3,label_max,DB1,512,12,encrypt,12.319,8385328,0,0,false,min
UC3,label_max,DB1,512,12,eval,286.965,24021488,0,0,false,min
UC3,label_max,DB1,512,12,decrypt,5.127,9460408,2097152,1,false,min
UC3,std,DB1,512,13,setup,83.810,26773696,0,0,false,min
UC3,std,DB1,512,13,precomp,0.000,0,0,0,false,min
UC3,std,DB1,512,13,encrypt,9.772,4245424,0,0,false,min
UC3,std,DB1,512,13,eval,137.058,33825832,0,0,false,min
UC3,std,DB1,512,13,decrypt,6.668,2759336,2097152,1,false,min
UC3,std_modsw,DB1,512,13,setup,85.530,29929888,0,0,false,min
UC3,std_modsw,DB1,512,13,precomp,0.000,0,0,0,false,min
UC3,std_modsw,DB1,512,13,encrypt,8.118,4245424,0,0,false,min
UC3,std_modsw,DB1,512,13,eval,133.195,34353176,0,0,false,min
UC3,std_modsw,DB1,512,13,decrypt,6.322,3679432,2097152,1,false,min
UC3,label,DB1,512,13,setup,80.375,20462200,0,0,false,min
UC3,label,DB1,512,13,precomp,0.000,0,0,0,false,min
UC3,label,DB1,512,13,encrypt,10.092,8385296,0,0,false,min
UC3,label,DB1,512,13,eval,277.454,35821584,0,0,false,min
UC3,label,DB1,512,13,decrypt,6.253,1447920,2097152,1,false,min
UC3,label_max,DB1,512,13,setup,82.822,20195328,0,0,false,min
UC3,label_max,DB1,512,13,precomp,0.000,0,0,0,false,min
UC3,label_max,DB1,512,13,encrypt,10.096,8385168,0,0,false,min
UC3,label_max,DB1,512,13,eval,284.868,12598192,0,0,false,min
UC3,label_max,DB1,512,13,decrypt,6.861,1448032,2097152,1,false,min
UC3,std,DB1,512,14,setup,85.522,28350280,0,0,false,min
UC3,std,DB1,512,14,precomp,0.000,0,0,0,false,min
UC3,std,DB1,512,14,encrypt,8.604,4245424,0,0,false,min
UC3,std,DB1,512,14,eval,135.353,34353176,0,0,false,min
UC3,std,DB1,512,14,decrypt,5.304,2759336,2097152,1,false,min
UC3,std_modsw,DB1,512,14,setup,81.065,30454944,0,0,false,min
UC3,std_modsw,DB1,512,14,precomp,0.000,0,0,0,false,min
UC3,std_modsw,DB1,512,14,encrypt,7.885,4245424,0,0,false,min
UC3,std_modsw,DB1,512,14,eval,134.077,34353176,0,0,false,min
UC3,std_modsw,DB1,512,14,decrypt,4.777,3679432,2097152,1,false,min
UC3,label,DB1,512,14,setup,84.136,28877736,0,0,false,min
UC3,label,DB1,512,14,precomp,0.000,0,0,0,false,min
UC3,label,DB1,512,14,encrypt,10.475,8385216,0,0,false,min
UC3,label,DB1,512,14,eval,288.973,35839096,0,0,false,min
UC3,label,DB1,512,14,decrypt,6.830,2499432,2097152,1,false,min
UC3,label_max,DB1,512,14,setup,86.733,28877528,0,0,false,min
UC3,label_max,DB1,512,14,precomp,0.000,0,0,0,false,min
UC3,label_max,DB1,512,14,encrypt,11.221,8385088,0,0,false,min
UC3,label_max,DB1,512,14,eval,291.090,35834472,0,0,false,min
UC3,label_max,DB1,512,14,decrypt,7.122,656840,2097152,1,false,min
UC3,std,DB1,512,15,setup,83.138,30454960,0,0,false,min
UC3,std,DB1,512,15,precomp,0.000,0,0,0,false,min
UC3,std,DB1,512,15,encrypt,8.296,4245424,0,0,false,min
UC3,std,DB1,512,15,eval,134.975,34353128,0,0,false,min
UC3,std,DB1,512,15,decrypt,4.687,2759336,2097152,1,false,min
UC3,std_modsw,DB1,512,15,setup,86.052,28877720,0,0,false,min
UC3,std_modsw,DB1,512,15,precomp,0.000,0,0,0,false,min
UC3,std_modsw,DB1,512,15,encrypt,8.564,4245424,0,0,false,min
UC3,std_modsw,DB1,512,15,eval,133.879,34880856,0,0,false,min
UC3,std_modsw,DB1,512,15,decrypt,7.048,4991720,2097152,1,false,min
UC3,label,DB1,512,15,setup,85.607,24668504,0,0,false,min
UC3,label,DB1,512,15,precomp,0.000,0,0,0,false,min
UC3,label,DB1,512,15,encrypt,11.237,8385104,0,0,false,min
UC3,label,DB1,512,15,eval,287.782,35833624,0,0,false,min
UC3,label,DB1,512,15,decrypt,5.851,657496,2097152,1,false,min
UC3,label_max,DB1,512,15,setup,86.836,30454832,0,0,false,min
UC3,label_max,DB1,512,15,precomp,0.000,0,0,0,false,min
UC3,label_max,DB1,512,15,encrypt,9.801,8384944,0,0,false,min
UC3,label_max,DB1,512,15,eval,292.636,12597840,0,0,false,min
UC3,label_max,DB1,512,15,decrypt,6.684,1448032,2097152,1,false,min
UC3,std,DB1,512,16,setup,88.110,22300264,0,0,false,min
UC3,std,DB1,512,16,precomp,0.000,0,0,0,false,min
UC3,std,DB1,512,16,encrypt,9.961,4245424,0,0,false,min
UC3,std,DB1,512,16,eval,135.483,35408200,0,0,false,min
UC3,std,DB1,512,16,decrypt,5.744,2759336,2097152,1,false,min
UC3,std_modsw,DB1,512,16,setup,85.365,26245472,0,0,false,min
UC3,std_modsw,DB1,512,16,precomp,0.000,0,0,0,false,min
UC3,std_modsw,DB1,512,16,encrypt,9.159,4245424,0,0,false,min
UC3,std_modsw,DB1,512,16,eval,136.541,33825656,0,0,false,min
UC3,std_modsw,DB1,512,16,decrypt,6.044,3679432,2097152,1,false,min
UC3,label,DB1,512,16,setup,85.302,24668392,0,0,false,min
UC3,label,DB1,512,16,precomp,0.000,0,0,0,false,min
UC3,label,DB1,512,16,encrypt,12.070,8385088,0,0,false,min
UC3,label,DB1,512,16,eval,288.539,24025168,0,0,false,min
UC3,label,DB1,512,16,decrypt,6.209,657048,2097152,1,false,min
UC3,label_max,DB1,512,16,setup,84.432,22432416,0,0,false,min
UC3,label_max,DB1,512,16,precomp,0.000,0,0,0,false,min
UC3,label_max,DB1,512,16,encrypt,11.204,8385120,0,0,false,min
UC3,label_max,DB1,512,16,eval,288.733,35832296,0,0,false,min
UC3,label_max,DB1,512,16,decrypt,6.806,1447808,2097152,1,false,min
UC3,std,DB1,512,17,setup,86.070,21511296,0,0,false,min
UC3,std,DB1,512,17,precomp,0.000,0,0,0,false,min
UC3,std,DB1,512,17,encrypt,9.246,4245424,0,0,false,min
UC3,std,DB1,512,17,eval,138.497,33825832,0,0,false,min
UC3,std,DB1,512,17,decrypt,5.456,2759336,2097152,1,false,min
UC3,std_modsw,DB1,512,17,setup,82.860,23615960,0,0,false,min
UC3,std_modsw,DB1,512,17,precomp,0.001,0,0,0,false,min
UC3,std_modsw,DB1,512,17,encrypt,9.401,4245424,0,0,false,min
UC3,std_modsw,DB1,512,17,eval,134.876,35408200,0,0,false,min
UC3,std_modsw,DB1,512,17,decrypt,5.723,4991944,2097152,1,false,min
UC3,label,DB1,512,17,setup,84.722,26776240,0,0,false,min
UC3,label,DB1,512,17,precomp,0.000,0,0,0,false,min
UC3,label,DB1,512,17,encrypt,11.030,8385280,0,0,false,min
UC3,label,DB1,512,17,eval,281.997,24020640,0,0,false,min
UC3,label,DB1,512,17,decrypt,6.654,657048,2097152,1,false,min
UC3,label_max,DB1,512,17,setup,84.557,20462184,0,0,false,min
UC3,label_max,DB1,512,17,precomp,0.000,0,0,0,false,min
UC3,label_max,DB1,512,17,encrypt,12.677,8385168,0,0,false,min
UC3,label_max,DB1,512,17,eval,282.883,12597760,0,0,false,min
UC3,label_max,DB1,512,17,decrypt,5.158,9460408,2097152,1,false,min
UC3,std,DB1,512,18,setup,81.713,26509496,0,0,false,min
UC3,std,DB1,512,18,precomp,0.000,0,0,0,false,min
UC3,std,DB1,512,18,encrypt,8.532,4245424,0,0,false,min
UC3,std,DB1,512,18,eval,134.694,33825848,0,0,false,min
UC3,std,DB1,512,18,decrypt,5.256,2759336,2097152,1,false,min
UC3,std_modsw,DB1,512,18,setup,82.047,20459352,0,0,false,min
UC3,std_modsw,DB1,512,18,precomp,0.000,0,0,0,false,min
UC3,std_modsw,DB1,512,18,encrypt,8.038,4245424,0,0,false,min
UC3,std_modsw,DB1,512,18,eval,135.523,35935704,0,0,false,min
UC3,std_modsw,DB1,512,18,decrypt,5.260,4991944,2097152,1,false,min
UC3,label,DB1,512,18,setup,80.915,29929904,0,0,false,min
UC3,label,DB1,512,18,precomp,0.000,0,0,0,false,min
UC3,label,DB1,512,18,encrypt,10.114,8385120,0,0,false,min
UC3,label,DB1,512,18,eval,280.866,35839544,0,0,false,min
UC3,label,DB1,512,18,decrypt,6.930,659560,2097152,1,false,min
UC3,label_max,DB1,512,18,setup,83.979,22036224,0,0,false,min
UC3,label_max,DB1,512,18,precomp,0.000,0,0,0,false,min
UC3,label_max,DB1,512,18,encrypt,11.573,8385008,0,0,false,min
UC3,label_max,DB1,512,18,eval,276.346,12597952,0,0,false,min
UC3,label_max,DB1,512,18,decrypt,6.674,658856,2097152,1,false,min
UC3,std,DB1,512,19,setup,82.337,27825224,0,0,false,min
UC3,std,DB1,512,19,precomp,0.000,0,0,0,false,min
UC3,std,DB1,512,19,encrypt,8.113,4245424,0,0,false,min
UC3,std,DB1,512,19,eval,136.832,34880680,0,0,false,min
UC3,std,DB1,512,19,decrypt,5.764,2759784,2097152,1,false,min
UC3,std_modsw,DB1,512,19,setup,79.417,23615960,0,0,false,min
UC3,std_modsw,DB1,512,19,precomp,0.000,0,0,0,false,min
UC3,std_modsw,DB1,512,19,encrypt,7.800,4245424,0,0,false,min
UC3,std_modsw,DB1,512,19,eval,136.238,35408200,0,0,false,min
UC3,std_modsw,DB1,512,19,decrypt,5.744,4991928,2097152,1,false,min
UC3,label,DB1,512,19,setup,84.582,22299832,0,0,false,min
UC3,label,DB1,512,19,precomp,0.000,0,0,0,false,min
UC3,label,DB1,512,19,encrypt,12.050,8385168,0,0,false,min
UC3,label,DB1,512,19,eval,288.791,24021376,0,0,false,min
UC3,label,DB1,512,19,decrypt,6.021,657720,2097152,1,false,min
UC3,label_max,DB1,512,19,setup,88.516,28614080,0,0,false,min
UC3,label_max,DB1,512,19,precomp,0.000,0,0,0,false,min
UC3,label_max,DB1,512,19,encrypt,10.938,8384960,0,0,false,min
UC3,label_max,DB1,512,19,eval,292.459,24021184,0,0,false,min
UC3,label_max,DB1,512,19,decrypt,7.882,1447808,2097152,1,false,min
UC3,std,DB1,512,20,setup,83.806,24404704,0,0,false,min
UC3,std,DB1,512,20,precomp,0.000,0,0,0,false,min
UC3,std,DB1,512,20,encrypt,8.678,4245424,0,0,false,min
UC3,std,DB1,512,20,eval,136.035,34880680,0,0,false,min
UC3,std,DB1,512,20,decrypt,4.665,2759336,2097152,1,false,min
UC3,std_modsw,DB1,512,20,setup,87.617,28877832,0,0,false,min
UC3,std_modsw,DB1,512,20,precomp,0.000,0,0,0,false,min
UC3,std_modsw,DB1,512,20,encrypt,8.260,4245424,0,0,false,min
UC3,std_modsw,DB1,512,20,eval,136.314,34880856,0,0,false,min
UC3,std_modsw,DB1,512,20,decrypt,5.783,4991720,2097152,1,false,min
UC3,label,DB1,512,20,setup,81.007,26776240,0,0,false,min
UC3,label,DB1,512,20,precomp,0.000,0,0,0,false,min
UC3,label,DB1,512,20,encrypt,12.046,8385152,0,0,false,min
UC3,label,DB1,512,20,eval,276.048,24020528,0,0,false,min
UC3,label,DB1,512,20,decrypt,7.363,657160,2097152,1,false,min
UC3,label_max,DB1,512,20,setup,81.459,26776224,0,0,false,min
UC3,label_max,DB1,512,20,precomp,0.000,0,0,0,false,min
UC3,label_max,DB1,512,20,encrypt,9.668,8385328,0,0,false,min
UC3,label_max,DB1,512,20,eval,284.132,24021072,0,0,false,min
UC3,label_max,DB1,512,20,decrypt,7.178,921528,2097152,1,false,min
UC3,std,DB2,100000,1,setup,87.388,24140744,0,0,false,min
UC3,std,DB2,100000,1,precomp,0.000,0,0,0,false,min
UC3,std,DB2,100000,1,encrypt,58.797,13913392,0,0,false,min
UC3,std,DB2,100000,1,eval,902.072,43061720,0,0,false,min
UC3,std,DB2,100000,1,decrypt,4.748,134464,2097152,1,false,min
UC3,std_modsw,DB2,100000,1,setup,79.309,22563792,0,0,false,min
UC3,std_modsw,DB2,100000,1,precomp,0.000,0,0,0,false,min
UC3,std_modsw,DB2,100000,1,encrypt,56.057,13913392,0,0,false,min
UC3,std_modsw,DB2,100000,1,eval,944.612,43589416,0,0,false,min
UC3,std_modsw,DB2,100000,1,decrypt,5.456,2759336,2097152,1,false,min
UC3,label,DB2,100000,1,setup,85.077,28614064,0,0,false,min
UC3,label,DB2,100000,1,precomp,0.000,0,0,0,false,min
UC3,label,DB2,100000,1,encrypt,73.133,19298872,0,0,false,min
UC3,label,DB2,100000,1,eval,1949.765,11812800,0,0,false,min
UC3,label,DB2,100000,1,decrypt,5.448,8671456,2097152,1,false,min
UC3,label_max,DB2,100000,1,setup,80.652,27825224,0,0,false,min
UC3,label_max,DB2,100000,1,precomp,0.000,0,0,0,false,min
UC3,label_max,DB2,100000,1,encrypt,71.388,19297608,0,0,false,min
UC3,label_max,DB2,100000,1,eval,2022.316,11810272,0,0,false,min
UC3,label_max,DB2,100000,1,decrypt,6.816,657720,2097152,1,false,min
UC3,std,DB2,100000,2,setup,87.724,22564192,0,0,false,min
UC3,std,DB2,100000,2,precomp,0.000,0,0,0,false,min
UC3,std,DB2,100000,2,encrypt,63.056,13913392,0,0,false,min
UC3,std,DB2,100000,2,eval,968.924,43589512,0,0,false,min
UC3,std,DB2,100000,2,decrypt,5.807,134464,2097152,1,false,min
UC3,std_modsw,DB2,100000,2,setup,82.635,28877960,0,0,false,min
UC3,std_modsw,DB2,100000,2,precomp,0.000,0,0,0,false,min
UC3,std_modsw,DB2,100000,2,encrypt,57.272,13913392,0,0,false,min
UC3,std_modsw,DB2,100000,2,eval,932.854,43061832,0,0,false,min
UC3,std_modsw,DB2,100000,2,decrypt,6.222,2759336,2097152,1,false,min
UC3,label,DB2,100000,2,setup,87.325,22563504,0,0,false,min
UC3,label,DB2,100000,2,precomp,0.000,0,0,0,false,min
UC3,label,DB2,100000,2,encrypt,77.201,19298744,0,0,false,min
UC3,label,DB2,100000,2,eval,1985.590,35048200,0,0,false,min
UC3,label,DB2,100000,2,decrypt,7.968,657944,2097152,1,false,min
UC3,label_max,DB2,100000,2,setup,81.130,24404496,0,0,false,min
UC3,label_max,DB2,100000,2,precomp,0.000,0,0,0,false,min
UC3,label_max,DB2,100000,2,encrypt,75.324,19297720,0,0,false,min
UC3,label_max,DB2,100000,2,eval,2005.025,23235632,0,0,false,min
UC3,label_max,DB2,100000,2,decrypt,5.762,8670672,2097152,1,false,min
UC3,std,DB2,100000,3,setup,82.271,28877736,0,0,false,min
UC3,std,DB2,100000,3,precomp,0.000,0,0,0,false,min
UC3,std,DB2,100000,3,encrypt,58.830,13913392,0,0,false,min
UC3,std,DB2,100000,3,eval,960.002,43061784,0,0,false,min
UC3,std,DB2,100000,3,decrypt,6.028,134464,2097152,1,false,min
UC3,std_modsw,DB2,100000,3,setup,84.696,24404816,0,0,false,min
UC3,std_modsw,DB2,100000,3,precomp,0.000,0,0,0,false,min
UC3,std_modsw,DB2,100000,3,encrypt,59.463,13913392,0,0,false,min
UC3,std_modsw,DB2,100000,3,eval,930.868,46226920,0,0,false,min
UC3,std_modsw,DB2,100000,3,decrypt,6.427,3679432,2097152,1,false,min
UC3,label,DB2,100000,3,setup,86.926,20459528,0,0,false,min
UC3,label,DB2,100000,3,precomp,0.000,0,0,0,false,min
UC3,label,DB2,100000,3,encrypt,81.276,22173832,0,0,false,min
UC3,label,DB2,100000,3,eval,1975.426,23235936,0,0,false,min
UC3,label,DB2,100000,3,decrypt,8.015,8671568,2097152,1,false,min
UC3,label_max,DB2,100000,3,setup,89.785,26509384,0,0,false,min
UC3,label_max,DB2,100000,3,precomp,0.000,0,0,0,false,min
UC3,label_max,DB2,100000,3,encrypt,82.948,19315320,0,0,false,min
UC3,label_max,DB2,100000,3,eval,2016.568,11812144,0,0,false,min
UC3,label_max,DB2,100000,3,decrypt,6.775,8671456,2097152,1,false,min
UC3,std,DB2,100000,4,setup,86.375,24671576,0,0,false,min
UC3,std,DB2,100000,4,precomp,0.001,0,0,0,false,min
UC3,std,DB2,100000,4,encrypt,61.525,13913392,0,0,false,min
UC3,std,DB2,100000,4,eval,935.965,43061720,0,0,false,min
UC3,std,DB2,100000,4,decrypt,5.782,2758808,2097152,1,false,min
UC3,std_modsw,DB2,100000,4,setup,86.423,22036112,0,0,false,min
UC3,std_modsw,DB2,100000,4,precomp,0.001,0,0,0,false,min
UC3,std_modsw,DB2,100000,4,encrypt,56.472,13913392,0,0,false,min
UC3,std_modsw,DB2,100000,4,eval,921.814,43062120,0,0,false,min
UC3,std_modsw,DB2,100000,4,decrypt,5.158,2759336,2097152,1,false,min
UC3,label,DB2,100000,4,setup,81.677,20462312,0,0,false,min
UC3,label,DB2,100000,4,precomp,0.000,0,0,0,false,min
UC3,label,DB2,100000,4,encrypt,72.626,19297992,0,0,false,min
UC3,label,DB2,100000,4,eval,1974.991,35041368,0,0,false,min
UC3,label,DB2,100000,4,decrypt,6.543,657496,2097152,1,false,min
UC3,label_max,DB2,100000,4,setup,86.447,24140792,0,0,false,min
UC3,label_max,DB2,100000,4,precomp,0.000,0,0,0,false,min
UC3,label_max,DB2,100000,4,encrypt,75.972,19297992,0,0,false,min
UC3,label_max,DB2,100000,4,eval,1986.744,11812688,0,0,false,min
UC3,label_max,DB2,100000,4,decrypt,6.764,8671456,2097152,1,false,min
UC3,std,DB2,100000,5,setup,83.912,24668200,0,0,false,min
UC3,std,DB2,100000,5,precomp,0.001,0,0,0,false,min
UC3,std,DB2,100000,5,encrypt,61.143,13913392,0,0,false,min
UC3,std,DB2,100000,5,eval,954.024,44644360,0,0,false,min
UC3,std,DB2,100000,5,decrypt,5.310,658848,2097152,1,false,min
UC3,std_modsw,DB2,100000,5,setup,88.035,20462184,0,0,false,min
UC3,std_modsw,DB2,100000,5,precomp,0.000,0,0,0,false,min
UC3,std_modsw,DB2,100000,5,encrypt,61.146,13913392,0,0,false,min
UC3,std_modsw,DB2,100000,5,eval,952.539,43061720,0,0,false,min
UC3,std_modsw,DB2,100000,5,decrypt,7.433,2759336,2097152,1,false,min
UC3,label,DB2,100000,5,setup,85.256,20462200,0,0,false,min
UC3,label,DB2,100000,5,precomp,0.000,0,0,0,false,min
UC3,label,DB2,100000,5,encrypt,79.608,19297864,0,0,false,min
UC3,label,DB2,100000,5,eval,2017.400,23235888,0,0,false,min
UC3,label,DB2,100000,5,decrypt,5.708,8671456,2097152,1,false,min
UC3,label_max,DB2,100000,5,setup,85.861,26776352,0,0,false,min
UC3,label_max,DB2,100000,5,precomp,0.000,0,0,0,false,min
UC3,label_max,DB2,100000,5,encrypt,77.568,19297656,0,0,false,min
UC3,label_max,DB2,100000,5,eval,2008.319,23228544,0,0,false,min
UC3,label_max,DB2,100000,5,decrypt,5.187,8671456,2097152,1,false,min
UC3,std,DB2,100000,6,setup,87.827,28350408,0,0,false,min
UC3,std,DB2,100000,6,precomp,0.000,0,0,0,false,min
UC3,std,DB2,100000,6,encrypt,59.724,13913392,0,0,false,min
UC3,std,DB2,100000,6,eval,956.439,44644312,0,0,false,min
UC3,std,DB2,100000,6,decrypt,5.129,658960,2097152,1,false,min
UC3,std_modsw,DB2,100000,6,setup,84.538,28877848,0,0,false,min
UC3,std_modsw,DB2,100000,6,precomp,0.000,0,0,0,false,min
UC3,std_modsw,DB2,100000,6,encrypt,60.816,13913392,0,0,false,min
UC3,std_modsw,DB2,100000,6,eval,961.605,43589400,0,0,false,min
UC3,std_modsw,DB2,100000,6,decrypt,4.964,2759336,2097152,1,false,min
UC3,label,DB2,100000,6,setup,85.139,26773184,0,0,false,min
UC3,label,DB2,100000,6,precomp,0.000,0,0,0,false,min
UC3,label,DB2,100000,6,encrypt,76.357,19298776,0,0,false,min
UC3,label,DB2,100000,6,eval,2040.731,46476088,0,0,false,min
UC3,label,DB2,100000,6,decrypt,8.025,657944,2097152,1,false,min
UC3,label_max,DB2,100000,6,setup,85.653,28863256,0,0,false,min
UC3,label_max,DB2,100000,6,precomp,0.000,0,0,0,false,min
UC3,label_max,DB2,100000,6,encrypt,79.203,19298024,0,0,false,min
UC3,label_max,DB2,100000,6,eval,2015.869,23230864,0,0,false,min
UC3,label_max,DB2,100000,6,decrypt,5.809,8671456,2097152,1,false,min
UC3,std,DB2,100000,7,setup,94.908,27825240,0,0,false,min
UC3,std,DB2,100000,7,precomp,0.001,0,0,0,false,min
UC3,std,DB2,100000,7,encrypt,61.080,13913392,0,0,false,min
UC3,std,DB2,100000,7,eval,938.785,46226808,0,0,false,min
UC3,std,DB2,100000,7,decrypt,7.251,2759336,2097152,1,false,min
UC3,std_modsw,DB2,100000,7,setup,88.260,20459400,0,0,false,min
UC3,std_modsw,DB2,100000,7,precomp,0.000,0,0,0,false,min
UC3,std_modsw,DB2,100000,7,encrypt,57.786,13913392,0,0,false,min
UC3,std_modsw,DB2,100000,7,eval,941.870,43061720,0,0,false,min
UC3,std_modsw,DB2,100000,7,decrypt,5.300,2759336,2097152,1,false,min
UC3,label,DB2,100000,7,setup,87.604,20462200,0,0,false,min
UC3,label,DB2,100000,7,precomp,0.000,0,0,0,false,min
UC3,label,DB2,100000,7,encrypt,79.716,22174152,0,0,false,min
UC3,label,DB2,100000,7,eval,1958.138,35054712,0,0,false,min
UC3,label,DB2,100000,7,decrypt,5.780,1444896,2097152,1,false,min
UC3,label_max,DB2,100000,7,setup,83.149,28877528,0,0,false,min
UC3,label_max,DB2,100000,7,precomp,0.000,0,0,0,false,min
UC3,label_max,DB2,100000,7,encrypt,76.666,19298072,0,0,false,min
UC3,label_max,DB2,100000,7,eval,1915.269,23236112,0,0,false,min
UC3,label_max,DB2,100000,7,decrypt,5.878,8671456,2097152,1,false,min
UC3,std,DB2,100000,8,setup,78.786,27825352,0,0,false,min
UC3,std,DB2,100000,8,precomp,0.000,0,0,0,false,min
UC3,std,DB2,100000,8,encrypt,56.027,13913392,0,0,false,min
UC3,std,DB2,100000,8,eval,920.194,44644200,0,0,false,min
UC3,std,DB2,100000,8,decrypt,4.748,658848,2097152,1,false,min
UC3,std_modsw,DB2,100000,8,setup,81.920,24668376,0,0,false,min
UC3,std_modsw,DB2,100000,8,precomp,0.000,0,0,0,false,min
UC3,std_modsw,DB2,100000,8,encrypt,56.753,13913392,0,0,false,min
UC3,std_modsw,DB2,100000,8,eval,894.555,43589288,0,0,false,min
UC3,std_modsw,DB2,100000,8,decrypt,5.744,2759336,2097152,1,false,min
UC3,label,DB2,100000,8,setup,84.584,20462200,0,0,false,min
UC3,label,DB2,100000,8,precomp,0.000,0,0,0,false,min
UC3,label,DB2,100000,8,encrypt,72.245,22173800,0,0,false,min
UC3,label,DB2,100000,8,eval,1869.515,23221280,0,0,false,min
UC3,label,DB2,100000,8,decrypt,5.836,8671456,2097152,1,false,min
UC3,label_max,DB2,100000,8,setup,79.811,28877736,0,0,false,min
UC3,label_max,DB2,100000,8,precomp,0.000,0,0,0,false,min
UC3,label_max,DB2,100000,8,encrypt,75.291,19298152,0,0,false,min
UC3,label_max,DB2,100000,8,eval,1897.341,13015440,0,0,false,min
UC3,label_max,DB2,100000,8,decrypt,5.793,8671568,2097152,1,false,min
UC3,std,DB2,100000,9,setup,89.383,28877864,0,0,false,min
UC3,std,DB2,100000,9,precomp,0.000,0,0,0,false,min
UC3,std,DB2,100000,9,encrypt,56.739,13913392,0,0,false,min
UC3,std,DB2,100000,9,eval,898.394,43589400,0,0,false,min
UC3,std,DB2,100000,9,decrypt,6.061,134464,2097152,1,false,min
UC3,std_modsw,DB2,100000,9,setup,77.461,22566864,0,0,false,min
UC3,std_modsw,DB2,100000,9,precomp,0.000,0,0,0,false,min
UC3,std_modsw,DB2,100000,9,encrypt,55.635,13913392,0,0,false,min
UC3,std_modsw,DB2,100000,9,eval,897.404,43061784,0,0,false,min
UC3,std_modsw,DB2,100000,9,decrypt,5.638,2759336,2097152,1,false,min
UC3,label,DB2,100000,9,setup,81.123,22168872,0,0,false,min
UC3,label,DB2,100000,9,precomp,0.000,0,0,0,false,min
UC3,label,DB2,100000,9,encrypt,74.157,19298760,0,0,false,min
UC3,label,DB2,100000,9,eval,1908.266,23240240,0,0,false,min
UC3,label,DB2,100000,9,decrypt,6.445,8671456,2097152,1,false,min
UC3,label_max,DB2,100000,9,setup,81.877,24671544,0,0,false,min
UC3,label_max,DB2,100000,9,precomp,0.001,0,0,0,false,min
UC3,label_max,DB2,100000,9,encrypt,72.418,19298120,0,0,false,min
UC3,label_max,DB2,100000,9,eval,1912.640,35042920,0,0,false,min
UC3,label_max,DB2,100000,9,decrypt,6.005,8671568,2097152,1,false,min
UC3,std,DB2,100000,10,setup,88.977,24140824,0,0,false,min
UC3,std,DB2,100000,10,precomp,0.000,0,0,0,false,min
UC3,std,DB2,100000,10,encrypt,59.810,13913392,0,0,false,min
UC3,std,DB2,100000,10,eval,895.396,43061720,0,0,false,min
UC3,std,DB2,100000,10,decrypt,5.152,658848,2097152,1,false,min
UC3,std_modsw,DB2,100000,10,setup,83.167,22300504,0,0,false,min
UC3,std_modsw,DB2,100000,10,precomp,0.000,0,0,0,false,min
UC3,std_modsw,DB2,100000,10,encrypt,57.133,13913392,0,0,false,min
UC3,std_modsw,DB2,100000,10,eval,901.455,43061720,0,0,false,min
UC3,std_modsw,DB2,100000,10,decrypt,5.229,2759336,2097152,1,false,min
UC3,label,DB2,100000,10,setup,81.107,22432432,0,0,false,min
UC3,label,DB2,100000,10,precomp,0.000,0,0,0,false,min
UC3,label,DB2,100000,10,encrypt,73.742,19298088,0,0,false,min
UC3,label,DB2,100000,10,eval,1911.349,11813008,0,0,false,min
UC3,label,DB2,100000,10,decrypt,5.047,8261552,2097152,1,false,min
UC3,label_max,DB2,100000,10,setup,81.980,24404704,0,0,false,min
UC3,label_max,DB2,100000,10,precomp,0.000,0,0,0,false,min
UC3,label_max,DB2,100000,10,encrypt,74.590,19297944,0,0,false,min
UC3,label_max,DB2,100000,10,eval,1910.065,11812048,0,0,false,min
UC3,label_max,DB2,100000,10,decrypt,5.253,8671456,2097152,1,false,min
UC3,std,DB2,100000,11,setup,82.774,26776368,0,0,false,min
UC3,std,DB2,100000,11,precomp,0.000,0,0,0,false,min
UC3,std,DB2,100000,11,encrypt,59.309,13913392,0,0,false,min
UC3,std,DB2,100000,11,eval,894.036,43061720,0,0,false,min
UC3,std,DB2,100000,11,decrypt,4.758,658848,2097152,1,false,min
UC3,std_modsw,DB2,100000,11,setup,80.840,28877944,0,0,false,min
UC3,std_modsw,DB2,100000,11,precomp,0.000,0,0,0,false,min
UC3,std_modsw,DB2,100000,11,encrypt,59.307,13913392,0,0,false,min
UC3,std_modsw,DB2,100000,11,eval,894.161,43061720,0,0,false,min
UC3,std_modsw,DB2,100000,11,decrypt,5.599,2759336,2097152,1,false,min
UC3,label,DB2,100000,11,setup,84.063,20462200,0,0,false,min
UC3,label,DB2,100000,11,precomp,0.000,0,0,0,false,min
UC3,label,DB2,100000,11,encrypt,74.313,22173944,0,0,false,min
UC3,label,DB2,100000,11,eval,1912.192,11812800,0,0,false,min
UC3,label,DB2,100000,11,decrypt,7.299,657496,2097152,1,false,min
UC3,label_max,DB2,100000,11,setup,83.463,22564192,0,0,false,min
UC3,label_max,DB2,100000,11,precomp,0.000,0,0,0,false,min
UC3,label_max,DB2,100000,11,encrypt,75.803,22173640,0,0,false,min
UC3,label_max,DB2,100000,11,eval,1928.883,11821488,0,0,false,min
UC3,label_max,DB2,100000,11,decrypt,5.855,8671456,2097152,1,false,min
UC3,std,DB2,100000,12,setup,82.377,24141048,0,0,false,min
UC3,std,DB2,100000,12,precomp,0.000,0,0,0,false,min
UC3,std,DB2,100000,12,encrypt,56.931,13913392,0,0,false,min
UC3,std,DB2,100000,12,eval,898.652,43061784,0,0,false,min
UC3,std,DB2,100000,12,decrypt,6.407,658848,2097152,1,false,min
UC3,std_modsw,DB2,100000,12,setup,84.599,20462184,0,0,false,min
UC3,std_modsw,DB2,100000,12,precomp,0.000,0,0,0,false,min
UC3,std_modsw,DB2,100000,12,encrypt,58.508,13913392,0,0,false,min
UC3,std_modsw,DB2,100000,12,eval,897.139,43061784,0,0,false,min
UC3,std_modsw,DB2,100000,12,decrypt,4.704,2759336,2097152,1,false,min
UC3,label,DB2,100000,12,setup,82.359,26773296,0,0,false,min
UC3,label,DB2,100000,12,precomp,0.000,0,0,0,false,min
UC3,label,DB2,100000,12,encrypt,76.236,19298696,0,0,false,min
UC3,label,DB2,100000,12,eval,1920.614,11806304,0,0,false,min
UC3,label,DB2,100000,12,decrypt,6.574,8671456,2097152,1,false,min
UC3,label_max,DB2,100000,12,setup,82.968,27825224,0,0,false,min
UC3,label_max,DB2,100000,12,precomp,0.000,0,0,0,false,min
UC3,label_max,DB2,100000,12,encrypt,73.982,19327688,0,0,false,min
UC3,label_max,DB2,100000,12,eval,1907.849,35054728,0,0,false,min
UC3,label_max,DB2,100000,12,decrypt,5.911,8671456,2097152,1,false,min
UC3,std,DB2,100000,13,setup,86.625,28877880,0,0,false,min
UC3,std,DB2,100000,13,precomp,0.000,0,0,0,false,min
UC3,std,DB2,100000,13,encrypt,56.251,13913392,0,0,false,min
UC3,std,DB2,100000,13,eval,896.739,43061896,0,0,false,min
UC3,std,DB2,100000,13,decrypt,6.247,134464,2097152,1,false,min
UC3,std_modsw,DB2,100000,13,setup,80.198,26776336,0,0,false,min
UC3,std_modsw,DB2,100000,13,precomp,0.001,0,0,0,false,min
UC3,std_modsw,DB2,100000,13,encrypt,56.824,13913392,0,0,false,min
UC3,std_modsw,DB2,100000,13,eval,893.569,44644312,0,0,false,min
UC3,std_modsw,DB2,100000,13,decrypt,6.784,2759336,2097152,1,false,min
UC3,label,DB2,100000,13,setup,81.248,20327752,0,0,false,min
UC3,label,DB2,100000,13,precomp,0.000,0,0,0,false,min
UC3,label,DB2,100000,13,encrypt,75.845,19709032,0,0,false,min
UC3,label,DB2,100000,13,eval,1934.939,35050104,0,0,false,min
UC3,label,DB2,100000,13,decrypt,5.647,8671456,2097152,1,false,min
UC3,label_max,DB2,100000,13,setup,86.874,24140808,0,0,false,min
UC3,label_max,DB2,100000,13,precomp,0.000,0,0,0,false,min
UC3,label_max,DB2,100000,13,encrypt,76.624,22173976,0,0,false,min
UC3,label_max,DB2,100000,13,eval,1992.448,46476760,0,0,false,min
UC3,label_max,DB2,100000,13,decrypt,7.261,8671456,2097152,1,false,min
UC3,std,DB2,100000,14,setup,84.821,24671560,0,0,false,min
UC3,std,DB2,100000,14,precomp,0.000,0,0,0,false,min
UC3,std,DB2,100000,14,encrypt,62.280,13913392,0,0,false,min
UC3,std,DB2,100000,14,eval,911.522,43061896,0,0,false,min
UC3,std,DB2,100000,14,decrypt,5.701,134464,2097152,1,false,min
UC3,std_modsw,DB2,100000,14,setup,80.360,21511168,0,0,false,min
UC3,std_modsw,DB2,100000,14,precomp,0.000,0,0,0,false,min
UC3,std_modsw,DB2,100000,14,encrypt,56.023,13913392,0,0,false,min
UC3,std_modsw,DB2,100000,14,eval,898.602,43061784,0,0,false,min
UC3,std_modsw,DB2,100000,14,decrypt,5.166,2759336,2097152,1,false,min
UC3,label,DB2,100000,14,setup,86.166,20462200,0,0,false,min
UC3,label,DB2,100000,14,precomp,0.000,0,0,0,false,min
UC3,label,DB2,100000,14,encrypt,77.284,22173784,0,0,false,min
UC3,label,DB2,100000,14,eval,1947.441,23235184,0,0,false,min
UC3,label,DB2,100000,14,decrypt,7.817,658856,2097152,1,false,min
UC3,label_max,DB2,100000,14,setup,81.339,24404800,0,0,false,min
UC3,label_max,DB2,100000,14,precomp,0.000,0,0,0,false,min
UC3,label_max,DB2,100000,14,encrypt,75.440,19333224,0,0,false,min
UC3,label_max,DB2,100000,14,eval,1935.934,35053160,0,0,false,min
UC3,label_max,DB2,100000,14,decrypt,5.169,8671456,2097152,1,false,min
UC3,std,DB2,100000,15,setup,86.759,20459368,0,0,false,min
UC3,std,DB2,100000,15,precomp,0.001,0,0,0,false,min
UC3,std,DB2,100000,15,encrypt,56.445,13913392,0,0,false,min
UC3,std,DB2,100000,15,eval,905.854,43589224,0,0,false,min
UC3,std,DB2,100000,15,decrypt,5.173,2758792,2097152,1,false,min
UC3,std_modsw,DB2,100000,15,setup,84.519,20195328,0,0,false,min
UC3,std_modsw,DB2,100000,15,precomp,0.000,0,0,0,false,min
UC3,std_modsw,DB2,100000,15,encrypt,56.585,13913392,0,0,false,min
UC3,std_modsw,DB2,100000,15,eval,897.603,43061896,0,0,false,min
UC3,std_modsw,DB2,100000,15,decrypt,5.472,2759336,2097152,1,false,min
UC3,label,DB2,100000,15,setup,88.470,30455072,0,0,false,min
UC3,label,DB2,100000,15,precomp,0.001,0,0,0,false,min
UC3,label,DB2,100000,15,encrypt,74.792,19735944,0,0,false,min
UC3,label,DB2,100000,15,eval,1910.285,46476760,0,0,false,min
UC3,label,DB2,100000,15,decrypt,6.006,8671456,2097152,1,false,min
UC3,label_max,DB2,100000,15,setup,88.839,28614064,0,0,false,min
UC3,label_max,DB2,100000,15,precomp,0.000,0,0,0,false,min
UC3,label_max,DB2,100000,15,encrypt,76.428,22173800,0,0,false,min
UC3,label_max,DB2,100000,15,eval,1888.998,46314784,0,0,false,min
UC3,label_max,DB2,100000,15,decrypt,7.301,658856,2097152,1,false,min
UC3,std,DB2,100000,16,setup,78.558,28877544,0,0,false,min
UC3,std,DB2,100000,16,precomp,0.000,0,0,0,false,min
UC3,std,DB2,100000,16,encrypt,56.295,13913392,0,0,false,min
UC3,std,DB2,100000,16,eval,903.379,46226856,0,0,false,min
UC3,std,DB2,100000,16,decrypt,5.352,2759184,2097152,1,false,min
UC3,std_modsw,DB2,100000,16,setup,81.952,28350152,0,0,false,min
UC3,std_modsw,DB2,100000,16,precomp,0.001,0,0,0,false,min
UC3,std_modsw,DB2,100000,16,encrypt,57.518,13913392,0,0,false,min
UC3,std_modsw,DB2,100000,16,eval,894.874,45171768,0,0,false,min
UC3,std_modsw,DB2,100000,16,decrypt,5.642,2759336,2097152,1,false,min
UC3,label,DB2,100000,16,setup,83.059,22300024,0,0,false,min
UC3,label,DB2,100000,16,precomp,0.000,0,0,0,false,min
UC3,label,DB2,100000,16,encrypt,73.258,22173848,0,0,false,min
UC3,label,DB2,100000,16,eval,1897.222,35046664,0,0,false,min
UC3,label,DB2,100000,16,decrypt,6.346,8671456,2097152,1,false,min
UC3,label_max,DB2,100000,16,setup,77.955,24668392,0,0,false,min
UC3,label_max,DB2,100000,16,precomp,0.000,0,0,0,false,min
UC3,label_max,DB2,100000,16,encrypt,74.859,19297944,0,0,false,min
UC3,label_max,DB2,100000,16,eval,1902.990,23235952,0,0,false,min
UC3,label_max,DB2,100000,16,decrypt,6.465,8671456,2097152,1,false,min
UC3,std,DB2,100000,17,setup,84.867,24668408,0,0,false,min
UC3,std,DB2,100000,17,precomp,0.001,0,0,0,false,min
UC3,std,DB2,100000,17,encrypt,56.629,13913392,0,0,false,min
UC3,std,DB2,100000,17,eval,897.893,43589400,0,0,false,min
UC3,std,DB2,100000,17,decrypt,5.923,2758808,2097152,1,false,min
UC3,std_modsw,DB2,100000,17,setup,86.330,26772848,0,0,false,min
UC3,std_modsw,DB2,100000,17,precomp,0.000,0,0,0,false,min
UC3,std_modsw,DB2,100000,17,encrypt,56.448,13913392,0,0,false,min
UC3,std_modsw,DB2,100000,17,eval,903.640,44644424,0,0,false,min
UC3,std_modsw,DB2,100000,17,decrypt,5.488,2759336,2097152,1,false,min
UC3,label,DB2,100000,17,setup,81.229,20462312,0,0,false,min
UC3,label,DB2,100000,17,precomp,0.000,0,0,0,false,min
UC3,label,DB2,100000,17,encrypt,75.990,19297816,0,0,false,min
UC3,label,DB2,100000,17,eval,1935.814,35054632,0,0,false,min
UC3,label,DB2,100000,17,decrypt,6.669,656840,2097152,1,false,min
UC3,label_max,DB2,100000,17,setup,85.887,24140792,0,0,false,min
UC3,label_max,DB2,100000,17,precomp,0.001,0,0,0,false,min
UC3,label_max,DB2,100000,17,encrypt,72.006,19297800,0,0,false,min
UC3,label_max,DB2,100000,17,eval,1918.248,46476648,0,0,false,min
UC3,label_max,DB2,100000,17,decrypt,5.325,8671456,2097152,1,false,min
UC3,std,DB2,100000,18,setup,81.818,27825240,0,0,false,min
UC3,std,DB2,100000,18,precomp,0.000,0,0,0,false,min
UC3,std,DB2,100000,18,encrypt,56.901,13913392,0,0,false,min
UC3,std,DB2,100000,18,eval,902.236,44644440,0,0,false,min
UC3,std,DB2,100000,18,decrypt,5.319,658848,2097152,1,false,min
UC3,std_modsw,DB2,100000,18,setup,84.965,22563792,0,0,false,min
UC3,std_modsw,DB2,100000,18,precomp,0.000,0,0,0,false,min
UC3,std_modsw,DB2,100000,18,encrypt,57.906,13913392,0,0,false,min
UC3,std_modsw,DB2,100000,18,eval,896.233,43061720,0,0,false,min
UC3,std_modsw,DB2,100000,18,decrypt,5.601,2759448,2097152,1,false,min
UC3,label,DB2,100000,18,setup,81.135,21511184,0,0,false,min
UC3,label,DB2,100000,18,precomp,0.000,0,0,0,false,min
UC3,label,DB2,100000,18,encrypt,75.471,22173416,0,0,false,min
UC3,label,DB2,100000,18,eval,1910.572,46476520,0,0,false,min
UC3,label,DB2,100000,18,decrypt,5.606,8671568,2097152,1,false,min
UC3,label_max,DB2,100000,18,setup,80.536,20195344,0,0,false,min
UC3,label_max,DB2,100000,18,precomp,0.000,0,0,0,false,min
UC3,label_max,DB2,100000,18,encrypt,75.483,19633976,0,0,false,min
UC3,label_max,DB2,100000,18,eval,1880.575,23235040,0,0,false,min
UC3,label_max,DB2,100000,18,decrypt,6.772,8655056,2097152,1,false,min
UC3,std,DB2,100000,19,setup,81.893,24140808,0,0,false,min
UC3,std,DB2,100000,19,precomp,0.000,0,0,0,false,min
UC3,std,DB2,100000,19,encrypt,57.295,13913392,0,0,false,min
UC3,std,DB2,100000,19,eval,897.680,43061720,0,0,false,min
UC3,std,DB2,100000,19,decrypt,5.716,134464,2097152,1,false,min
UC3,std_modsw,DB2,100000,19,setup,84.286,20462184,0,0,false,min
UC3,std_modsw,DB2,100000,19,precomp,0.000,0,0,0,false,min
UC3,std_modsw,DB2,100000,19,encrypt,57.963,13913392,0,0,false,min
UC3,std_modsw,DB2,100000,19,eval,905.085,43061720,0,0,false,min
UC3,std_modsw,DB2,100000,19,decrypt,5.752,2759336,2097152,1,false,min
UC3,label,DB2,100000,19,setup,79.331,26773184,0,0,false,min
UC3,label,DB2,100000,19,precomp,0.000,0,0,0,false,min
UC3,label,DB2,100000,19,encrypt,72.726,19297736,0,0,false,min
UC3,label,DB2,100000,19,eval,1892.008,11814128,0,0,false,min
UC3,label,DB2,100000,19,decrypt,6.342,8671456,2097152,1,false,min
UC3,label_max,DB2,100000,19,setup,81.540,28877528,0,0,false,min
UC3,label_max,DB2,100000,19,precomp,0.000,0,0,0,false,min
UC3,label_max,DB2,100000,19,encrypt,73.468,19297896,0,0,false,min
UC3,label_max,DB2,100000,19,eval,1892.379,23235280,0,0,false,min
UC3,label_max,DB2,100000,19,decrypt,4.858,8671456,2097152,1,false,min
UC3,std,DB2,100000,20,setup,80.415,28482800,0,0,false,min
UC3,std,DB2,100000,20,precomp,0.001,0,0,0,false,min
UC3,std,DB2,100000,20,encrypt,56.146,13913392,0,0,false,min
UC3,std,DB2,100000,20,eval,894.333,43589224,0,0,false,min
UC3,std,DB2,100000,20,decrypt,5.883,134464,2097152,1,false,min
UC3,std_modsw,DB2,100000,20,setup,84.334,27825208,0,0,false,min
UC3,std_modsw,DB2,100000,20,precomp,0.000,0,0,0,false,min
UC3,std_modsw,DB2,100000,20,encrypt,58.605,13913392,0,0,false,min
UC3,std_modsw,DB2,100000,20,eval,898.100,44644200,0,0,false,min
UC3,std_modsw,DB2,100000,20,decrypt,6.705,2759336,2097152,1,false,min
UC3,label,DB2,100000,20,setup,81.546,20459528,0,0,false,min
UC3,label,DB2,100000,20,precomp,0.000,0,0,0,false,min
UC3,label,DB2,100000,20,encrypt,72.280,19297992,0,0,false,min
UC3,label,DB2,100000,20,eval,1937.541,35046776,0,0,false,min
UC3,label,DB2,100000,20,decrypt,5.405,8671456,2097152,1,false,min
UC3,label_max,DB2,100000,20,setup,81.974,26245600,0,0,false,min
UC3,label_max,DB2,100000,20,precomp,0.000,0,0,0,false,min
UC3,label_max,DB2,100000,20,encrypt,74.282,19297992,0,0,false,min
UC3,label_max,DB2,100000,20,eval,1896.691,11813904,0,0,false,min
UC3,label_max,DB2,100000,20,decrypt,6.798,8671456,2097152,1,false,min
UC3,std,DB3,1000000,1,setup,81.374,29929840,0,0,false,min
UC3,std,DB3,1000000,1,precomp,0.000,0,0,0,false,min
UC3,std,DB3,1000000,1,encrypt,493.615,89036568,0,0,false,min
UC3,std,DB3,1000000,1,eval,7859.160,70667368,0,0,false,min
UC3,std,DB3,1000000,1,decrypt,4.853,6569568,2097152,1,false,min
UC3,std_modsw,DB3,1000000,1,setup,73.622,28881128,0,0,false,min
UC3,std_modsw,DB3,1000000,1,precomp,0.000,0,0,0,false,min
UC3,std_modsw,DB3,1000000,1,encrypt,494.780,89036360,0,0,false,min
UC3,std_modsw,DB3,1000000,1,eval,7845.507,70667160,0,0,false,min
UC3,std_modsw,DB3,1000000,1,decrypt,4.597,7618752,2097152,1,false,min
UC3,label,DB3,1000000,1,setup,78.772,30454960,0,0,false,min
UC3,label,DB3,1000000,1,precomp,0.000,0,0,0,false,min
UC3,label,DB3,1000000,1,encrypt,627.247,115516072,0,0,false,min
UC3,label,DB3,1000000,1,eval,15102.809,108992224,0,0,false,min
UC3,label,DB3,1000000,1,decrypt,5.839,1448368,2097152,1,false,min
UC3,label_max,DB3,1000000,1,setup,77.756,28877832,0,0,false,min
UC3,label_max,DB3,1000000,1,precomp,0.000,0,0,0,false,min
UC3,label_max,DB3,1000000,1,encrypt,627.306,115516056,0,0,false,min
UC3,label_max,DB3,1000000,1,eval,15067.898,97562736,0,0,false,min
UC3,label_max,DB3,1000000,1,decrypt,5.931,1448256,2097152,1,false,min
UC3,std,DB3,1000000,2,setup,77.288,26509896,0,0,false,min
UC3,std,DB3,1000000,2,precomp,0.000,0,0,0,false,min
UC3,std,DB3,1000000,2,encrypt,495.963,89036360,0,0,false,min
UC3,std,DB3,1000000,2,eval,7896.401,70667256,0,0,false,min
UC3,std,DB3,1000000,2,decrypt,5.163,6569568,2097152,1,false,min
UC3,std_modsw,DB3,1000000,2,setup,77.628,30454832,0,0,false,min
UC3,std_modsw,DB3,1000000,2,precomp,0.000,0,0,0,false,min
UC3,std_modsw,DB3,1000000,2,encrypt,497.813,89036360,0,0,false,min
UC3,std_modsw,DB3,1000000,2,eval,7836.650,70667208,0,0,false,min
UC3,std_modsw,DB3,1000000,2,decrypt,4.803,7618752,2097152,1,false,min
UC3,label,DB3,1000000,2,setup,76.448,28880920,0,0,false,min
UC3,label,DB3,1000000,2,precomp,0.000,0,0,0,false,min
UC3,label,DB3,1000000,2,encrypt,625.917,115515720,0,0,false,min
UC3,label,DB3,1000000,2,eval,15023.540,62502672,0,0,false,min
UC3,label,DB3,1000000,2,decrypt,5.463,1448240,2097152,1,false,min
UC3,label_max,DB3,1000000,2,setup,77.318,28877736,0,0,false,min
UC3,label_max,DB3,1000000,2,precomp,0.001,0,0,0,false,min
UC3,label_max,DB3,1000000,2,encrypt,624.282,115516104,0,0,false,min
UC3,label_max,DB3,1000000,2,eval,15061.052,74328168,0,0,false,min
UC3,label_max,DB3,1000000,2,decrypt,6.431,1448256,2097152,1,false,min
UC3,std,DB3,1000000,3,setup,75.792,24668392,0,0,false,min
UC3,std,DB3,1000000,3,precomp,0.000,0,0,0,false,min
UC3,std,DB3,1000000,3,encrypt,496.581,89317472,0,0,false,min
UC3,std,DB3,1000000,3,eval,7881.058,70667272,0,0,false,min
UC3,std,DB3,1000000,3,decrypt,5.458,6569568,2097152,1,false,min
UC3,std_modsw,DB3,1000000,3,setup,73.947,28880904,0,0,false,min
UC3,std_modsw,DB3,1000000,3,precomp,0.000,0,0,0,false,min
UC3,std_modsw,DB3,1000000,3,encrypt,494.789,89036360,0,0,false,min
UC3,std_modsw,DB3,1000000,3,eval,7863.364,70667384,0,0,false,min
UC3,std_modsw,DB3,1000000,3,decrypt,4.566,7618752,2097152,1,false,min
UC3,label,DB3,1000000,3,setup,74.871,28880920,0,0,false,min
UC3,label,DB3,1000000,3,precomp,0.000,0,0,0,false,min
UC3,label,DB3,1000000,3,encrypt,627.793,115516088,0,0,false,min
UC3,label,DB3,1000000,3,eval,15072.208,4597872,0,0,false,min
UC3,label,DB3,1000000,3,decrypt,6.204,1448256,2097152,1,false,min
UC3,label_max,DB3,1000000,3,setup,77.147,26509176,0,0,false,min
UC3,label_max,DB3,1000000,3,precomp,0.000,0,0,0,false,min
UC3,label_max,DB3,1000000,3,encrypt,625.180,112641176,0,0,false,min
UC3,label_max,DB3,1000000,3,eval,15075.745,39267768,0,0,false,min
UC3,label_max,DB3,1000000,3,decrypt,6.857,1448256,2097152,1,false,min
UC3,std,DB3,1000000,4,setup,76.353,28877736,0,0,false,min
UC3,std,DB3,1000000,4,precomp,0.000,0,0,0,false,min
UC3,std,DB3,1000000,4,encrypt,495.627,71044680,0,0,false,min
UC3,std,DB3,1000000,4,eval,7852.331,91767752,0,0,false,min
UC3,std,DB3,1000000,4,decrypt,4.548,6569568,2097152,1,false,min
UC3,std_modsw,DB3,1000000,4,setup,77.716,28881016,0,0,false,min
UC3,std_modsw,DB3,1000000,4,precomp,0.000,0,0,0,false,min
UC3,std_modsw,DB3,1000000,4,encrypt,496.955,89036360,0,0,false,min
UC3,std_modsw,DB3,1000000,4,eval,7854.626,70667384,0,0,false,min
UC3,std_modsw,DB3,1000000,4,decrypt,4.507,7618752,2097152,1,false,min
UC3,label,DB3,1000000,4,setup,74.802,28880920,0,0,false,min
UC3,label,DB3,1000000,4,precomp,0.000,0,0,0,false,min
UC3,label,DB3,1000000,4,encrypt,623.461,115516056,0,0,false,min
UC3,label,DB3,1000000,4,eval,15078.883,74327704,0,0,false,min
UC3,label,DB3,1000000,4,decrypt,5.628,1448256,2097152,1,false,min
UC3,label_max,DB3,1000000,4,setup,73.606,28877720,0,0,false,min
UC3,label_max,DB3,1000000,4,precomp,0.000,0,0,0,false,min
UC3,label_max,DB3,1000000,4,encrypt,622.414,115515608,0,0,false,min
UC3,label_max,DB3,1000000,4,eval,15084.112,62767024,0,0,false,min
UC3,label_max,DB3,1000000,4,decrypt,4.880,12616080,2097152,1,false,min
UC3,std,DB3,1000000,5,setup,77.223,30982544,0,0,false,min
UC3,std,DB3,1000000,5,precomp,0.001,0,0,0,false,min
UC3,std,DB3,1000000,5,encrypt,494.014,89036360,0,0,false,min
UC3,std,DB3,1000000,5,eval,7847.528,70667256,0,0,false,min
UC3,std,DB3,1000000,5,decrypt,4.503,6569568,2097152,1,false,min
UC3,std_modsw,DB3,1000000,5,setup,73.391,28880904,0,0,false,min
UC3,std_modsw,DB3,1000000,5,precomp,0.000,0,0,0,false,min
UC3,std_modsw,DB3,1000000,5,encrypt,496.708,89036360,0,0,false,min
UC3,std_modsw,DB3,1000000,5,eval,7872.354,70667208,0,0,false,min
UC3,std_modsw,DB3,1000000,5,decrypt,4.525,7618752,2097152,1,false,min
UC3,label,DB3,1000000,5,setup,77.061,28880920,0,0,false,min
UC3,label,DB3,1000000,5,precomp,0.000,0,0,0,false,min
UC3,label,DB3,1000000,5,encrypt,626.291,115516248,0,0,false,min
UC3,label,DB3,1000000,5,eval,15103.880,85751752,0,0,false,min
UC3,label,DB3,1000000,5,decrypt,5.886,1448256,2097152,1,false,min
UC3,label_max,DB3,1000000,5,setup,79.456,26509368,0,0,false,min
UC3,label_max,DB3,1000000,5,precomp,0.000,0,0,0,false,min
UC3,label_max,DB3,1000000,5,encrypt,626.104,112640648,0,0,false,min
UC3,label_max,DB3,1000000,5,eval,15071.593,27838360,0,0,false,min
UC3,label_max,DB3,1000000,5,decrypt,6.065,1448240,2097152,1,false,min
UC3,std,DB3,1000000,6,setup,73.883,24668392,0,0,false,min
UC3,std,DB3,1000000,6,precomp,0.001,0,0,0,false,min
UC3,std,DB3,1000000,6,encrypt,478.607,89317472,0,0,false,min
UC3,std,DB3,1000000,6,eval,7758.409,70667208,0,0,false,min
UC3,std,DB3,1000000,6,decrypt,4.697,6569568,2097152,1,false,min
UC3,std_modsw,DB3,1000000,6,setup,74.364,28880904,0,0,false,min
UC3,std_modsw,DB3,1000000,6,precomp,0.000,0,0,0,false,min
UC3,std_modsw,DB3,1000000,6,encrypt,490.433,89036360,0,0,false,min
UC3,std_modsw,DB3,1000000,6,eval,7797.919,70667256,0,0,false,min
UC3,std_modsw,DB3,1000000,6,decrypt,4.544,7618752,2097152,1,false,min
UC3,label,DB3,1000000,6,setup,76.448,28880936,0,0,false,min
UC3,label,DB3,1000000,6,precomp,0.000,0,0,0,false,min
UC3,label,DB3,1000000,6,encrypt,627.111,115515784,0,0,false,min
UC3,label,DB3,1000000,6,eval,15173.808,97564144,0,0,false,min
UC3,label,DB3,1000000,6,decrypt,5.120,1448240,2097152,1,false,min
UC3,label_max,DB3,1000000,6,setup,78.792,26509176,0,0,false,min
UC3,label_max,DB3,1000000,6,precomp,0.000,0,0,0,false,min
UC3,label_max,DB3,1000000,6,encrypt,628.997,112640648,0,0,false,min
UC3,label_max,DB3,1000000,6,eval,15021.038,27844952,0,0,false,min
UC3,label_max,DB3,1000000,6,decrypt,5.223,1448240,2097152,1,false,min
UC3,std,DB3,1000000,7,setup,79.055,28877736,0,0,false,min
UC3,std,DB3,1000000,7,precomp,0.000,0,0,0,false,min
UC3,std,DB3,1000000,7,encrypt,497.580,89317160,0,0,false,min
UC3,std,DB3,1000000,7,eval,7856.253,70667160,0,0,false,min
UC3,std,DB3,1000000,7,decrypt,4.540,6569568,2097152,1,false,min
UC3,std_modsw,DB3,1000000,7,setup,74.239,28880904,0,0,false,min
UC3,std_modsw,DB3,1000000,7,precomp,0.000,0,0,0,false,min
UC3,std_modsw,DB3,1000000,7,encrypt,498.036,89036568,0,0,false,min
UC3,std_modsw,DB3,1000000,7,eval,7850.628,70667208,0,0,false,min
UC3,std_modsw,DB3,1000000,7,decrypt,4.976,7618752,2097152,1,false,min
UC3,label,DB3,1000000,7,setup,79.280,28880920,0,0,false,min
UC3,label,DB3,1000000,7,precomp,0.000,0,0,0,false,min
UC3,label,DB3,1000000,7,encrypt,630.485,115516120,0,0,false,min
UC3,label,DB3,1000000,7,eval,15093.790,97563456,0,0,false,min
UC3,label,DB3,1000000,7,decrypt,6.844,1448256,2097152,1,false,min
UC3,label_max,DB3,1000000,7,setup,80.715,28877736,0,0,false,min
UC3,label_max,DB3,1000000,7,precomp,0.000,0,0,0,false,min
UC3,label_max,DB3,1000000,7,encrypt,622.640,115515640,0,0,false,min
UC3,label_max,DB3,1000000,7,eval,15042.117,27845960,0,0,false,min
UC3,label_max,DB3,1000000,7,decrypt,5.853,1448368,2097152,1,false,min
UC3,std,DB3,1000000,8,setup,79.732,28614064,0,0,false,min
UC3,std,DB3,1000000,8,precomp,0.000,0,0,0,false,min
UC3,std,DB3,1000000,8,encrypt,489.554,89317472,0,0,false,min
UC3,std,DB3,1000000,8,eval,7737.249,70667384,0,0,false,min
UC3,std,DB3,1000000,8,decrypt,4.819,6569568,2097152,1,false,min
UC3,std_modsw,DB3,1000000,8,setup,73.961,28881016,0,0,false,min
UC3,std_modsw,DB3,1000000,8,precomp,0.000,0,0,0,false,min
UC3,std_modsw,DB3,1000000,8,encrypt,492.978,89036360,0,0,false,min
UC3,std_modsw,DB3,1000000,8,eval,7812.868,70667496,0,0,false,min
UC3,std_modsw,DB3,1000000,8,decrypt,4.553,7618752,2097152,1,false,min
UC3,label,DB3,1000000,8,setup,74.946,28881032,0,0,false,min
UC3,label,DB3,1000000,8,precomp,0.000,0,0,0,false,min
UC3,label,DB3,1000000,8,encrypt,624.738,115515880,0,0,false,min
UC3,label,DB3,1000000,8,eval,15042.547,27838584,0,0,false,min
UC3,label,DB3,1000000,8,decrypt,5.574,1448256,2097152,1,false,min
UC3,label_max,DB3,1000000,8,setup,76.715,26773040,0,0,false,min
UC3,label_max,DB3,1000000,8,precomp,0.000,0,0,0,false,min
UC3,label_max,DB3,1000000,8,encrypt,628.480,112640648,0,0,false,min
UC3,label_max,DB3,1000000,8,eval,15065.316,62514128,0,0,false,min
UC3,label_max,DB3,1000000,8,decrypt,5.634,1448368,2097152,1,false,min
UC3,std,DB3,1000000,9,setup,78.826,28877752,0,0,false,min
UC3,std,DB3,1000000,9,precomp,0.000,0,0,0,false,min
UC3,std,DB3,1000000,9,encrypt,494.713,69639072,0,0,false,min
UC3,std,DB3,1000000,9,eval,7866.210,6838248,0,0,false,min
UC3,std,DB3,1000000,9,decrypt,5.223,6569568,2097152,1,false,min
UC3,std_modsw,DB3,1000000,9,setup,74.545,28880904,0,0,false,min
UC3,std_modsw,DB3,1000000,9,precomp,0.000,0,0,0,false,min
UC3,std_modsw,DB3,1000000,9,encrypt,497.853,89036568,0,0,false,min
UC3,std_modsw,DB3,1000000,9,eval,7846.875,70667320,0,0,false,min
UC3,std_modsw,DB3,1000000,9,decrypt,4.788,7618752,2097152,1,false,min
UC3,label,DB3,1000000,9,setup,74.350,28880936,0,0,false,min
UC3,label,DB3,1000000,9,precomp,0.000,0,0,0,false,min
UC3,label,DB3,1000000,9,encrypt,628.155,115515864,0,0,false,min
UC3,label,DB3,1000000,9,eval,15057.182,29417864,0,0,false,min
UC3,label,DB3,1000000,9,decrypt,5.548,1448256,2097152,1,false,min
UC3,label_max,DB3,1000000,9,setup,77.562,26773056,0,0,false,min
UC3,label_max,DB3,1000000,9,precomp,0.000,0,0,0,false,min
UC3,label_max,DB3,1000000,9,encrypt,624.632,115516024,0,0,false,min
UC3,label_max,DB3,1000000,9,eval,15048.243,51081728,0,0,false,min
UC3,label_max,DB3,1000000,9,decrypt,6.882,921528,2097152,1,false,min
UC3,std,DB3,1000000,10,setup,77.850,24668168,0,0,false,min
UC3,std,DB3,1000000,10,precomp,0.000,0,0,0,false,min
UC3,std,DB3,1000000,10,encrypt,495.499,89036568,0,0,false,min
UC3,std,DB3,1000000,10,eval,7891.558,70667256,0,0,false,min
UC3,std,DB3,1000000,10,decrypt,4.510,6569568,2097152,1,false,min
UC3,std_modsw,DB3,1000000,10,setup,76.470,28880904,0,0,false,min
UC3,std_modsw,DB3,1000000,10,precomp,0.001,0,0,0,false,min
UC3,std_modsw,DB3,1000000,10,encrypt,501.761,89036360,0,0,false,min
UC3,std_modsw,DB3,1000000,10,eval,7879.072,70667160,0,0,false,min
UC3,std_modsw,DB3,1000000,10,decrypt,4.583,7618752,2097152,1,false,min
UC3,label,DB3,1000000,10,setup,78.846,28880920,0,0,false,min
UC3,label,DB3,1000000,10,precomp,0.001,0,0,0,false,min
UC3,label,DB3,1000000,10,encrypt,627.656,115516296,0,0,false,min
UC3,label,DB3,1000000,10,eval,15387.420,62509696,0,0,false,min
UC3,label,DB3,1000000,10,decrypt,5.554,1448240,2097152,1,false,min
UC3,label_max,DB3,1000000,10,setup,81.385,28746456,0,0,false,min
UC3,label_max,DB3,1000000,10,precomp,0.000,0,0,0,false,min
UC3,label_max,DB3,1000000,10,encrypt,652.520,115515816,0,0,false,min
UC3,label_max,DB3,1000000,10,eval,15856.618,74314632,0,0,false,min
UC3,label_max,DB3,1000000,10,decrypt,6.162,1448256,2097152,1,false,min
UC3,std,DB3,1000000,11,setup,81.571,24671784,0,0,false,min
UC3,std,DB3,1000000,11,precomp,0.000,0,0,0,false,min
UC3,std,DB3,1000000,11,encrypt,522.185,89317472,0,0,false,min
UC3,std,DB3,1000000,11,eval,8112.198,70667160,0,0,false,min
UC3,std,DB3,1000000,11,decrypt,4.496,6569568,2097152,1,false,min
UC3,std_modsw,DB3,1000000,11,setup,74.820,28880904,0,0,false,min
UC3,std_modsw,DB3,1000000,11,precomp,0.000,0,0,0,false,min
UC3,std_modsw,DB3,1000000,11,encrypt,504.894,89036360,0,0,false,min
UC3,std_modsw,DB3,1000000,11,eval,7859.827,70667208,0,0,false,min
UC3,std_modsw,DB3,1000000,11,decrypt,5.252,7618752,2097152,1,false,min
UC3,label,DB3,1000000,11,setup,75.904,28880936,0,0,false,min
UC3,label,DB3,1000000,11,precomp,0.000,0,0,0,false,min
UC3,label,DB3,1000000,11,encrypt,630.263,112640520,0,0,false,min
UC3,label,DB3,1000000,11,eval,15073.604,62510336,0,0,false,min
UC3,label,DB3,1000000,11,decrypt,6.147,659336,2097152,1,false,min
UC3,label_max,DB3,1000000,11,setup,77.545,30985744,0,0,false,min
UC3,label_max,DB3,1000000,11,precomp,0.000,0,0,0,false,min
UC3,label_max,DB3,1000000,11,encrypt,626.604,115515688,0,0,false,min
UC3,label_max,DB3,1000000,11,eval,15080.669,97563248,0,0,false,min
UC3,label_max,DB3,1000000,11,decrypt,5.542,1448256,2097152,1,false,min
UC3,std,DB3,1000000,12,setup,75.785,24668504,0,0,false,min
UC3,std,DB3,1000000,12,precomp,0.001,0,0,0,false,min
UC3,std,DB3,1000000,12,encrypt,496.185,89317472,0,0,false,min
UC3,std,DB3,1000000,12,eval,7911.518,70667384,0,0,false,min
UC3,std,DB3,1000000,12,decrypt,4.595,6569568,2097152,1,false,min
UC3,std_modsw,DB3,1000000,12,setup,75.933,28880904,0,0,false,min
UC3,std_modsw,DB3,1000000,12,precomp,0.000,0,0,0,false,min
UC3,std_modsw,DB3,1000000,12,encrypt,501.562,89318184,0,0,false,min
UC3,std_modsw,DB3,1000000,12,eval,7855.139,70667160,0,0,false,min
UC3,std_modsw,DB3,1000000,12,decrypt,4.888,7618752,2097152,1,false,min
UC3,label,DB3,1000000,12,setup,76.574,28880920,0,0,false,min
UC3,label,DB3,1000000,12,precomp,0.000,0,0,0,false,min
UC3,label,DB3,1000000,12,encrypt,630.309,116588592,0,0,false,min
UC3,label,DB3,1000000,12,eval,15087.120,39260728,0,0,false,min
UC3,label,DB3,1000000,12,decrypt,5.563,1448256,2097152,1,false,min
UC3,label_max,DB3,1000000,12,setup,76.854,28614048,0,0,false,min
UC3,label_max,DB3,1000000,12,precomp,0.000,0,0,0,false,min
UC3,label_max,DB3,1000000,12,encrypt,627.325,115515640,0,0,false,min
UC3,label_max,DB3,1000000,12,eval,15055.213,96580576,0,0,false,min
UC3,label_max,DB3,1000000,12,decrypt,5.884,1448256,2097152,1,false,min
UC3,std,DB3,1000000,13,setup,76.537,24668392,0,0,false,min
UC3,std,DB3,1000000,13,precomp,0.000,0,0,0,false,min
UC3,std,DB3,1000000,13,encrypt,495.664,89317472,0,0,false,min
UC3,std,DB3,1000000,13,eval,7908.245,70667208,0,0,false,min
UC3,std,DB3,1000000,13,decrypt,4.497,6569568,2097152,1,false,min
UC3,std_modsw,DB3,1000000,13,setup,73.887,28881016,0,0,false,min
UC3,std_modsw,DB3,1000000,13,precomp,0.000,0,0,0,false,min
UC3,std_modsw,DB3,1000000,13,encrypt,497.972,89036360,0,0,false,min
UC3,std_modsw,DB3,1000000,13,eval,7857.834,70667160,0,0,false,min
UC3,std_modsw,DB3,1000000,13,decrypt,4.546,7618752,2097152,1,false,min
UC3,label,DB3,1000000,13,setup,73.699,28880920,0,0,false,min
UC3,label,DB3,1000000,13,precomp,0.000,0,0,0,false,min
UC3,label,DB3,1000000,13,encrypt,629.863,116560848,0,0,false,min
UC3,label,DB3,1000000,13,eval,15057.912,74316936,0,0,false,min
UC3,label,DB3,1000000,13,decrypt,5.870,1448256,2097152,1,false,min
UC3,label_max,DB3,1000000,13,setup,78.948,24668472,0,0,false,min
UC3,label_max,DB3,1000000,13,precomp,0.001,0,0,0,false,min
UC3,label_max,DB3,1000000,13,encrypt,627.360,122589128,0,0,false,min
UC3,label_max,DB3,1000000,13,eval,15054.235,27845864,0,0,false,min
UC3,label_max,DB3,1000000,13,decrypt,5.828,657944,2097152,1,false,min
UC3,std,DB3,1000000,14,setup,74.020,32823232,0,0,false,min
UC3,std,DB3,1000000,14,precomp,0.001,0,0,0,false,min
UC3,std,DB3,1000000,14,encrypt,494.647,89036568,0,0,false,min
UC3,std,DB3,1000000,14,eval,7839.307,70667160,0,0,false,min
UC3,std,DB3,1000000,14,decrypt,5.549,6569568,2097152,1,false,min
UC3,std_modsw,DB3,1000000,14,setup,77.199,30454944,0,0,false,min
UC3,std_modsw,DB3,1000000,14,precomp,0.000,0,0,0,false,min
UC3,std_modsw,DB3,1000000,14,encrypt,496.562,89036360,0,0,false,min
UC3,std_modsw,DB3,1000000,14,eval,7842.975,70667160,0,0,false,min
UC3,std_modsw,DB3,1000000,14,decrypt,5.023,7618752,2097152,1,false,min
UC3,label,DB3,1000000,14,setup,75.812,28880936,0,0,false,min
UC3,label,DB3,1000000,14,precomp,0.000,0,0,0,false,min
UC3,label,DB3,1000000,14,encrypt,632.629,116587680,0,0,false,min
UC3,label,DB3,1000000,14,eval,15031.346,16018800,0,0,false,min
UC3,label,DB3,1000000,14,decrypt,6.900,1448256,2097152,1,false,min
UC3,label_max,DB3,1000000,14,setup,75.955,28877848,0,0,false,min
UC3,label_max,DB3,1000000,14,precomp,0.000,0,0,0,false,min
UC3,label_max,DB3,1000000,14,encrypt,628.771,116587872,0,0,false,min
UC3,label_max,DB3,1000000,14,eval,14993.193,108991344,0,0,false,min
UC3,label_max,DB3,1000000,14,decrypt,6.178,1448256,2097152,1,false,min
UC3,std,DB3,1000000,15,setup,76.261,28877736,0,0,false,min
UC3,std,DB3,1000000,15,precomp,0.000,0,0,0,false,min
UC3,std,DB3,1000000,15,encrypt,496.355,67953032,0,0,false,min
UC3,std,DB3,1000000,15,eval,7845.326,81217400,0,0,false,min
UC3,std,DB3,1000000,15,decrypt,4.518,6569568,2097152,1,false,min
UC3,std_modsw,DB3,1000000,15,setup,75.829,28880904,0,0,false,min
UC3,std_modsw,DB3,1000000,15,precomp,0.000,0,0,0,false,min
UC3,std_modsw,DB3,1000000,15,encrypt,496.403,89036360,0,0,false,min
UC3,std_modsw,DB3,1000000,15,eval,7871.148,70667384,0,0,false,min
UC3,std_modsw,DB3,1000000,15,decrypt,5.504,7618752,2097152,1,false,min
UC3,label,DB3,1000000,15,setup,75.746,28881032,0,0,false,min
UC3,label,DB3,1000000,15,precomp,0.000,0,0,0,false,min
UC3,label,DB3,1000000,15,encrypt,627.573,116588384,0,0,false,min
UC3,label,DB3,1000000,15,eval,15100.173,74320984,0,0,false,min
UC3,label,DB3,1000000,15,decrypt,4.969,1448240,2097152,1,false,min
UC3,label_max,DB3,1000000,15,setup,83.422,28877736,0,0,false,min
UC3,label_max,DB3,1000000,15,precomp,0.001,0,0,0,false,min
UC3,label_max,DB3,1000000,15,encrypt,632.014,119052944,0,0,false,min
UC3,label_max,DB3,1000000,15,eval,15045.754,51079072,0,0,false,min
UC3,label_max,DB3,1000000,15,decrypt,6.288,1448240,2097152,1,false,min
UC3,std,DB3,1000000,16,setup,75.889,24668376,0,0,false,min
UC3,std,DB3,1000000,16,precomp,0.000,0,0,0,false,min
UC3,std,DB3,1000000,16,encrypt,496.002,89037024,0,0,false,min
UC3,std,DB3,1000000,16,eval,7898.600,70667160,0,0,false,min
UC3,std,DB3,1000000,16,decrypt,4.526,6569568,2097152,1,false,min
UC3,std_modsw,DB3,1000000,16,setup,75.258,28880904,0,0,false,min
UC3,std_modsw,DB3,1000000,16,precomp,0.000,0,0,0,false,min
UC3,std_modsw,DB3,1000000,16,encrypt,495.787,89036360,0,0,false,min
UC3,std_modsw,DB3,1000000,16,eval,7841.307,70667160,0,0,false,min
UC3,std_modsw,DB3,1000000,16,decrypt,4.929,7618752,2097152,1,false,min
UC3,label,DB3,1000000,16,setup,75.239,28880920,0,0,false,min
UC3,label,DB3,1000000,16,precomp,0.000,0,0,0,false,min
UC3,label,DB3,1000000,16,encrypt,622.610,115516056,0,0,false,min
UC3,label,DB3,1000000,16,eval,15077.442,98994608,0,0,false,min
UC3,label,DB3,1000000,16,decrypt,6.206,1448240,2097152,1,false,min
UC3,label_max,DB3,1000000,16,setup,77.009,28614048,0,0,false,min
UC3,label_max,DB3,1000000,16,precomp,0.000,0,0,0,false,min
UC3,label_max,DB3,1000000,16,encrypt,628.560,122589000,0,0,false,min
UC3,label_max,DB3,1000000,16,eval,15182.702,108985280,0,0,false,min
UC3,label_max,DB3,1000000,16,decrypt,7.259,1184120,2097152,1,false,min
UC3,std,DB3,1000000,17,setup,77.926,26509384,0,0,false,min
UC3,std,DB3,1000000,17,precomp,0.000,0,0,0,false,min
UC3,std,DB3,1000000,17,encrypt,497.437,89317472,0,0,false,min
UC3,std,DB3,1000000,17,eval,7813.138,70667384,0,0,false,min
UC3,std,DB3,1000000,17,decrypt,4.841,6569568,2097152,1,false,min
UC3,std_modsw,DB3,1000000,17,setup,74.622,30718744,0,0,false,min
UC3,std_modsw,DB3,1000000,17,precomp,0.000,0,0,0,false,min
UC3,std_modsw,DB3,1000000,17,encrypt,500.064,89036360,0,0,false,min
UC3,std_modsw,DB3,1000000,17,eval,7820.476,70667208,0,0,false,min
UC3,std_modsw,DB3,1000000,17,decrypt,4.555,7618752,2097152,1,false,min
UC3,label,DB3,1000000,17,setup,75.769,28880920,0,0,false,min
UC3,label,DB3,1000000,17,precomp,0.001,0,0,0,false,min
UC3,label,DB3,1000000,17,encrypt,629.801,115515704,0,0,false,min
UC3,label,DB3,1000000,17,eval,15067.969,97569648,0,0,false,min
UC3,label,DB3,1000000,17,decrypt,5.360,1448256,2097152,1,false,min
UC3,label_max,DB3,1000000,17,setup,76.009,28350152,0,0,false,min
UC3,label_max,DB3,1000000,17,precomp,0.000,0,0,0,false,min
UC3,label_max,DB3,1000000,17,encrypt,628.857,112640360,0,0,false,min
UC3,label_max,DB3,1000000,17,eval,15035.226,62504640,0,0,false,min
UC3,label_max,DB3,1000000,17,decrypt,6.003,1448256,2097152,1,false,min
UC3,std,DB3,1000000,18,setup,77.168,26509512,0,0,false,min
UC3,std,DB3,1000000,18,precomp,0.000,0,0,0,false,min
UC3,std,DB3,1000000,18,encrypt,494.859,89318152,0,0,false,min
UC3,std,DB3,1000000,18,eval,7890.614,70667384,0,0,false,min
UC3,std,DB3,1000000,18,decrypt,4.525,6569568,2097152,1,false,min
UC3,std_modsw,DB3,1000000,18,setup,76.487,28880904,0,0,false,min
UC3,std_modsw,DB3,1000000,18,precomp,0.001,0,0,0,false,min
UC3,std_modsw,DB3,1000000,18,encrypt,497.005,89036568,0,0,false,min
UC3,std_modsw,DB3,1000000,18,eval,7848.233,70667384,0,0,false,min
UC3,std_modsw,DB3,1000000,18,decrypt,4.840,7618752,2097152,1,false,min
UC3,label,DB3,1000000,18,setup,81.015,30454848,0,0,false,min
UC3,label,DB3,1000000,18,precomp,0.000,0,0,0,false,min
UC3,label,DB3,1000000,18,encrypt,624.077,116588160,0,0,false,min
UC3,label,DB3,1000000,18,eval,14995.060,27838344,0,0,false,min
UC3,label,DB3,1000000,18,decrypt,5.624,1448240,2097152,1,false,min
UC3,label_max,DB3,1000000,18,setup,74.522,26773056,0,0,false,min
UC3,label_max,DB3,1000000,18,precomp,0.000,0,0,0,false,min
UC3,label_max,DB3,1000000,18,encrypt,624.086,122589464,0,0,false,min
UC3,label_max,DB3,1000000,18,eval,15031.976,39267768,0,0,false,min
UC3,label_max,DB3,1000000,18,decrypt,6.151,1448256,2097152,1,false,min
UC3,std,DB3,1000000,19,setup,78.263,28877752,0,0,false,min
UC3,std,DB3,1000000,19,precomp,0.000,0,0,0,false,min
UC3,std,DB3,1000000,19,encrypt,499.670,89598600,0,0,false,min
UC3,std,DB3,1000000,19,eval,7818.498,70667160,0,0,false,min
UC3,std,DB3,1000000,19,decrypt,5.269,6569568,2097152,1,false,min
UC3,std_modsw,DB3,1000000,19,setup,76.321,28881016,0,0,false,min
UC3,std_modsw,DB3,1000000,19,precomp,0.001,0,0,0,false,min
UC3,std_modsw,DB3,1000000,19,encrypt,497.118,89036360,0,0,false,min
UC3,std_modsw,DB3,1000000,19,eval,7849.474,70667272,0,0,false,min
UC3,std_modsw,DB3,1000000,19,decrypt,4.567,7618752,2097152,1,false,min
UC3,label,DB3,1000000,19,setup,73.997,28880920,0,0,false,min
UC3,label,DB3,1000000,19,precomp,0.000,0,0,0,false,min
UC3,label,DB3,1000000,19,encrypt,626.809,116588256,0,0,false,min
UC3,label,DB3,1000000,19,eval,15048.674,51079632,0,0,false,min
UC3,label,DB3,1000000,19,decrypt,5.861,1448240,2097152,1,false,min
UC3,label_max,DB3,1000000,19,setup,76.768,27825320,0,0,false,min
UC3,label_max,DB3,1000000,19,precomp,0.000,0,0,0,false,min
UC3,label_max,DB3,1000000,19,encrypt,625.509,115515624,0,0,false,min
UC3,label_max,DB3,1000000,19,eval,15022.415,62509168,0,0,false,min
UC3,label_max,DB3,1000000,19,decrypt,5.641,1448256,2097152,1,false,min
UC3,std,DB3,1000000,20,setup,75.282,26509512,0,0,false,min
UC3,std,DB3,1000000,20,precomp,0.000,0,0,0,false,min
UC3,std,DB3,1000000,20,encrypt,495.772,89598600,0,0,false,min
UC3,std,DB3,1000000,20,eval,7900.609,70667160,0,0,false,min
UC3,std,DB3,1000000,20,decrypt,4.979,6569568,2097152,1,false,min
UC3,std_modsw,DB3,1000000,20,setup,73.331,28880904,0,0,false,min
UC3,std_modsw,DB3,1000000,20,precomp,0.000,0,0,0,false,min
UC3,std_modsw,DB3,1000000,20,encrypt,495.641,89036360,0,0,false,min
UC3,std_modsw,DB3,1000000,20,eval,7850.235,70667160,0,0,false,min
UC3,std_modsw,DB3,1000000,20,decrypt,4.550,7618752,2097152,1,false,min
UC3,label,DB3,1000000,20,setup,78.391,28880920,0,0,false,min
UC3,label,DB3,1000000,20,precomp,0.000,0,0,0,false,min
UC3,label,DB3,1000000,20,encrypt,626.344,122589064,0,0,false,min
UC3,label,DB3,1000000,20,eval,15003.618,27845512,0,0,false,min
UC3,label,DB3,1000000,20,decrypt,5.515,658952,2097152,1,false,min
UC3,label_max,DB3,1000000,20,setup,75.528,26772848,0,0,false,min
UC3,label_max,DB3,1000000,20,precomp,0.001,0,0,0,false,min
UC3,label_max,DB3,1000000,20,encrypt,625.297,116587808,0,0,false,min
UC3,label_max,DB3,1000000,20,eval,15033.786,62502448,0,0,false,min
UC3,label_max,DB3,1000000,20,decrypt,4.997,1448240,2097152,1,false,min
