use_case,variant,db_label,n,run_id,phase,elapsed_ms,heap_b,comm_bytes,rounds,correct,param_profile
UC4,std,DB1,512,1,setup,245.349,65322568,0,0,false,full
UC4,std,DB1,512,1,precomp,0.000,0,0,0,false,full
UC4,std,DB1,512,1,encrypt,13.385,7139128,0,0,false,full
UC4,std,DB1,512,1,eval,286.716,52191448,0,0,false,full
UC4,std,DB1,512,1,decrypt,9.244,4860792,4194304,1,true,full
UC4,label_compact,DB1,512,1,setup,213.646,72415952,0,0,false,full
UC4,label_compact,DB1,512,1,precomp,0.000,0,0,0,false,full
UC4,label_compact,DB1,512,1,encrypt,17.285,12598624,0,0,false,full
UC4,label_compact,DB1,512,1,eval,262.400,85637488,0,0,false,full
UC4,label_compact,DB1,512,1,decrypt,19.042,-1570224,7340032,1,true,full
UC4,label_compact_max,DB1,512,1,setup,219.555,56387712,0,0,false,full
UC4,label_compact_max,DB1,512,1,precomp,0.000,0,0,0,false,full
UC4,label_compact_max,DB1,512,1,encrypt,15.558,12598416,0,0,false,full
UC4,label_compact_max,DB1,512,1,eval,397.459,48185352,0,0,false,full
UC4,label_compact_max,DB1,512,1,decrypt,22.780,22450688,10485760,1,true,full
UC4,label_compact_mb,DB1,512,1,setup,215.265,51134592,0,0,false,full
UC4,label_compact_mb,DB1,512,1,precomp,0.000,0,0,0,false,full
UC4,label_compact_mb,DB1,512,1,encrypt,18.006,11968736,0,0,false,full
UC4,label_compact_mb,DB1,512,1,eval,260.732,24155568,0,0,false,full
UC4,label_compact_mb,DB1,512,1,decrypt,20.442,-1570688,7340032,1,true,full
UC4,label_cf_scalar,DB1,512,1,setup,12.619,5508896,0,0,false,full
UC4,label_cf_scalar,DB1,512,1,precomp,0.000,0,0,0,false,full
UC4,label_cf_scalar,DB1,512,1,encrypt,28.016,14462840,0,0,false,full
UC4,label_cf_scalar,DB1,512,1,eval,13.446,21134016,0,0,false,full
UC4,label_cf_scalar,DB1,512,1,decrypt,8.561,14967808,4194304,1,true,full
UC4,std,DB1,512,2,setup,241.005,73718640,0,0,false,full
UC4,std,DB1,512,2,precomp,0.000,0,0,0,false,full
UC4,std,DB1,512,2,encrypt,13.294,7139128,0,0,false,full
UC4,std,DB1,512,2,eval,285.834,54298616,0,0,false,full
UC4,std,DB1,512,2,decrypt,9.146,6309192,4194304,1,true,full
UC4,label_compact,DB1,512,2,setup,216.030,72145888,0,0,false,full
UC4,label_compact,DB1,512,2,precomp,0.000,0,0,0,false,full
UC4,label_compact,DB1,512,2,encrypt,15.379,12598384,0,0,false,full
UC4,label_compact,DB1,512,2,eval,260.756,85637472,0,0,false,full
UC4,label_compact,DB1,512,2,decrypt,21.367,-1570336,7340032,1,true,full
UC4,label_compact_max,DB1,512,2,setup,208.334,61640080,0,0,false,full
UC4,label_compact_max,DB1,512,2,precomp,0.000,0,0,0,false,full
UC4,label_compact_max,DB1,512,2,encrypt,15.937,12598544,0,0,false,full
UC4,label_compact_max,DB1,512,2,eval,402.597,48184904,0,0,false,full
UC4,label_compact_max,DB1,512,2,decrypt,23.160,-1832272,10485760,1,true,full
UC4,label_compact_mb,DB1,512,2,setup,207.324,61640288,0,0,false,full
UC4,label_compact_mb,DB1,512,2,precomp,0.000,0,0,0,false,full
UC4,label_compact_mb,DB1,512,2,encrypt,15.118,11969168,0,0,false,full
UC4,label_compact_mb,DB1,512,2,eval,266.192,65273680,0,0,false,full
UC4,label_compact_mb,DB1,512,2,decrypt,18.566,16675624,7340032,1,true,full
UC4,label_cf_scalar,DB1,512,2,setup,11.110,10010792,0,0,false,full
UC4,label_cf_scalar,DB1,512,2,precomp,0.000,0,0,0,false,full
UC4,label_cf_scalar,DB1,512,2,encrypt,27.441,7891480,0,0,false,full
UC4,label_cf_scalar,DB1,512,2,eval,16.569,42269472,0,0,false,full
UC4,label_cf_scalar,DB1,512,2,decrypt,10.151,3935840,4194304,1,true,full
UC4,std,DB1,512,3,setup,245.691,70039504,0,0,false,full
UC4,std,DB1,512,3,precomp,0.000,0,0,0,false,full
UC4,std,DB1,512,3,encrypt,13.712,7139128,0,0,false,full
UC4,std,DB1,512,3,eval,283.949,52191624,0,0,false,full
UC4,std,DB1,512,3,decrypt,10.601,-2223168,4194304,1,true,full
UC4,label_compact,DB1,512,3,setup,218.091,70571952,0,0,false,full
UC4,label_compact,DB1,512,3,precomp,0.000,0,0,0,false,full
UC4,label_compact,DB1,512,3,encrypt,15.703,12598528,0,0,false,full
UC4,label_compact,DB1,512,3,eval,266.856,44513448,0,0,false,full
UC4,label_compact,DB1,512,3,decrypt,20.751,16676424,7340032,1,true,full
UC4,label_compact_max,DB1,512,3,setup,214.954,56916448,0,0,false,full
UC4,label_compact_max,DB1,512,3,precomp,0.000,0,0,0,false,full
UC4,label_compact_max,DB1,512,3,encrypt,16.587,12598640,0,0,false,full
UC4,label_compact_max,DB1,512,3,eval,403.079,68945920,0,0,false,full
UC4,label_compact_max,DB1,512,3,decrypt,22.684,19297752,10485760,1,true,full
UC4,label_compact_mb,DB1,512,3,setup,209.052,70571856,0,0,false,full
UC4,label_compact_mb,DB1,512,3,precomp,0.000,0,0,0,false,full
UC4,label_compact_mb,DB1,512,3,encrypt,14.831,11968384,0,0,false,full
UC4,label_compact_mb,DB1,512,3,eval,271.806,65273568,0,0,false,full
UC4,label_compact_mb,DB1,512,3,decrypt,20.832,16674616,7340032,1,true,full
UC4,label_cf_scalar,DB1,512,3,setup,11.066,13173808,0,0,false,full
UC4,label_cf_scalar,DB1,512,3,precomp,0.000,0,0,0,false,full
UC4,label_cf_scalar,DB1,512,3,encrypt,30.106,8746160,0,0,false,full
UC4,label_cf_scalar,DB1,512,3,eval,14.031,21134560,0,0,false,full
UC4,label_cf_scalar,DB1,512,3,decrypt,9.293,3940096,4194304,1,true,full
UC4,std,DB1,512,4,setup,244.791,65319072,0,0,false,full
UC4,std,DB1,512,4,precomp,0.000,0,0,0,false,full
UC4,std,DB1,512,4,encrypt,13.157,7139128,0,0,false,full
UC4,std,DB1,512,4,eval,281.122,53244984,0,0,false,full
UC4,std,DB1,512,4,decrypt,9.214,4860792,4194304,1,true,full
UC4,label_compact,DB1,512,4,setup,214.053,72145776,0,0,false,full
UC4,label_compact,DB1,512,4,precomp,0.000,0,0,0,false,full
UC4,label_compact,DB1,512,4,encrypt,15.073,12598624,0,0,false,full
UC4,label_compact,DB1,512,4,eval,266.943,85622832,0,0,false,full
UC4,label_compact,DB1,512,4,decrypt,19.627,-1570448,7340032,1,true,full
UC4,label_compact_max,DB1,512,4,setup,215.222,70571872,0,0,false,full
UC4,label_compact_max,DB1,512,4,precomp,0.000,0,0,0,false,full
UC4,label_compact_max,DB1,512,4,encrypt,14.923,12598400,0,0,false,full
UC4,label_compact_max,DB1,512,4,eval,395.889,90358704,0,0,false,full
UC4,label_compact_max,DB1,512,4,decrypt,22.185,22450688,10485760,1,true,full
UC4,label_compact_mb,DB1,512,4,setup,207.616,51135040,0,0,false,full
UC4,label_compact_mb,DB1,512,4,precomp,0.000,0,0,0,false,full
UC4,label_compact_mb,DB1,512,4,encrypt,15.576,11967504,0,0,false,full
UC4,label_compact_mb,DB1,512,4,eval,263.190,44514104,0,0,false,full
UC4,label_compact_mb,DB1,512,4,decrypt,20.379,-1570464,7340032,1,true,full
UC4,label_cf_scalar,DB1,512,4,setup,10.606,10011816,0,0,false,full
UC4,label_cf_scalar,DB1,512,4,precomp,0.000,0,0,0,false,full
UC4,label_cf_scalar,DB1,512,4,encrypt,29.070,14462712,0,0,false,full
UC4,label_cf_scalar,DB1,512,4,eval,19.284,42284416,0,0,false,full
UC4,label_cf_scalar,DB1,512,4,decrypt,11.035,3936832,4194304,1,true,full
UC4,std,DB1,512,5,setup,250.786,75292944,0,0,false,full
UC4,std,DB1,512,5,precomp,0.000,0,0,0,false,full
UC4,std,DB1,512,5,encrypt,15.179,7139128,0,0,false,full
UC4,std,DB1,512,5,eval,286.413,52191624,0,0,false,full
UC4,std,DB1,512,5,decrypt,10.315,-2226240,4194304,1,true,full
UC4,label_compact,DB1,512,5,setup,215.548,72145888,0,0,false,full
UC4,label_compact,DB1,512,5,precomp,0.001,0,0,0,false,full
UC4,label_compact,DB1,512,5,encrypt,14.819,12598496,0,0,false,full
UC4,label_compact,DB1,512,5,eval,266.810,24150312,0,0,false,full
UC4,label_compact,DB1,512,5,decrypt,18.333,16675624,7340032,1,true,full
UC4,label_compact_max,DB1,512,5,setup,211.538,72145808,0,0,false,full
UC4,label_compact_max,DB1,512,5,precomp,0.001,0,0,0,false,full
UC4,label_compact_max,DB1,512,5,encrypt,15.250,12598704,0,0,false,full
UC4,label_compact_max,DB1,512,5,eval,401.759,68945920,0,0,false,full
UC4,label_compact_max,DB1,512,5,decrypt,24.546,19297752,10485760,1,true,full
UC4,label_compact_mb,DB1,512,5,setup,205.465,61640400,0,0,false,full
UC4,label_compact_mb,DB1,512,5,precomp,0.000,0,0,0,false,full
UC4,label_compact_mb,DB1,512,5,encrypt,15.349,11968368,0,0,false,full
UC4,label_compact_mb,DB1,512,5,eval,262.748,44514328,0,0,false,full
UC4,label_compact_mb,DB1,512,5,decrypt,17.643,16675736,7340032,1,true,full
UC4,label_cf_scalar,DB1,512,5,setup,10.385,9993760,0,0,false,full
UC4,label_cf_scalar,DB1,512,5,precomp,0.000,0,0,0,false,full
UC4,label_cf_scalar,DB1,512,5,encrypt,31.674,8746160,0,0,false,full
UC4,label_cf_scalar,DB1,512,5,eval,14.285,21133888,0,0,false,full
UC4,label_cf_scalar,DB1,512,5,decrypt,9.952,3940096,4194304,1,true,full
UC4,std,DB1,512,6,setup,244.020,70039968,0,0,false,full
UC4,std,DB1,512,6,precomp,0.000,0,0,0,false,full
UC4,std,DB1,512,6,encrypt,13.262,7139128,0,0,false,full
UC4,std,DB1,512,6,eval,281.789,52191400,0,0,false,full
UC4,std,DB1,512,6,decrypt,9.237,-2226320,4194304,1,true,full
UC4,label_compact,DB1,512,6,setup,213.602,70572064,0,0,false,full
UC4,label_compact,DB1,512,6,precomp,0.000,0,0,0,false,full
UC4,label_compact,DB1,512,6,encrypt,16.657,12598384,0,0,false,full
UC4,label_compact,DB1,512,6,eval,258.904,74387912,0,0,false,full
UC4,label_compact,DB1,512,6,decrypt,19.369,-1570464,7340032,1,true,full
UC4,label_compact_max,DB1,512,6,setup,215.122,62169424,0,0,false,full
UC4,label_compact_max,DB1,512,6,precomp,0.001,0,0,0,false,full
UC4,label_compact_max,DB1,512,6,encrypt,17.350,12598368,0,0,false,full
UC4,label_compact_max,DB1,512,6,eval,399.705,26772632,0,0,false,full
UC4,label_compact_max,DB1,512,6,decrypt,24.522,-1832832,10485760,1,true,full
UC4,label_compact_mb,DB1,512,6,setup,210.305,70572080,0,0,false,full
UC4,label_compact_mb,DB1,512,6,precomp,0.001,0,0,0,false,full
UC4,label_compact_mb,DB1,512,6,encrypt,17.709,11967904,0,0,false,full
UC4,label_compact_mb,DB1,512,6,eval,259.755,65273680,0,0,false,full
UC4,label_compact_mb,DB1,512,6,decrypt,19.143,16675736,7340032,1,true,full
UC4,label_cf_scalar,DB1,512,6,setup,12.387,9993536,0,0,false,full
UC4,label_cf_scalar,DB1,512,6,precomp,0.000,0,0,0,false,full
UC4,label_cf_scalar,DB1,512,6,encrypt,28.332,7891480,0,0,false,full
UC4,label_cf_scalar,DB1,512,6,eval,11.728,21134848,0,0,false,full
UC4,label_cf_scalar,DB1,512,6,decrypt,9.906,14971056,4194304,1,true,full
UC4,std,DB1,512,7,setup,253.832,75556632,0,0,false,full
UC4,std,DB1,512,7,precomp,0.000,0,0,0,false,full
UC4,std,DB1,512,7,encrypt,13.192,7139128,0,0,false,full
UC4,std,DB1,512,7,eval,283.151,52191448,0,0,false,full
UC4,std,DB1,512,7,decrypt,9.637,137456,4194304,1,true,full
UC4,label_compact,DB1,512,7,setup,211.863,70572064,0,0,false,full
UC4,label_compact,DB1,512,7,precomp,0.000,0,0,0,false,full
UC4,label_compact,DB1,512,7,encrypt,16.463,12598512,0,0,false,full
UC4,label_compact,DB1,512,7,eval,264.623,44513576,0,0,false,full
UC4,label_compact,DB1,512,7,decrypt,20.667,-1570688,7340032,1,true,full
UC4,label_compact_max,DB1,512,7,setup,215.641,56387472,0,0,false,full
UC4,label_compact_max,DB1,512,7,precomp,0.000,0,0,0,false,full
UC4,label_compact_max,DB1,512,7,encrypt,17.251,12598336,0,0,false,full
UC4,label_compact_max,DB1,512,7,eval,406.649,48169320,0,0,false,full
UC4,label_compact_max,DB1,512,7,decrypt,23.034,19298088,10485760,1,true,full
UC4,label_compact_mb,DB1,512,7,setup,214.286,72410264,0,0,false,full
UC4,label_compact_mb,DB1,512,7,precomp,0.000,0,0,0,false,full
UC4,label_compact_mb,DB1,512,7,encrypt,14.738,11967120,0,0,false,full
UC4,label_compact_mb,DB1,512,7,eval,262.621,65273792,0,0,false,full
UC4,label_compact_mb,DB1,512,7,decrypt,19.440,16676408,7340032,1,true,full
UC4,label_cf_scalar,DB1,512,7,setup,11.722,5508784,0,0,false,full
UC4,label_cf_scalar,DB1,512,7,precomp,0.000,0,0,0,false,full
UC4,label_cf_scalar,DB1,512,7,encrypt,27.691,14462712,0,0,false,full
UC4,label_cf_scalar,DB1,512,7,eval,16.147,42284496,0,0,false,full
UC4,label_cf_scalar,DB1,512,7,decrypt,10.468,14971168,4194304,1,true,full
UC4,std,DB1,512,8,setup,244.940,68465664,0,0,false,full
UC4,std,DB1,512,8,precomp,0.000,0,0,0,false,full
UC4,std,DB1,512,8,encrypt,13.341,7139128,0,0,false,full
UC4,std,DB1,512,8,eval,282.535,54298568,0,0,false,full
UC4,std,DB1,512,8,decrypt,8.773,6309192,4194304,1,true,full
UC4,label_compact,DB1,512,8,setup,216.350,72410472,0,0,false,full
UC4,label_compact,DB1,512,8,precomp,0.000,0,0,0,false,full
UC4,label_compact,DB1,512,8,encrypt,14.728,12598432,0,0,false,full
UC4,label_compact,DB1,512,8,eval,267.046,65274560,0,0,false,full
UC4,label_compact,DB1,512,8,decrypt,18.442,-1570576,7340032,1,true,full
UC4,label_compact_max,DB1,512,8,setup,213.586,51134608,0,0,false,full
UC4,label_compact_max,DB1,512,8,precomp,0.000,0,0,0,false,full
UC4,label_compact_max,DB1,512,8,encrypt,16.146,12598592,0,0,false,full
UC4,label_compact_max,DB1,512,8,eval,397.246,90358592,0,0,false,full
UC4,label_compact_max,DB1,512,8,decrypt,24.417,-1832384,10485760,1,true,full
UC4,label_compact_mb,DB1,512,8,setup,216.308,56387456,0,0,false,full
UC4,label_compact_mb,DB1,512,8,precomp,0.000,0,0,0,false,full
UC4,label_compact_mb,DB1,512,8,encrypt,16.870,11968480,0,0,false,full
UC4,label_compact_mb,DB1,512,8,eval,268.838,85637584,0,0,false,full
UC4,label_compact_mb,DB1,512,8,decrypt,20.215,-1567200,7340032,1,true,full
UC4,label_cf_scalar,DB1,512,8,setup,10.593,5508784,0,0,false,full
UC4,label_cf_scalar,DB1,512,8,precomp,0.000,0,0,0,false,full
UC4,label_cf_scalar,DB1,512,8,encrypt,29.531,14462712,0,0,false,full
UC4,label_cf_scalar,DB1,512,8,eval,12.812,21133904,0,0,false,full
UC4,label_cf_scalar,DB1,512,8,decrypt,8.046,14967920,4194304,1,true,full
UC4,std,DB1,512,9,setup,243.974,68465664,0,0,false,full
UC4,std,DB1,512,9,precomp,0.000,0,0,0,false,full
UC4,std,DB1,512,9,encrypt,14.320,7139128,0,0,false,full
UC4,std,DB1,512,9,eval,286.131,54298568,0,0,false,full
UC4,std,DB1,512,9,decrypt,7.693,6306136,4194304,1,true,full
UC4,label_compact,DB1,512,9,setup,213.146,72410248,0,0,false,full
UC4,label_compact,DB1,512,9,precomp,0.000,0,0,0,false,full
UC4,label_compact,DB1,512,9,encrypt,14.913,12598304,0,0,false,full
UC4,label_compact,DB1,512,9,eval,267.467,65262016,0,0,false,full
UC4,label_compact,DB1,512,9,decrypt,20.245,15624976,7340032,1,true,full
UC4,label_compact_max,DB1,512,9,setup,217.721,51134720,0,0,false,full
UC4,label_compact_max,DB1,512,9,precomp,0.000,0,0,0,false,full
UC4,label_compact_max,DB1,512,9,encrypt,16.330,12598544,0,0,false,full
UC4,label_compact_max,DB1,512,9,eval,408.868,26771592,0,0,false,full
UC4,label_compact_max,DB1,512,9,decrypt,23.296,-253144,10485760,1,true,full
UC4,label_compact_mb,DB1,512,9,setup,214.006,51134816,0,0,false,full
UC4,label_compact_mb,DB1,512,9,precomp,0.000,0,0,0,false,full
UC4,label_compact_mb,DB1,512,9,encrypt,17.564,11967552,0,0,false,full
UC4,label_compact_mb,DB1,512,9,eval,268.757,65273696,0,0,false,full
UC4,label_compact_mb,DB1,512,9,decrypt,17.400,16675512,7340032,1,true,full
UC4,label_cf_scalar,DB1,512,9,setup,10.948,5508784,0,0,false,full
UC4,label_cf_scalar,DB1,512,9,precomp,0.000,0,0,0,false,full
UC4,label_cf_scalar,DB1,512,9,encrypt,29.041,7891480,0,0,false,full
UC4,label_cf_scalar,DB1,512,9,eval,15.390,21134560,0,0,false,full
UC4,label_cf_scalar,DB1,512,9,decrypt,9.258,14971056,4194304,1,true,full
UC4,std,DB1,512,10,setup,246.025,65318960,0,0,false,full
UC4,std,DB1,512,10,precomp,0.000,0,0,0,false,full
UC4,std,DB1,512,10,encrypt,13.478,7139128,0,0,false,full
UC4,std,DB1,512,10,eval,282.281,53245160,0,0,false,full
UC4,std,DB1,512,10,decrypt,7.898,6305944,4194304,1,true,full
UC4,label_compact,DB1,512,10,setup,210.987,72410248,0,0,false,full
UC4,label_compact,DB1,512,10,precomp,0.000,0,0,0,false,full
UC4,label_compact,DB1,512,10,encrypt,14.969,12598368,0,0,false,full
UC4,label_compact,DB1,512,10,eval,260.595,65274448,0,0,false,full
UC4,label_compact,DB1,512,10,decrypt,20.581,1322144,7340032,1,true,full
UC4,label_compact_max,DB1,512,10,setup,215.926,51267560,0,0,false,full
UC4,label_compact_max,DB1,512,10,precomp,0.000,0,0,0,false,full
UC4,label_compact_max,DB1,512,10,encrypt,16.155,12598624,0,0,false,full
UC4,label_compact_max,DB1,512,10,eval,401.679,48184248,0,0,false,full
UC4,label_compact_max,DB1,512,10,decrypt,23.347,19297864,10485760,1,true,full
UC4,label_compact_mb,DB1,512,10,setup,217.617,51399656,0,0,false,full
UC4,label_compact_mb,DB1,512,10,precomp,0.000,0,0,0,false,full
UC4,label_compact_mb,DB1,512,10,encrypt,18.449,11967248,0,0,false,full
UC4,label_compact_mb,DB1,512,10,eval,262.187,24150424,0,0,false,full
UC4,label_compact_mb,DB1,512,10,decrypt,18.995,19303840,7340032,1,true,full
UC4,label_cf_scalar,DB1,512,10,setup,10.445,10010792,0,0,false,full
UC4,label_cf_scalar,DB1,512,10,precomp,0.000,0,0,0,false,full
UC4,label_cf_scalar,DB1,512,10,encrypt,26.726,7891480,0,0,false,full
UC4,label_cf_scalar,DB1,512,10,eval,15.555,21133904,0,0,false,full
UC4,label_cf_scalar,DB1,512,10,decrypt,11.010,3940096,4194304,1,true,full
UC4,std,DB1,512,11,setup,247.122,70303976,0,0,false,full
UC4,std,DB1,512,11,precomp,0.001,0,0,0,false,full
UC4,std,DB1,512,11,encrypt,14.250,7139128,0,0,false,full
UC4,std,DB1,512,11,eval,282.875,54298568,0,0,false,full
UC4,std,DB1,512,11,decrypt,8.360,4860792,4194304,1,true,full
UC4,label_compact,DB1,512,11,setup,214.156,72145664,0,0,false,full
UC4,label_compact,DB1,512,11,precomp,0.001,0,0,0,false,full
UC4,label_compact,DB1,512,11,encrypt,16.282,12598336,0,0,false,full
UC4,label_compact,DB1,512,11,eval,264.045,24166200,0,0,false,full
UC4,label_compact,DB1,512,11,decrypt,18.968,16675736,7340032,1,true,full
UC4,label_compact_max,DB1,512,11,setup,213.051,70571872,0,0,false,full
UC4,label_compact_max,DB1,512,11,precomp,0.000,0,0,0,false,full
UC4,label_compact_max,DB1,512,11,encrypt,15.104,12598432,0,0,false,full
UC4,label_compact_max,DB1,512,11,eval,407.654,26771576,0,0,false,full
UC4,label_compact_max,DB1,512,11,decrypt,25.739,-1832384,10485760,1,true,full
UC4,label_compact_mb,DB1,512,11,setup,218.492,61640272,0,0,false,full
UC4,label_compact_mb,DB1,512,11,precomp,0.000,0,0,0,false,full
UC4,label_compact_mb,DB1,512,11,encrypt,16.202,11968544,0,0,false,full
UC4,label_compact_mb,DB1,512,11,eval,262.956,44498632,0,0,false,full
UC4,label_compact_mb,DB1,512,11,decrypt,19.718,16675624,7340032,1,true,full
UC4,label_cf_scalar,DB1,512,11,setup,12.297,5511776,0,0,false,full
UC4,label_cf_scalar,DB1,512,11,precomp,0.000,0,0,0,false,full
UC4,label_cf_scalar,DB1,512,11,encrypt,28.874,7891480,0,0,false,full
UC4,label_cf_scalar,DB1,512,11,eval,16.465,21134672,0,0,false,full
UC4,label_cf_scalar,DB1,512,11,decrypt,9.628,3936048,4194304,1,true,full
UC4,std,DB1,512,12,setup,239.898,65318960,0,0,false,full
UC4,std,DB1,512,12,precomp,0.000,0,0,0,false,full
UC4,std,DB1,512,12,encrypt,15.234,7139128,0,0,false,full
UC4,std,DB1,512,12,eval,289.554,53245160,0,0,false,full
UC4,std,DB1,512,12,decrypt,9.134,4860792,4194304,1,true,full
UC4,label_compact,DB1,512,12,setup,213.015,56387440,0,0,false,full
UC4,label_compact,DB1,512,12,precomp,0.000,0,0,0,false,full
UC4,label_compact,DB1,512,12,encrypt,16.800,12598496,0,0,false,full
UC4,label_compact,DB1,512,12,eval,262.702,65273904,0,0,false,full
UC4,label_compact,DB1,512,12,decrypt,18.315,16675848,7340032,1,true,full
UC4,label_compact_max,DB1,512,12,setup,212.109,72145696,0,0,false,full
UC4,label_compact_max,DB1,512,12,precomp,0.000,0,0,0,false,full
UC4,label_compact_max,DB1,512,12,encrypt,15.525,12598560,0,0,false,full
UC4,label_compact_max,DB1,512,12,eval,405.157,48176008,0,0,false,full
UC4,label_compact_max,DB1,512,12,decrypt,23.322,-1832272,10485760,1,true,full
UC4,label_compact_mb,DB1,512,12,setup,218.860,70571808,0,0,false,full
UC4,label_compact_mb,DB1,512,12,precomp,0.000,0,0,0,false,full
UC4,label_compact_mb,DB1,512,12,encrypt,17.150,11968592,0,0,false,full
UC4,label_compact_mb,DB1,512,12,eval,266.245,65273680,0,0,false,full
UC4,label_compact_mb,DB1,512,12,decrypt,18.674,16675960,7340032,1,true,full
UC4,label_cf_scalar,DB1,512,12,setup,12.269,5511776,0,0,false,full
UC4,label_cf_scalar,DB1,512,12,precomp,0.000,0,0,0,false,full
UC4,label_cf_scalar,DB1,512,12,encrypt,29.685,7891480,0,0,false,full
UC4,label_cf_scalar,DB1,512,12,eval,16.665,42284416,0,0,false,full
UC4,label_cf_scalar,DB1,512,12,decrypt,8.925,3936832,4194304,1,true,full
UC4,std,DB1,512,13,setup,245.724,70039696,0,0,false,full
UC4,std,DB1,512,13,precomp,0.000,0,0,0,false,full
UC4,std,DB1,512,13,encrypt,14.425,7139128,0,0,false,full
UC4,std,DB1,512,13,eval,284.179,52191624,0,0,false,full
UC4,std,DB1,512,13,decrypt,10.051,-2226240,4194304,1,true,full
UC4,label_compact,DB1,512,13,setup,215.611,67425248,0,0,false,full
UC4,label_compact,DB1,512,13,precomp,0.000,0,0,0,false,full
UC4,label_compact,DB1,512,13,encrypt,15.154,12598640,0,0,false,full
UC4,label_compact,DB1,512,13,eval,258.123,44513448,0,0,false,full
UC4,label_compact,DB1,512,13,decrypt,20.055,16675176,7340032,1,true,full
UC4,label_compact_max,DB1,512,13,setup,212.576,70572208,0,0,false,full
UC4,label_compact_max,DB1,512,13,precomp,0.000,0,0,0,false,full
UC4,label_compact_max,DB1,512,13,encrypt,14.964,12598240,0,0,false,full
UC4,label_compact_max,DB1,512,13,eval,397.627,68946576,0,0,false,full
UC4,label_compact_max,DB1,512,13,decrypt,21.907,-1832608,10485760,1,true,full
UC4,label_compact_mb,DB1,512,13,setup,214.854,72145744,0,0,false,full
UC4,label_compact_mb,DB1,512,13,precomp,0.000,0,0,0,false,full
UC4,label_compact_mb,DB1,512,13,encrypt,14.620,11968272,0,0,false,full
UC4,label_compact_mb,DB1,512,13,eval,263.138,24150600,0,0,false,full
UC4,label_compact_mb,DB1,512,13,decrypt,20.618,16676296,7340032,1,true,full
UC4,label_cf_scalar,DB1,512,13,setup,11.361,10010792,0,0,false,full
UC4,label_cf_scalar,DB1,512,13,precomp,0.000,0,0,0,false,full
UC4,label_cf_scalar,DB1,512,13,encrypt,28.251,7891480,0,0,false,full
UC4,label_cf_scalar,DB1,512,13,eval,17.902,21133904,0,0,false,full
UC4,label_cf_scalar,DB1,512,13,decrypt,9.863,14971168,4194304,1,true,full
UC4,std,DB1,512,14,setup,248.135,73718528,0,0,false,full
UC4,std,DB1,512,14,precomp,0.000,0,0,0,false,full
UC4,std,DB1,512,14,encrypt,14.039,7139128,0,0,false,full
UC4,std,DB1,512,14,eval,283.223,55352104,0,0,false,full
UC4,std,DB1,512,14,decrypt,9.970,-2226320,4194304,1,true,full
UC4,label_compact,DB1,512,14,setup,213.613,51134800,0,0,false,full
UC4,label_compact,DB1,512,14,precomp,0.000,0,0,0,false,full
UC4,label_compact,DB1,512,14,encrypt,16.693,12598464,0,0,false,full
UC4,label_compact,DB1,512,14,eval,265.129,44513672,0,0,false,full
UC4,label_compact,DB1,512,14,decrypt,19.075,-1570688,7340032,1,true,full
UC4,label_compact_max,DB1,512,14,setup,216.281,51134720,0,0,false,full
UC4,label_compact_max,DB1,512,14,precomp,0.000,0,0,0,false,full
UC4,label_compact_max,DB1,512,14,encrypt,16.353,12598320,0,0,false,full
UC4,label_compact_max,DB1,512,14,eval,398.394,68946032,0,0,false,full
UC4,label_compact_max,DB1,512,14,decrypt,24.386,-1832272,10485760,1,true,full
UC4,label_compact_mb,DB1,512,14,setup,213.538,72145744,0,0,false,full
UC4,label_compact_mb,DB1,512,14,precomp,0.000,0,0,0,false,full
UC4,label_compact_mb,DB1,512,14,encrypt,15.987,11968784,0,0,false,full
UC4,label_compact_mb,DB1,512,14,eval,276.122,65274224,0,0,false,full
UC4,label_compact_mb,DB1,512,14,decrypt,19.655,6571648,7340032,1,true,full
UC4,label_cf_scalar,DB1,512,14,setup,13.218,5508896,0,0,false,full
UC4,label_cf_scalar,DB1,512,14,precomp,0.000,0,0,0,false,full
UC4,label_cf_scalar,DB1,512,14,encrypt,28.458,14462712,0,0,false,full
UC4,label_cf_scalar,DB1,512,14,eval,16.701,42269472,0,0,false,full
UC4,label_cf_scalar,DB1,512,14,decrypt,9.907,3935728,4194304,1,true,full
UC4,std,DB1,512,15,setup,239.618,65318960,0,0,false,full
UC4,std,DB1,512,15,precomp,0.000,0,0,0,false,full
UC4,std,DB1,512,15,encrypt,13.457,7139128,0,0,false,full
UC4,std,DB1,512,15,eval,281.987,53245160,0,0,false,full
UC4,std,DB1,512,15,decrypt,9.672,4860792,4194304,1,true,full
UC4,label_compact,DB1,512,15,setup,214.586,72410248,0,0,false,full
UC4,label_compact,DB1,512,15,precomp,0.000,0,0,0,false,full
UC4,label_compact,DB1,512,15,encrypt,14.705,12598352,0,0,false,full
UC4,label_compact,DB1,512,15,eval,262.195,57911424,0,0,false,full
UC4,label_compact,DB1,512,15,decrypt,20.760,-253656,7340032,1,true,full
UC4,label_compact_max,DB1,512,15,setup,210.626,56916464,0,0,false,full
UC4,label_compact_max,DB1,512,15,precomp,0.000,0,0,0,false,full
UC4,label_compact_max,DB1,512,15,encrypt,15.170,12598576,0,0,false,full
UC4,label_compact_max,DB1,512,15,eval,406.278,48184360,0,0,false,full
UC4,label_compact_max,DB1,512,15,decrypt,23.809,5258064,10485760,1,true,full
UC4,label_compact_mb,DB1,512,15,setup,208.597,67157368,0,0,false,full
UC4,label_compact_mb,DB1,512,15,precomp,0.001,0,0,0,false,full
UC4,label_compact_mb,DB1,512,15,encrypt,15.072,11968688,0,0,false,full
UC4,label_compact_mb,DB1,512,15,eval,268.427,85637472,0,0,false,full
UC4,label_compact_mb,DB1,512,15,decrypt,18.530,-1571248,7340032,1,true,full
UC4,label_cf_scalar,DB1,512,15,setup,10.946,5511664,0,0,false,full
UC4,label_cf_scalar,DB1,512,15,precomp,0.000,0,0,0,false,full
UC4,label_cf_scalar,DB1,512,15,encrypt,29.672,14462712,0,0,false,full
UC4,label_cf_scalar,DB1,512,15,eval,11.816,59447888,0,0,false,full
UC4,label_cf_scalar,DB1,512,15,decrypt,8.891,3936832,4194304,1,true,full
UC4,std,DB1,512,16,setup,247.872,54545176,0,0,false,full
UC4,std,DB1,512,16,precomp,0.000,0,0,0,false,full
UC4,std,DB1,512,16,encrypt,14.921,7139128,0,0,false,full
UC4,std,DB1,512,16,eval,283.392,52191448,0,0,false,full
UC4,std,DB1,512,16,decrypt,10.449,6306136,4194304,1,true,full
UC4,label_compact,DB1,512,16,setup,211.081,72146000,0,0,false,full
UC4,label_compact,DB1,512,16,precomp,0.000,0,0,0,false,full
UC4,label_compact,DB1,512,16,encrypt,14.814,12598576,0,0,false,full
UC4,label_compact,DB1,512,16,eval,264.390,85637584,0,0,false,full
UC4,label_compact,DB1,512,16,decrypt,18.723,16675848,7340032,1,true,full
UC4,label_compact_max,DB1,512,16,setup,219.172,51666576,0,0,false,full
UC4,label_compact_max,DB1,512,16,precomp,0.000,0,0,0,false,full
UC4,label_compact_max,DB1,512,16,encrypt,16.018,12598544,0,0,false,full
UC4,label_compact_max,DB1,512,16,eval,401.972,68946688,0,0,false,full
UC4,label_compact_max,DB1,512,16,decrypt,22.043,19297640,10485760,1,true,full
UC4,label_compact_mb,DB1,512,16,setup,208.871,70571808,0,0,false,full
UC4,label_compact_mb,DB1,512,16,precomp,0.000,0,0,0,false,full
UC4,label_compact_mb,DB1,512,16,encrypt,14.823,11968624,0,0,false,full
UC4,label_compact_mb,DB1,512,16,eval,260.686,85637472,0,0,false,full
UC4,label_compact_mb,DB1,512,16,decrypt,19.244,16675624,7340032,1,true,full
UC4,label_cf_scalar,DB1,512,16,setup,11.336,10010792,0,0,false,full
UC4,label_cf_scalar,DB1,512,16,precomp,0.000,0,0,0,false,full
UC4,label_cf_scalar,DB1,512,16,encrypt,25.788,7891480,0,0,false,full
UC4,label_cf_scalar,DB1,512,16,eval,16.325,42276272,0,0,false,full
UC4,label_cf_scalar,DB1,512,16,decrypt,9.783,3940096,4194304,1,true,full
UC4,std,DB1,512,17,setup,243.954,75292720,0,0,false,full
UC4,std,DB1,512,17,precomp,0.000,0,0,0,false,full
UC4,std,DB1,512,17,encrypt,14.232,7139128,0,0,false,full
UC4,std,DB1,512,17,eval,283.983,52191624,0,0,false,full
UC4,std,DB1,512,17,decrypt,9.942,-2226432,4194304,1,true,full
UC4,label_compact,DB1,512,17,setup,211.084,72145888,0,0,false,full
UC4,label_compact,DB1,512,17,precomp,0.000,0,0,0,false,full
UC4,label_compact,DB1,512,17,encrypt,17.358,12598304,0,0,false,full
UC4,label_compact,DB1,512,17,eval,268.911,24149656,0,0,false,full
UC4,label_compact,DB1,512,17,decrypt,17.542,16675624,7340032,1,true,full
UC4,label_compact_max,DB1,512,17,setup,213.351,72145696,0,0,false,full
UC4,label_compact_max,DB1,512,17,precomp,0.000,0,0,0,false,full
UC4,label_compact_max,DB1,512,17,encrypt,16.070,12598272,0,0,false,full
UC4,label_compact_max,DB1,512,17,eval,401.869,90358592,0,0,false,full
UC4,label_compact_max,DB1,512,17,decrypt,22.545,-1832272,10485760,1,true,full
UC4,label_compact_mb,DB1,512,17,setup,211.655,51398776,0,0,false,full
UC4,label_compact_mb,DB1,512,17,precomp,0.001,0,0,0,false,full
UC4,label_compact_mb,DB1,512,17,encrypt,15.546,11970544,0,0,false,full
UC4,label_compact_mb,DB1,512,17,eval,264.419,65273680,0,0,false,full
UC4,label_compact_mb,DB1,512,17,decrypt,19.791,6572208,7340032,1,true,full
UC4,label_cf_scalar,DB1,512,17,setup,11.833,5508784,0,0,false,full
UC4,label_cf_scalar,DB1,512,17,precomp,0.000,0,0,0,false,full
UC4,label_cf_scalar,DB1,512,17,encrypt,29.403,14462728,0,0,false,full
UC4,label_cf_scalar,DB1,512,17,eval,13.147,21133904,0,0,false,full
UC4,label_cf_scalar,DB1,512,17,decrypt,9.141,14966912,4194304,1,true,full
UC4,std,DB1,512,18,setup,248.381,65318976,0,0,false,full
UC4,std,DB1,512,18,precomp,0.000,0,0,0,false,full
UC4,std,DB1,512,18,encrypt,13.250,7139128,0,0,false,full
UC4,std,DB1,512,18,eval,284.486,53244984,0,0,false,full
UC4,std,DB1,512,18,decrypt,8.274,6309192,4194304,1,true,full
UC4,label_compact,DB1,512,18,setup,216.281,72145664,0,0,false,full
UC4,label_compact,DB1,512,18,precomp,0.000,0,0,0,false,full
UC4,label_compact,DB1,512,18,encrypt,15.192,12598512,0,0,false,full
UC4,label_compact,DB1,512,18,eval,265.387,44514600,0,0,false,full
UC4,label_compact,DB1,512,18,decrypt,19.431,16675960,7340032,1,true,full
UC4,label_compact_max,DB1,512,18,setup,214.816,72145904,0,0,false,full
UC4,label_compact_max,DB1,512,18,precomp,0.000,0,0,0,false,full
UC4,label_compact_max,DB1,512,18,encrypt,15.299,12598512,0,0,false,full
UC4,label_compact_max,DB1,512,18,eval,407.445,61583776,0,0,false,full
UC4,label_compact_max,DB1,512,18,decrypt,25.416,-1832608,10485760,1,true,full
UC4,label_compact_mb,DB1,512,18,setup,213.554,51134656,0,0,false,full
UC4,label_compact_mb,DB1,512,18,precomp,0.001,0,0,0,false,full
UC4,label_compact_mb,DB1,512,18,encrypt,15.516,11968192,0,0,false,full
UC4,label_compact_mb,DB1,512,18,eval,258.860,52098600,0,0,false,full
UC4,label_compact_mb,DB1,512,18,decrypt,18.530,-1570464,7340032,1,true,full
UC4,label_cf_scalar,DB1,512,18,setup,11.341,5508784,0,0,false,full
UC4,label_cf_scalar,DB1,512,18,precomp,0.000,0,0,0,false,full
UC4,label_cf_scalar,DB1,512,18,encrypt,29.294,14462728,0,0,false,full
UC4,label_cf_scalar,DB1,512,18,eval,13.242,21125872,0,0,false,full
UC4,label_cf_scalar,DB1,512,18,decrypt,10.531,14967584,4194304,1,true,full
UC4,std,DB1,512,19,setup,244.195,70304344,0,0,false,full
UC4,std,DB1,512,19,precomp,0.000,0,0,0,false,full
UC4,std,DB1,512,19,encrypt,13.618,7139128,0,0,false,full
UC4,std,DB1,512,19,eval,283.353,54298744,0,0,false,full
UC4,std,DB1,512,19,decrypt,8.300,137008,4194304,1,true,full
UC4,label_compact,DB1,512,19,setup,213.074,70572064,0,0,false,full
UC4,label_compact,DB1,512,19,precomp,0.000,0,0,0,false,full
UC4,label_compact,DB1,512,19,encrypt,15.343,12598544,0,0,false,full
UC4,label_compact,DB1,512,19,eval,257.639,66513864,0,0,false,full
UC4,label_compact,DB1,512,19,decrypt,20.183,-1570352,7340032,1,true,full
UC4,label_compact_max,DB1,512,19,setup,217.500,51134608,0,0,false,full
UC4,label_compact_max,DB1,512,19,precomp,0.001,0,0,0,false,full
UC4,label_compact_max,DB1,512,19,encrypt,16.537,12598288,0,0,false,full
UC4,label_compact_max,DB1,512,19,eval,405.987,26772344,0,0,false,full
UC4,label_compact_max,DB1,512,19,decrypt,22.594,22450688,10485760,1,true,full
UC4,label_compact_mb,DB1,512,19,setup,212.759,51134656,0,0,false,full
UC4,label_compact_mb,DB1,512,19,precomp,0.000,0,0,0,false,full
UC4,label_compact_mb,DB1,512,19,encrypt,16.442,11968192,0,0,false,full
UC4,label_compact_mb,DB1,512,19,eval,269.868,24149656,0,0,false,full
UC4,label_compact_mb,DB1,512,19,decrypt,19.448,-1567088,7340032,1,true,full
UC4,label_cf_scalar,DB1,512,19,setup,12.454,5511776,0,0,false,full
UC4,label_cf_scalar,DB1,512,19,precomp,0.000,0,0,0,false,full
UC4,label_cf_scalar,DB1,512,19,encrypt,28.800,7891480,0,0,false,full
UC4,label_cf_scalar,DB1,512,19,eval,15.180,21133888,0,0,false,full
UC4,label_cf_scalar,DB1,512,19,decrypt,8.310,14971056,4194304,1,true,full
UC4,std,DB1,512,20,setup,242.321,70304344,0,0,false,full
UC4,std,DB1,512,20,precomp,0.000,0,0,0,false,full
UC4,std,DB1,512,20,encrypt,13.836,7139128,0,0,false,full
UC4,std,DB1,512,20,eval,282.275,54298616,0,0,false,full
UC4,std,DB1,512,20,decrypt,7.975,6306136,4194304,1,true,full
UC4,label_compact,DB1,512,20,setup,211.437,70571840,0,0,false,full
UC4,label_compact,DB1,512,20,precomp,0.000,0,0,0,false,full
UC4,label_compact,DB1,512,20,encrypt,14.741,12598224,0,0,false,full
UC4,label_compact,DB1,512,20,eval,263.464,24142600,0,0,false,full
UC4,label_compact,DB1,512,20,decrypt,19.526,-1570352,7340032,1,true,full
UC4,label_compact_max,DB1,512,20,setup,212.841,70571984,0,0,false,full
UC4,label_compact_max,DB1,512,20,precomp,0.000,0,0,0,false,full
UC4,label_compact_max,DB1,512,20,encrypt,15.622,12598448,0,0,false,full
UC4,label_compact_max,DB1,512,20,eval,403.871,26771576,0,0,false,full
UC4,label_compact_max,DB1,512,20,decrypt,21.765,19297416,10485760,1,true,full
UC4,label_compact_mb,DB1,512,20,setup,213.368,67425216,0,0,false,full
UC4,label_compact_mb,DB1,512,20,precomp,0.000,0,0,0,false,full
UC4,label_compact_mb,DB1,512,20,encrypt,15.787,11969440,0,0,false,full
UC4,label_compact_mb,DB1,512,20,eval,267.576,65274336,0,0,false,full
UC4,label_compact_mb,DB1,512,20,decrypt,18.648,19303840,7340032,1,true,full
UC4,label_cf_scalar,DB1,512,20,setup,11.774,5511776,0,0,false,full
UC4,label_cf_scalar,DB1,512,20,precomp,0.000,0,0,0,false,full
UC4,label_cf_scalar,DB1,512,20,encrypt,31.091,7891608,0,0,false,full
UC4,label_cf_scalar,DB1,512,20,eval,16.845,42269472,0,0,false,full
UC4,label_cf_scalar,DB1,512,20,decrypt,9.502,3936832,4194304,1,true,full
UC4,std,DB2,100000,1,setup,247.059,73718464,0,0,false,full
UC4,std,DB2,100000,1,precomp,0.000,0,0,0,false,full
UC4,std,DB2,100000,1,encrypt,90.939,26251768,0,0,false,full
UC4,std,DB2,100000,1,eval,1933.093,38766888,0,0,false,full
UC4,std,DB2,100000,1,decrypt,8.142,4860344,4194304,1,true,full
UC4,label_compact,DB2,100000,1,setup,207.083,56916032,0,0,false,full
UC4,label_compact,DB2,100000,1,precomp,0.000,0,0,0,false,full
UC4,label_compact,DB2,100000,1,encrypt,115.504,50932008,0,0,false,full
UC4,label_compact,DB2,100000,1,eval,1738.155,145644008,0,0,false,full
UC4,label_compact,DB2,100000,1,decrypt,107.391,-19135480,45088768,1,true,full
UC4,label_compact_max,DB2,100000,1,setup,210.683,67425280,0,0,false,full
UC4,label_compact_max,DB2,100000,1,precomp,0.000,0,0,0,false,full
UC4,label_compact_max,DB2,100000,1,encrypt,113.700,50932056,0,0,false,full
UC4,label_compact_max,DB2,100000,1,eval,2663.186,115533632,0,0,false,full
UC4,label_compact_max,DB2,100000,1,decrypt,129.910,24289192,60817408,1,true,full
UC4,label_compact_mb,DB2,100000,1,setup,209.412,56919536,0,0,false,full
UC4,label_compact_mb,DB2,100000,1,precomp,0.000,0,0,0,false,full
UC4,label_compact_mb,DB2,100000,1,encrypt,118.208,49510408,0,0,false,full
UC4,label_compact_mb,DB2,100000,1,eval,1733.120,104520128,0,0,false,full
UC4,label_compact_mb,DB2,100000,1,decrypt,105.160,21142120,45088768,1,true,full
UC4,label_cf_scalar,DB2,100000,1,setup,10.652,13173584,0,0,false,full
UC4,label_cf_scalar,DB2,100000,1,precomp,0.000,0,0,0,false,full
UC4,label_cf_scalar,DB2,100000,1,encrypt,193.153,50053584,0,0,false,full
UC4,label_cf_scalar,DB2,100000,1,eval,65.393,80049392,0,0,false,full
UC4,label_cf_scalar,DB2,100000,1,decrypt,9.796,22324096,4194304,1,true,full
UC4,std,DB2,100000,2,setup,241.779,60063344,0,0,false,full
UC4,std,DB2,100000,2,precomp,0.000,0,0,0,false,full
UC4,std,DB2,100000,2,encrypt,94.405,26251768,0,0,false,full
UC4,std,DB2,100000,2,eval,1927.010,39820456,0,0,false,full
UC4,std,DB2,100000,2,decrypt,9.013,4860344,4194304,1,true,full
UC4,label_compact,DB2,100000,2,setup,209.122,72409944,0,0,false,full
UC4,label_compact,DB2,100000,2,precomp,0.000,0,0,0,false,full
UC4,label_compact,DB2,100000,2,encrypt,112.167,50932376,0,0,false,full
UC4,label_compact,DB2,100000,2,eval,1731.314,114962344,0,0,false,full
UC4,label_compact,DB2,100000,2,decrypt,108.396,-17560144,45088768,1,true,full
UC4,label_compact_max,DB2,100000,2,setup,216.252,67425168,0,0,false,full
UC4,label_compact_max,DB2,100000,2,precomp,0.000,0,0,0,false,full
UC4,label_compact_max,DB2,100000,2,encrypt,115.789,50932088,0,0,false,full
UC4,label_compact_max,DB2,100000,2,eval,2645.294,73359480,0,0,false,full
UC4,label_compact_max,DB2,100000,2,decrypt,127.475,24289192,60817408,1,true,full
UC4,label_compact_mb,DB2,100000,2,setup,207.785,72146112,0,0,false,full
UC4,label_compact_mb,DB2,100000,2,precomp,0.000,0,0,0,false,full
UC4,label_compact_mb,DB2,100000,2,encrypt,119.557,49508968,0,0,false,full
UC4,label_compact_mb,DB2,100000,2,eval,1719.261,63396952,0,0,false,full
UC4,label_compact_mb,DB2,100000,2,decrypt,110.583,19303952,45088768,1,true,full
UC4,label_cf_scalar,DB2,100000,2,setup,12.197,13141200,0,0,false,full
UC4,label_cf_scalar,DB2,100000,2,precomp,0.000,0,0,0,false,full
UC4,label_cf_scalar,DB2,100000,2,encrypt,197.572,39707392,0,0,false,full
UC4,label_cf_scalar,DB2,100000,2,eval,63.620,33726912,0,0,false,full
UC4,label_cf_scalar,DB2,100000,2,decrypt,8.940,22324096,4194304,1,true,full
UC4,std,DB2,100000,3,setup,240.762,60062880,0,0,false,full
UC4,std,DB2,100000,3,precomp,0.001,0,0,0,false,full
UC4,std,DB2,100000,3,encrypt,94.449,26251768,0,0,false,full
UC4,std,DB2,100000,3,eval,1918.579,38766904,0,0,false,full
UC4,std,DB2,100000,3,decrypt,8.948,4860344,4194304,1,true,full
UC4,label_compact,DB2,100000,3,setup,203.891,56915840,0,0,false,full
UC4,label_compact,DB2,100000,3,precomp,0.000,0,0,0,false,full
UC4,label_compact,DB2,100000,3,encrypt,115.188,50932312,0,0,false,full
UC4,label_compact,DB2,100000,3,eval,1718.547,125268424,0,0,false,full
UC4,label_compact,DB2,100000,3,decrypt,109.656,34403408,45088768,1,true,full
UC4,label_compact_max,DB2,100000,3,setup,216.478,56919552,0,0,false,full
UC4,label_compact_max,DB2,100000,3,precomp,0.000,0,0,0,false,full
UC4,label_compact_max,DB2,100000,3,encrypt,114.252,50932040,0,0,false,full
UC4,label_compact_max,DB2,100000,3,eval,2652.147,136296024,0,0,false,full
UC4,label_compact_max,DB2,100000,3,decrypt,129.578,34132952,60817408,1,true,full
UC4,label_compact_mb,DB2,100000,3,setup,214.057,72145792,0,0,false,full
UC4,label_compact_mb,DB2,100000,3,precomp,0.000,0,0,0,false,full
UC4,label_compact_mb,DB2,100000,3,encrypt,117.914,49509768,0,0,false,full
UC4,label_compact_mb,DB2,100000,3,eval,1725.002,84156528,0,0,false,full
UC4,label_compact_mb,DB2,100000,3,decrypt,111.262,29936728,45088768,1,true,full
UC4,label_cf_scalar,DB2,100000,3,setup,11.513,13173584,0,0,false,full
UC4,label_cf_scalar,DB2,100000,3,precomp,0.000,0,0,0,false,full
UC4,label_cf_scalar,DB2,100000,3,encrypt,197.505,39707488,0,0,false,full
UC4,label_cf_scalar,DB2,100000,3,eval,68.145,83582000,0,0,false,full
UC4,label_cf_scalar,DB2,100000,3,decrypt,8.473,22324096,4194304,1,true,full
UC4,std,DB2,100000,4,setup,236.367,54281600,0,0,false,full
UC4,std,DB2,100000,4,precomp,0.000,0,0,0,false,full
UC4,std,DB2,100000,4,encrypt,93.230,26251768,0,0,false,full
UC4,std,DB2,100000,4,eval,1931.751,38766888,0,0,false,full
UC4,std,DB2,100000,4,decrypt,9.060,4860344,4194304,1,true,full
UC4,label_compact,DB2,100000,4,setup,205.635,56915920,0,0,false,full
UC4,label_compact,DB2,100000,4,precomp,0.000,0,0,0,false,full
UC4,label_compact,DB2,100000,4,encrypt,113.758,50932216,0,0,false,full
UC4,label_compact,DB2,100000,4,eval,1731.808,84156960,0,0,false,full
UC4,label_compact,DB2,100000,4,decrypt,105.911,-20453744,45088768,1,true,full
UC4,label_compact_max,DB2,100000,4,setup,209.642,70571872,0,0,false,full
UC4,label_compact_max,DB2,100000,4,precomp,0.000,0,0,0,false,full
UC4,label_compact_max,DB2,100000,4,encrypt,112.592,50931976,0,0,false,full
UC4,label_compact_max,DB2,100000,4,eval,2651.515,51940696,0,0,false,full
UC4,label_compact_max,DB2,100000,4,decrypt,127.396,34137000,60817408,1,true,full
UC4,label_compact_mb,DB2,100000,4,setup,212.168,66893184,0,0,false,full
UC4,label_compact_mb,DB2,100000,4,precomp,0.000,0,0,0,false,full
UC4,label_compact_mb,DB2,100000,4,encrypt,117.538,49515528,0,0,false,full
UC4,label_compact_mb,DB2,100000,4,eval,1750.083,67926072,0,0,false,full
UC4,label_compact_mb,DB2,100000,4,decrypt,111.926,20355120,45088768,1,true,full
UC4,label_cf_scalar,DB2,100000,4,setup,11.472,5511792,0,0,false,full
UC4,label_cf_scalar,DB2,100000,4,precomp,0.000,0,0,0,false,full
UC4,label_cf_scalar,DB2,100000,4,encrypt,190.851,39707376,0,0,false,full
UC4,label_cf_scalar,DB2,100000,4,eval,64.539,76894000,0,0,false,full
UC4,label_cf_scalar,DB2,100000,4,decrypt,8.053,22324096,4194304,1,true,full
UC4,std,DB2,100000,5,setup,235.223,75292720,0,0,false,full
UC4,std,DB2,100000,5,precomp,0.000,0,0,0,false,full
UC4,std,DB2,100000,5,encrypt,93.444,26251768,0,0,false,full
UC4,std,DB2,100000,5,eval,1929.961,38766904,0,0,false,full
UC4,std,DB2,100000,5,decrypt,10.347,4860344,4194304,1,true,full
UC4,label_compact,DB2,100000,5,setup,210.056,70571840,0,0,false,full
UC4,label_compact,DB2,100000,5,precomp,0.000,0,0,0,false,full
UC4,label_compact,DB2,100000,5,encrypt,112.283,50932152,0,0,false,full
UC4,label_compact,DB2,100000,5,eval,1741.819,104520208,0,0,false,full
UC4,label_compact,DB2,100000,5,decrypt,111.102,29937848,45088768,1,true,full
UC4,label_compact_max,DB2,100000,5,setup,213.324,56919552,0,0,false,full
UC4,label_compact_max,DB2,100000,5,precomp,0.000,0,0,0,false,full
UC4,label_compact_max,DB2,100000,5,encrypt,112.753,50932184,0,0,false,full
UC4,label_compact_max,DB2,100000,5,eval,2661.030,73345224,0,0,false,full
UC4,label_compact_max,DB2,100000,5,decrypt,128.686,39123720,60817408,1,true,full
UC4,label_compact_mb,DB2,100000,5,setup,211.328,56915824,0,0,false,full
UC4,label_compact_mb,DB2,100000,5,precomp,0.001,0,0,0,false,full
UC4,label_compact_mb,DB2,100000,5,encrypt,119.813,49512568,0,0,false,full
UC4,label_compact_mb,DB2,100000,5,eval,1741.277,43033160,0,0,false,full
UC4,label_compact_mb,DB2,100000,5,decrypt,104.595,22718120,45088768,1,true,full
UC4,label_cf_scalar,DB2,100000,5,setup,11.066,5508224,0,0,false,full
UC4,label_cf_scalar,DB2,100000,5,precomp,0.000,0,0,0,false,full
UC4,label_cf_scalar,DB2,100000,5,encrypt,195.319,38239392,0,0,false,full
UC4,label_cf_scalar,DB2,100000,5,eval,64.270,80057744,0,0,false,full
UC4,label_cf_scalar,DB2,100000,5,decrypt,8.695,22324096,4194304,1,true,full
UC4,std,DB2,100000,6,setup,242.681,70304456,0,0,false,full
UC4,std,DB2,100000,6,precomp,0.000,0,0,0,false,full
UC4,std,DB2,100000,6,encrypt,94.860,26251768,0,0,false,full
UC4,std,DB2,100000,6,eval,1920.548,39820472,0,0,false,full
UC4,std,DB2,100000,6,decrypt,9.281,4860344,4194304,1,true,full
UC4,label_compact,DB2,100000,6,setup,209.487,72145664,0,0,false,full
UC4,label_compact,DB2,100000,6,precomp,0.000,0,0,0,false,full
UC4,label_compact,DB2,100000,6,encrypt,111.204,50931480,0,0,false,full
UC4,label_compact,DB2,100000,6,eval,1735.076,63396408,0,0,false,full
UC4,label_compact,DB2,100000,6,decrypt,107.603,-17560144,45088768,1,true,full
UC4,label_compact_max,DB2,100000,6,setup,211.645,56915840,0,0,false,full
UC4,label_compact_max,DB2,100000,6,precomp,0.000,0,0,0,false,full
UC4,label_compact_max,DB2,100000,6,encrypt,114.412,50931624,0,0,false,full
UC4,label_compact_max,DB2,100000,6,eval,2671.086,94121184,0,0,false,full
UC4,label_compact_max,DB2,100000,6,decrypt,126.314,30457504,60817408,1,true,full
UC4,label_compact_mb,DB2,100000,6,setup,208.903,56919536,0,0,false,full
UC4,label_compact_mb,DB2,100000,6,precomp,0.000,0,0,0,false,full
UC4,label_compact_mb,DB2,100000,6,encrypt,119.755,49511112,0,0,false,full
UC4,label_compact_mb,DB2,100000,6,eval,1740.886,84156528,0,0,false,full
UC4,label_compact_mb,DB2,100000,6,decrypt,107.392,-19135592,45088768,1,true,full
UC4,label_cf_scalar,DB2,100000,6,setup,11.304,13142992,0,0,false,full
UC4,label_cf_scalar,DB2,100000,6,precomp,0.000,0,0,0,false,full
UC4,label_cf_scalar,DB2,100000,6,encrypt,189.485,39707376,0,0,false,full
UC4,label_cf_scalar,DB2,100000,6,eval,63.473,33726912,0,0,false,full
UC4,label_cf_scalar,DB2,100000,6,decrypt,8.652,22324096,4194304,1,true,full
UC4,std,DB2,100000,7,setup,240.505,70571824,0,0,false,full
UC4,std,DB2,100000,7,precomp,0.000,0,0,0,false,full
UC4,std,DB2,100000,7,encrypt,92.537,26251768,0,0,false,full
UC4,std,DB2,100000,7,eval,1917.057,40874008,0,0,false,full
UC4,std,DB2,100000,7,decrypt,8.570,4860344,4194304,1,true,full
UC4,label_compact,DB2,100000,7,setup,212.987,70571840,0,0,false,full
UC4,label_compact,DB2,100000,7,precomp,0.000,0,0,0,false,full
UC4,label_compact,DB2,100000,7,encrypt,116.014,50931784,0,0,false,full
UC4,label_compact,DB2,100000,7,eval,1724.516,43045400,0,0,false,full
UC4,label_compact,DB2,100000,7,decrypt,112.559,-19135704,45088768,1,true,full
UC4,label_compact_max,DB2,100000,7,setup,210.984,56784576,0,0,false,full
UC4,label_compact_max,DB2,100000,7,precomp,0.001,0,0,0,false,full
UC4,label_compact_max,DB2,100000,7,encrypt,114.835,50932008,0,0,false,full
UC4,label_compact_max,DB2,100000,7,eval,2659.991,73359912,0,0,false,full
UC4,label_compact_max,DB2,100000,7,decrypt,126.524,34133960,60817408,1,true,full
UC4,label_compact_mb,DB2,100000,7,setup,211.382,56919648,0,0,false,full
UC4,label_compact_mb,DB2,100000,7,precomp,0.000,0,0,0,false,full
UC4,label_compact_mb,DB2,100000,7,encrypt,120.448,49511032,0,0,false,full
UC4,label_compact_mb,DB2,100000,7,eval,1702.987,104520224,0,0,false,full
UC4,label_compact_mb,DB2,100000,7,decrypt,108.092,16675960,45088768,1,true,full
UC4,label_cf_scalar,DB2,100000,7,setup,10.218,13142800,0,0,false,full
UC4,label_cf_scalar,DB2,100000,7,precomp,0.000,0,0,0,false,full
UC4,label_cf_scalar,DB2,100000,7,encrypt,188.281,43412616,0,0,false,full
UC4,label_cf_scalar,DB2,100000,7,eval,62.157,85677264,0,0,false,full
UC4,label_cf_scalar,DB2,100000,7,decrypt,7.647,22324096,4194304,1,true,full
UC4,std,DB2,100000,8,setup,232.571,70039712,0,0,false,full
UC4,std,DB2,100000,8,precomp,0.000,0,0,0,false,full
UC4,std,DB2,100000,8,encrypt,90.763,26251768,0,0,false,full
UC4,std,DB2,100000,8,eval,1848.316,38766712,0,0,false,full
UC4,std,DB2,100000,8,decrypt,11.004,4860344,4194304,1,true,full
UC4,label_compact,DB2,100000,8,setup,203.404,72145776,0,0,false,full
UC4,label_compact,DB2,100000,8,precomp,0.000,0,0,0,false,full
UC4,label_compact,DB2,100000,8,encrypt,106.106,50931976,0,0,false,full
UC4,label_compact,DB2,100000,8,eval,1688.032,63395960,0,0,false,full
UC4,label_compact,DB2,100000,8,decrypt,104.097,21142120,45088768,1,true,full
UC4,label_compact_max,DB2,100000,8,setup,208.776,67157432,0,0,false,full
UC4,label_compact_max,DB2,100000,8,precomp,0.000,0,0,0,false,full
UC4,label_compact_max,DB2,100000,8,encrypt,107.671,50932776,0,0,false,full
UC4,label_compact_max,DB2,100000,8,eval,2554.207,73352856,0,0,false,full
UC4,label_compact_max,DB2,100000,8,decrypt,126.861,-23327984,60817408,1,true,full
UC4,label_compact_mb,DB2,100000,8,setup,197.465,61640160,0,0,false,full
UC4,label_compact_mb,DB2,100000,8,precomp,0.000,0,0,0,false,full
UC4,label_compact_mb,DB2,100000,8,encrypt,113.593,49508600,0,0,false,full
UC4,label_compact_mb,DB2,100000,8,eval,1674.864,84148160,0,0,false,full
UC4,label_compact_mb,DB2,100000,8,decrypt,104.126,-17560144,45088768,1,true,full
UC4,label_cf_scalar,DB2,100000,8,setup,10.048,12747040,0,0,false,full
UC4,label_cf_scalar,DB2,100000,8,precomp,0.000,0,0,0,false,full
UC4,label_cf_scalar,DB2,100000,8,encrypt,182.430,39707584,0,0,false,full
UC4,label_cf_scalar,DB2,100000,8,eval,61.161,47741696,0,0,false,full
UC4,label_cf_scalar,DB2,100000,8,decrypt,7.746,22324096,4194304,1,true,full
UC4,std,DB2,100000,9,setup,236.523,68465888,0,0,false,full
UC4,std,DB2,100000,9,precomp,0.000,0,0,0,false,full
UC4,std,DB2,100000,9,encrypt,89.104,26251768,0,0,false,full
UC4,std,DB2,100000,9,eval,1848.868,38766904,0,0,false,full
UC4,std,DB2,100000,9,decrypt,8.489,4860344,4194304,1,true,full
UC4,label_compact,DB2,100000,9,setup,204.246,72145664,0,0,false,full
UC4,label_compact,DB2,100000,9,precomp,0.000,0,0,0,false,full
UC4,label_compact,DB2,100000,9,encrypt,108.458,50932200,0,0,false,full
UC4,label_compact,DB2,100000,9,eval,1692.597,63395960,0,0,false,full
UC4,label_compact,DB2,100000,9,decrypt,105.282,-19135240,45088768,1,true,full
UC4,label_compact_max,DB2,100000,9,setup,210.168,51134608,0,0,false,full
UC4,label_compact_max,DB2,100000,9,precomp,0.000,0,0,0,false,full
UC4,label_compact_max,DB2,100000,9,encrypt,110.596,50932200,0,0,false,full
UC4,label_compact_max,DB2,100000,9,eval,2574.685,115534368,0,0,false,full
UC4,label_compact_max,DB2,100000,9,decrypt,124.121,-27004000,60817408,1,true,full
UC4,label_compact_mb,DB2,100000,9,setup,201.842,56919424,0,0,false,full
UC4,label_compact_mb,DB2,100000,9,precomp,0.000,0,0,0,false,full
UC4,label_compact_mb,DB2,100000,9,encrypt,114.255,49513976,0,0,false,full
UC4,label_compact_mb,DB2,100000,9,eval,1672.999,104520640,0,0,false,full
UC4,label_compact_mb,DB2,100000,9,decrypt,105.796,21142344,45088768,1,true,full
UC4,label_cf_scalar,DB2,100000,9,setup,12.865,5508896,0,0,false,full
UC4,label_cf_scalar,DB2,100000,9,precomp,0.000,0,0,0,false,full
UC4,label_cf_scalar,DB2,100000,9,encrypt,189.300,34534264,0,0,false,full
UC4,label_cf_scalar,DB2,100000,9,eval,67.444,85677216,0,0,false,full
UC4,label_cf_scalar,DB2,100000,9,decrypt,8.335,22324096,4194304,1,true,full
UC4,std,DB2,100000,10,setup,222.502,65318960,0,0,false,full
UC4,std,DB2,100000,10,precomp,0.000,0,0,0,false,full
UC4,std,DB2,100000,10,encrypt,91.234,26251768,0,0,false,full
UC4,std,DB2,100000,10,eval,1846.035,38766888,0,0,false,full
UC4,std,DB2,100000,10,decrypt,8.580,4860344,4194304,1,true,full
UC4,label_compact,DB2,100000,10,setup,209.867,51134416,0,0,false,full
UC4,label_compact,DB2,100000,10,precomp,0.000,0,0,0,false,full
UC4,label_compact,DB2,100000,10,encrypt,110.273,50932232,0,0,false,full
UC4,label_compact,DB2,100000,10,eval,1670.032,104520864,0,0,false,full
UC4,label_compact,DB2,100000,10,decrypt,103.127,34403448,45088768,1,true,full
UC4,label_compact_max,DB2,100000,10,setup,203.831,56784576,0,0,false,full
UC4,label_compact_max,DB2,100000,10,precomp,0.000,0,0,0,false,full
UC4,label_compact_max,DB2,100000,10,encrypt,108.156,50931752,0,0,false,full
UC4,label_compact_max,DB2,100000,10,eval,2562.592,94121152,0,0,false,full
UC4,label_compact_max,DB2,100000,10,decrypt,124.865,34133288,60817408,1,true,full
UC4,label_compact_mb,DB2,100000,10,setup,212.045,56919488,0,0,false,full
UC4,label_compact_mb,DB2,100000,10,precomp,0.000,0,0,0,false,full
UC4,label_compact_mb,DB2,100000,10,encrypt,111.638,49515352,0,0,false,full
UC4,label_compact_mb,DB2,100000,10,eval,1668.082,92009848,0,0,false,full
UC4,label_compact_mb,DB2,100000,10,decrypt,105.654,16675064,45088768,1,true,full
UC4,label_cf_scalar,DB2,100000,10,setup,11.221,5508336,0,0,false,full
UC4,label_cf_scalar,DB2,100000,10,precomp,0.000,0,0,0,false,full
UC4,label_cf_scalar,DB2,100000,10,encrypt,180.737,39707488,0,0,false,full
UC4,label_cf_scalar,DB2,100000,10,eval,62.475,80057744,0,0,false,full
UC4,label_cf_scalar,DB2,100000,10,decrypt,7.682,22324096,4194304,1,true,full
UC4,std,DB2,100000,11,setup,234.674,68465776,0,0,false,full
UC4,std,DB2,100000,11,precomp,0.000,0,0,0,false,full
UC4,std,DB2,100000,11,encrypt,92.527,26251768,0,0,false,full
UC4,std,DB2,100000,11,eval,1844.645,39820472,0,0,false,full
UC4,std,DB2,100000,11,decrypt,9.445,4860344,4194304,1,true,full
UC4,label_compact,DB2,100000,11,setup,205.229,51134416,0,0,false,full
UC4,label_compact,DB2,100000,11,precomp,0.000,0,0,0,false,full
UC4,label_compact,DB2,100000,11,encrypt,110.760,50932200,0,0,false,full
UC4,label_compact,DB2,100000,11,eval,1685.337,63397288,0,0,false,full
UC4,label_compact,DB2,100000,11,decrypt,110.644,-14148880,45088768,1,true,full
UC4,label_compact_max,DB2,100000,11,setup,201.699,56784576,0,0,false,full
UC4,label_compact_max,DB2,100000,11,precomp,0.000,0,0,0,false,full
UC4,label_compact_max,DB2,100000,11,encrypt,109.829,50932168,0,0,false,full
UC4,label_compact_max,DB2,100000,11,eval,2560.625,136295480,0,0,false,full
UC4,label_compact_max,DB2,100000,11,decrypt,121.868,25864856,60817408,1,true,full
UC4,label_compact_mb,DB2,100000,11,setup,203.565,56919600,0,0,false,full
UC4,label_compact_mb,DB2,100000,11,precomp,0.000,0,0,0,false,full
UC4,label_compact_mb,DB2,100000,11,encrypt,110.813,49512120,0,0,false,full
UC4,label_compact_mb,DB2,100000,11,eval,1669.539,84156304,0,0,false,full
UC4,label_compact_mb,DB2,100000,11,decrypt,100.200,-14148992,45088768,1,true,full
UC4,label_cf_scalar,DB2,100000,11,setup,10.966,9993552,0,0,false,full
UC4,label_cf_scalar,DB2,100000,11,precomp,0.000,0,0,0,false,full
UC4,label_cf_scalar,DB2,100000,11,encrypt,184.996,39707392,0,0,false,full
UC4,label_cf_scalar,DB2,100000,11,eval,60.767,50890288,0,0,false,full
UC4,label_cf_scalar,DB2,100000,11,decrypt,8.440,22324096,4194304,1,true,full
UC4,std,DB2,100000,12,setup,237.463,75557048,0,0,false,full
UC4,std,DB2,100000,12,precomp,0.000,0,0,0,false,full
UC4,std,DB2,100000,12,encrypt,89.879,26251768,0,0,false,full
UC4,std,DB2,100000,12,eval,1858.241,40874024,0,0,false,full
UC4,std,DB2,100000,12,decrypt,8.623,4860344,4194304,1,true,full
UC4,label_compact,DB2,100000,12,setup,203.425,51134688,0,0,false,full
UC4,label_compact,DB2,100000,12,precomp,0.000,0,0,0,false,full
UC4,label_compact,DB2,100000,12,encrypt,110.786,50932248,0,0,false,full
UC4,label_compact,DB2,100000,12,eval,1682.833,63396312,0,0,false,full
UC4,label_compact,DB2,100000,12,decrypt,104.154,-17559920,45088768,1,true,full
UC4,label_compact_max,DB2,100000,12,setup,199.801,56915648,0,0,false,full
UC4,label_compact_max,DB2,100000,12,precomp,0.000,0,0,0,false,full
UC4,label_compact_max,DB2,100000,12,encrypt,111.384,50932056,0,0,false,full
UC4,label_compact_max,DB2,100000,12,eval,2552.990,94121984,0,0,false,full
UC4,label_compact_max,DB2,100000,12,decrypt,121.764,34137128,60817408,1,true,full
UC4,label_compact_mb,DB2,100000,12,setup,204.657,70571920,0,0,false,full
UC4,label_compact_mb,DB2,100000,12,precomp,0.000,0,0,0,false,full
UC4,label_compact_mb,DB2,100000,12,encrypt,114.499,49517208,0,0,false,full
UC4,label_compact_mb,DB2,100000,12,eval,1690.709,63389368,0,0,false,full
UC4,label_compact_mb,DB2,100000,12,decrypt,100.974,13524720,45088768,1,true,full
UC4,label_cf_scalar,DB2,100000,12,setup,10.008,13173600,0,0,false,full
UC4,label_cf_scalar,DB2,100000,12,precomp,0.000,0,0,0,false,full
UC4,label_cf_scalar,DB2,100000,12,encrypt,187.430,33066168,0,0,false,full
UC4,label_cf_scalar,DB2,100000,12,eval,62.051,80057744,0,0,false,full
UC4,label_cf_scalar,DB2,100000,12,decrypt,8.034,22324096,4194304,1,true,full
UC4,std,DB2,100000,13,setup,229.222,70039920,0,0,false,full
UC4,std,DB2,100000,13,precomp,0.000,0,0,0,false,full
UC4,std,DB2,100000,13,encrypt,89.554,26251768,0,0,false,full
UC4,std,DB2,100000,13,eval,1849.162,39820472,0,0,false,full
UC4,std,DB2,100000,13,decrypt,7.510,4860456,4194304,1,true,full
UC4,label_compact,DB2,100000,13,setup,209.211,51134416,0,0,false,full
UC4,label_compact,DB2,100000,13,precomp,0.000,0,0,0,false,full
UC4,label_compact,DB2,100000,13,encrypt,109.293,50932104,0,0,false,full
UC4,label_compact,DB2,100000,13,eval,1688.802,104520208,0,0,false,full
UC4,label_compact,DB2,100000,13,decrypt,103.465,-17560032,45088768,1,true,full
UC4,label_compact_max,DB2,100000,13,setup,209.308,51134672,0,0,false,full
UC4,label_compact_max,DB2,100000,13,precomp,0.000,0,0,0,false,full
UC4,label_compact_max,DB2,100000,13,encrypt,108.068,50931816,0,0,false,full
UC4,label_compact_max,DB2,100000,13,eval,2560.528,73359256,0,0,false,full
UC4,label_compact_max,DB2,100000,13,decrypt,120.533,15622112,60817408,1,true,full
UC4,label_compact_mb,DB2,100000,13,setup,207.295,56919376,0,0,false,full
UC4,label_compact_mb,DB2,100000,13,precomp,0.000,0,0,0,false,full
UC4,label_compact_mb,DB2,100000,13,encrypt,112.971,49514104,0,0,false,full
UC4,label_compact_mb,DB2,100000,13,eval,1684.310,117918200,0,0,false,full
UC4,label_compact_mb,DB2,100000,13,decrypt,107.120,-19135480,45088768,1,true,full
UC4,label_cf_scalar,DB2,100000,13,setup,10.923,13173584,0,0,false,full
UC4,label_cf_scalar,DB2,100000,13,precomp,0.000,0,0,0,false,full
UC4,label_cf_scalar,DB2,100000,13,encrypt,194.442,39707376,0,0,false,full
UC4,label_cf_scalar,DB2,100000,13,eval,66.210,27414944,0,0,false,full
UC4,label_cf_scalar,DB2,100000,13,decrypt,7.560,22324096,4194304,1,true,full
UC4,std,DB2,100000,14,setup,228.977,60063120,0,0,false,full
UC4,std,DB2,100000,14,precomp,0.000,0,0,0,false,full
UC4,std,DB2,100000,14,encrypt,89.756,26251768,0,0,false,full
UC4,std,DB2,100000,14,eval,1828.916,39820472,0,0,false,full
UC4,std,DB2,100000,14,decrypt,8.638,4860344,4194304,1,true,full
UC4,label_compact,DB2,100000,14,setup,202.801,67425360,0,0,false,full
UC4,label_compact,DB2,100000,14,precomp,0.000,0,0,0,false,full
UC4,label_compact,DB2,100000,14,encrypt,107.096,50932248,0,0,false,full
UC4,label_compact,DB2,100000,14,eval,1672.546,84144256,0,0,false,full
UC4,label_compact,DB2,100000,14,decrypt,103.600,21141896,45088768,1,true,full
UC4,label_compact_max,DB2,100000,14,setup,202.914,66893200,0,0,false,full
UC4,label_compact_max,DB2,100000,14,precomp,0.001,0,0,0,false,full
UC4,label_compact_max,DB2,100000,14,encrypt,107.051,50931848,0,0,false,full
UC4,label_compact_max,DB2,100000,14,eval,2546.582,51947352,0,0,false,full
UC4,label_compact_max,DB2,100000,14,decrypt,122.572,-26347632,60817408,1,true,full
UC4,label_compact_mb,DB2,100000,14,setup,201.767,61640384,0,0,false,full
UC4,label_compact_mb,DB2,100000,14,precomp,0.000,0,0,0,false,full
UC4,label_compact_mb,DB2,100000,14,encrypt,113.292,49510680,0,0,false,full
UC4,label_compact_mb,DB2,100000,14,eval,1651.991,104520208,0,0,false,full
UC4,label_compact_mb,DB2,100000,14,decrypt,102.965,-17560032,45088768,1,true,full
UC4,label_cf_scalar,DB2,100000,14,setup,10.200,9993536,0,0,false,full
UC4,label_cf_scalar,DB2,100000,14,precomp,0.000,0,0,0,false,full
UC4,label_cf_scalar,DB2,100000,14,encrypt,184.321,44880504,0,0,false,full
UC4,label_cf_scalar,DB2,100000,14,eval,66.739,33726960,0,0,false,full
UC4,label_cf_scalar,DB2,100000,14,decrypt,8.908,22324096,4194304,1,true,full
UC4,std,DB2,100000,15,setup,234.073,75292672,0,0,false,full
UC4,std,DB2,100000,15,precomp,0.001,0,0,0,false,full
UC4,std,DB2,100000,15,encrypt,91.270,26251768,0,0,false,full
UC4,std,DB2,100000,15,eval,1825.801,38766888,0,0,false,full
UC4,std,DB2,100000,15,decrypt,8.423,4860344,4194304,1,true,full
UC4,label_compact,DB2,100000,15,setup,202.779,51134416,0,0,false,full
UC4,label_compact,DB2,100000,15,precomp,0.000,0,0,0,false,full
UC4,label_compact,DB2,100000,15,encrypt,107.704,50931832,0,0,false,full
UC4,label_compact,DB2,100000,15,eval,1669.698,119556728,0,0,false,full
UC4,label_compact,DB2,100000,15,decrypt,105.712,-14935616,45088768,1,true,full
UC4,label_compact_max,DB2,100000,15,setup,206.404,56915648,0,0,false,full
UC4,label_compact_max,DB2,100000,15,precomp,0.000,0,0,0,false,full
UC4,label_compact_max,DB2,100000,15,encrypt,108.728,50931912,0,0,false,full
UC4,label_compact_max,DB2,100000,15,eval,2534.264,73359736,0,0,false,full
UC4,label_compact_max,DB2,100000,15,decrypt,122.940,-27007616,60817408,1,true,full
UC4,label_compact_mb,DB2,100000,15,setup,203.955,56919600,0,0,false,full
UC4,label_compact_mb,DB2,100000,15,precomp,0.000,0,0,0,false,full
UC4,label_compact_mb,DB2,100000,15,encrypt,113.793,49509736,0,0,false,full
UC4,label_compact_mb,DB2,100000,15,eval,1647.284,43033496,0,0,false,full
UC4,label_compact_mb,DB2,100000,15,decrypt,102.132,19303952,45088768,1,true,full
UC4,label_cf_scalar,DB2,100000,15,setup,11.211,13173600,0,0,false,full
UC4,label_cf_scalar,DB2,100000,15,precomp,0.000,0,0,0,false,full
UC4,label_cf_scalar,DB2,100000,15,encrypt,183.878,39707616,0,0,false,full
UC4,label_cf_scalar,DB2,100000,15,eval,67.429,80057744,0,0,false,full
UC4,label_cf_scalar,DB2,100000,15,decrypt,8.237,22324096,4194304,1,true,full
UC4,std,DB2,100000,16,setup,233.696,52707552,0,0,false,full
UC4,std,DB2,100000,16,precomp,0.000,0,0,0,false,full
UC4,std,DB2,100000,16,encrypt,89.903,26251768,0,0,false,full
UC4,std,DB2,100000,16,eval,1830.781,38766904,0,0,false,full
UC4,std,DB2,100000,16,decrypt,7.457,4860344,4194304,1,true,full
UC4,label_compact,DB2,100000,16,setup,206.758,72146032,0,0,false,full
UC4,label_compact,DB2,100000,16,precomp,0.000,0,0,0,false,full
UC4,label_compact,DB2,100000,16,encrypt,108.379,50932152,0,0,false,full
UC4,label_compact,DB2,100000,16,eval,1666.241,145629400,0,0,false,full
UC4,label_compact,DB2,100000,16,decrypt,102.508,-19135704,45088768,1,true,full
UC4,label_compact_max,DB2,100000,16,setup,204.587,56915952,0,0,false,full
UC4,label_compact_max,DB2,100000,16,precomp,0.000,0,0,0,false,full
UC4,label_compact_max,DB2,100000,16,encrypt,107.901,50932088,0,0,false,full
UC4,label_compact_max,DB2,100000,16,eval,2537.232,66966248,0,0,false,full
UC4,label_compact_max,DB2,100000,16,decrypt,119.875,24288744,60817408,1,true,full
UC4,label_compact_mb,DB2,100000,16,setup,208.451,51666624,0,0,false,full
UC4,label_compact_mb,DB2,100000,16,precomp,0.000,0,0,0,false,full
UC4,label_compact_mb,DB2,100000,16,encrypt,112.422,49511592,0,0,false,full
UC4,label_compact_mb,DB2,100000,16,eval,1649.424,63396392,0,0,false,full
UC4,label_compact_mb,DB2,100000,16,decrypt,99.685,21141896,45088768,1,true,full
UC4,label_cf_scalar,DB2,100000,16,setup,11.824,13142480,0,0,false,full
UC4,label_cf_scalar,DB2,100000,16,precomp,0.000,0,0,0,false,full
UC4,label_cf_scalar,DB2,100000,16,encrypt,182.466,44810528,0,0,false,full
UC4,label_cf_scalar,DB2,100000,16,eval,65.396,33727024,0,0,false,full
UC4,label_cf_scalar,DB2,100000,16,decrypt,8.426,22324096,4194304,1,true,full
UC4,std,DB2,100000,17,setup,229.014,65319072,0,0,false,full
UC4,std,DB2,100000,17,precomp,0.001,0,0,0,false,full
UC4,std,DB2,100000,17,encrypt,89.616,26251768,0,0,false,full
UC4,std,DB2,100000,17,eval,1829.679,38766904,0,0,false,full
UC4,std,DB2,100000,17,decrypt,8.195,4860344,4194304,1,true,full
UC4,label_compact,DB2,100000,17,setup,203.959,66893008,0,0,false,full
UC4,label_compact,DB2,100000,17,precomp,0.000,0,0,0,false,full
UC4,label_compact,DB2,100000,17,encrypt,109.083,50932040,0,0,false,full
UC4,label_compact,DB2,100000,17,eval,1657.546,60688104,0,0,false,full
UC4,label_compact,DB2,100000,17,decrypt,103.086,21141896,45088768,1,true,full
UC4,label_compact_max,DB2,100000,17,setup,207.415,70571984,0,0,false,full
UC4,label_compact_max,DB2,100000,17,precomp,0.000,0,0,0,false,full
UC4,label_compact_max,DB2,100000,17,encrypt,106.668,50932040,0,0,false,full
UC4,label_compact_max,DB2,100000,17,eval,2520.940,94113984,0,0,false,full
UC4,label_compact_max,DB2,100000,17,decrypt,120.515,34133848,60817408,1,true,full
UC4,label_compact_mb,DB2,100000,17,setup,203.812,54813216,0,0,false,full
UC4,label_compact_mb,DB2,100000,17,precomp,0.000,0,0,0,false,full
UC4,label_compact_mb,DB2,100000,17,encrypt,114.407,49516472,0,0,false,full
UC4,label_compact_mb,DB2,100000,17,eval,1672.923,125280200,0,0,false,full
UC4,label_compact_mb,DB2,100000,17,decrypt,102.679,-14148880,45088768,1,true,full
UC4,label_cf_scalar,DB2,100000,17,setup,10.994,9993256,0,0,false,full
UC4,label_cf_scalar,DB2,100000,17,precomp,0.000,0,0,0,false,full
UC4,label_cf_scalar,DB2,100000,17,encrypt,188.579,38239296,0,0,false,full
UC4,label_cf_scalar,DB2,100000,17,eval,64.790,47741584,0,0,false,full
UC4,label_cf_scalar,DB2,100000,17,decrypt,8.496,22324096,4194304,1,true,full
UC4,std,DB2,100000,18,setup,224.345,64786944,0,0,false,full
UC4,std,DB2,100000,18,precomp,0.000,0,0,0,false,full
UC4,std,DB2,100000,18,encrypt,90.158,26251768,0,0,false,full
UC4,std,DB2,100000,18,eval,1829.657,44034536,0,0,false,full
UC4,std,DB2,100000,18,decrypt,8.908,6306136,4194304,1,true,full
UC4,label_compact,DB2,100000,18,setup,204.067,56919520,0,0,false,full
UC4,label_compact,DB2,100000,18,precomp,0.000,0,0,0,false,full
UC4,label_compact,DB2,100000,18,encrypt,108.488,50932312,0,0,false,full
UC4,label_compact,DB2,100000,18,eval,1654.805,43032056,0,0,false,full
UC4,label_compact,DB2,100000,18,decrypt,104.701,16675960,45088768,1,true,full
UC4,label_compact_max,DB2,100000,18,setup,204.972,51134944,0,0,false,full
UC4,label_compact_max,DB2,100000,18,precomp,0.000,0,0,0,false,full
UC4,label_compact_max,DB2,100000,18,encrypt,110.131,50932248,0,0,false,full
UC4,label_compact_max,DB2,100000,18,eval,2538.634,94113232,0,0,false,full
UC4,label_compact_max,DB2,100000,18,decrypt,124.889,-27004016,60817408,1,true,full
UC4,label_compact_mb,DB2,100000,18,setup,205.919,67425216,0,0,false,full
UC4,label_compact_mb,DB2,100000,18,precomp,0.000,0,0,0,false,full
UC4,label_compact_mb,DB2,100000,18,encrypt,111.974,49514328,0,0,false,full
UC4,label_compact_mb,DB2,100000,18,eval,1664.830,63395880,0,0,false,full
UC4,label_compact_mb,DB2,100000,18,decrypt,104.138,26523616,45088768,1,true,full
UC4,label_cf_scalar,DB2,100000,18,setup,10.766,13139440,0,0,false,full
UC4,label_cf_scalar,DB2,100000,18,precomp,0.000,0,0,0,false,full
UC4,label_cf_scalar,DB2,100000,18,encrypt,189.809,39707376,0,0,false,full
UC4,label_cf_scalar,DB2,100000,18,eval,62.517,33726928,0,0,false,full
UC4,label_cf_scalar,DB2,100000,18,decrypt,9.334,22324096,4194304,1,true,full
UC4,std,DB2,100000,19,setup,234.520,70571824,0,0,false,full
UC4,std,DB2,100000,19,precomp,0.000,0,0,0,false,full
UC4,std,DB2,100000,19,encrypt,89.464,26251768,0,0,false,full
UC4,std,DB2,100000,19,eval,1824.651,39820472,0,0,false,full
UC4,std,DB2,100000,19,decrypt,9.092,4860344,4194304,1,true,full
UC4,label_compact,DB2,100000,19,setup,202.391,72410984,0,0,false,full
UC4,label_compact,DB2,100000,19,precomp,0.000,0,0,0,false,full
UC4,label_compact,DB2,100000,19,encrypt,112.137,50932184,0,0,false,full
UC4,label_compact,DB2,100000,19,eval,1652.260,84156304,0,0,false,full
UC4,label_compact,DB2,100000,19,decrypt,101.669,21142344,45088768,1,true,full
UC4,label_compact_max,DB2,100000,19,setup,203.337,56919552,0,0,false,full
UC4,label_compact_max,DB2,100000,19,precomp,0.000,0,0,0,false,full
UC4,label_compact_max,DB2,100000,19,encrypt,110.632,50931912,0,0,false,full
UC4,label_compact_max,DB2,100000,19,eval,2538.643,136295704,0,0,false,full
UC4,label_compact_max,DB2,100000,19,decrypt,121.361,15622112,60817408,1,true,full
UC4,label_compact_mb,DB2,100000,19,setup,204.735,60066080,0,0,false,full
UC4,label_compact_mb,DB2,100000,19,precomp,0.001,0,0,0,false,full
UC4,label_compact_mb,DB2,100000,19,encrypt,113.667,49511544,0,0,false,full
UC4,label_compact_mb,DB2,100000,19,eval,1654.379,43032392,0,0,false,full
UC4,label_compact_mb,DB2,100000,19,decrypt,104.827,-17560144,45088768,1,true,full
UC4,label_cf_scalar,DB2,100000,19,setup,11.846,9993536,0,0,false,full
UC4,label_cf_scalar,DB2,100000,19,precomp,0.000,0,0,0,false,full
UC4,label_cf_scalar,DB2,100000,19,encrypt,190.208,34534376,0,0,false,full
UC4,label_cf_scalar,DB2,100000,19,eval,62.321,33726928,0,0,false,full
UC4,label_cf_scalar,DB2,100000,19,decrypt,9.163,22324096,4194304,1,true,full
UC4,std,DB2,100000,20,setup,227.481,65319072,0,0,false,full
UC4,std,DB2,100000,20,precomp,0.000,0,0,0,false,full
UC4,std,DB2,100000,20,encrypt,91.254,26251768,0,0,false,full
UC4,std,DB2,100000,20,eval,1831.287,39820456,0,0,false,full
UC4,std,DB2,100000,20,decrypt,8.860,4860344,4194304,1,true,full
UC4,label_compact,DB2,100000,20,setup,201.580,70572176,0,0,false,full
UC4,label_compact,DB2,100000,20,precomp,0.000,0,0,0,false,full
UC4,label_compact,DB2,100000,20,encrypt,107.797,50932008,0,0,false,full
UC4,label_compact,DB2,100000,20,eval,1651.380,125272280,0,0,false,full
UC4,label_compact,DB2,100000,20,decrypt,103.067,-14148544,45088768,1,true,full
UC4,label_compact_max,DB2,100000,20,setup,204.964,70571920,0,0,false,full
UC4,label_compact_max,DB2,100000,20,precomp,0.000,0,0,0,false,full
UC4,label_compact_max,DB2,100000,20,encrypt,107.405,50931752,0,0,false,full
UC4,label_compact_max,DB2,100000,20,eval,2524.578,136296472,0,0,false,full
UC4,label_compact_max,DB2,100000,20,decrypt,123.195,15622112,60817408,1,true,full
UC4,label_compact_mb,DB2,100000,20,setup,201.063,56919488,0,0,false,full
UC4,label_compact_mb,DB2,100000,20,precomp,0.000,0,0,0,false,full
UC4,label_compact_mb,DB2,100000,20,encrypt,111.678,49510504,0,0,false,full
UC4,label_compact_mb,DB2,100000,20,eval,1662.473,104511840,0,0,false,full
UC4,label_compact_mb,DB2,100000,20,decrypt,104.376,-19135592,45088768,1,true,full
UC4,label_cf_scalar,DB2,100000,20,setup,11.752,5511664,0,0,false,full
UC4,label_cf_scalar,DB2,100000,20,precomp,0.000,0,0,0,false,full
UC4,label_cf_scalar,DB2,100000,20,encrypt,189.549,34534264,0,0,false,full
UC4,label_cf_scalar,DB2,100000,20,eval,67.653,86726560,0,0,false,full
UC4,label_cf_scalar,DB2,100000,20,decrypt,8.961,22324096,4194304,1,true,full
UC4,std,DB3,1000000,1,setup,226.430,70304264,0,0,false,full
UC4,std,DB3,1000000,1,precomp,0.000,0,0,0,false,full
UC4,std,DB3,1000000,1,encrypt,784.798,139445472,0,0,false,full
UC4,std,DB3,1000000,1,eval,16028.802,60002520,0,0,false,full
UC4,std,DB3,1000000,1,decrypt,7.917,11820368,4194304,1,true,full
UC4,label_compact,DB3,1000000,1,setup,187.865,51134576,0,0,false,full
UC4,label_compact,DB3,1000000,1,precomp,0.000,0,0,0,false,full
UC4,label_compact,DB3,1000000,1,encrypt,935.285,221688088,0,0,false,full
UC4,label_compact,DB3,1000000,1,eval,13837.310,523199656,0,0,false,full
UC4,label_compact,DB3,1000000,1,decrypt,837.642,189074680,391118848,1,true,full
UC4,label_compact_max,DB3,1000000,1,setup,189.949,56387584,0,0,false,full
UC4,label_compact_max,DB3,1000000,1,precomp,0.000,0,0,0,false,full
UC4,label_compact_max,DB3,1000000,1,encrypt,921.573,221688408,0,0,false,full
UC4,label_compact_max,DB3,1000000,1,eval,21576.024,324883920,0,0,false,full
UC4,label_compact_max,DB3,1000000,1,decrypt,999.930,212156712,522190848,1,true,full
UC4,label_compact_mb,DB3,1000000,1,setup,186.599,56387408,0,0,false,full
UC4,label_compact_mb,DB3,1000000,1,precomp,0.001,0,0,0,false,full
UC4,label_compact_mb,DB3,1000000,1,encrypt,966.678,194050712,0,0,false,full
UC4,label_compact_mb,DB3,1000000,1,eval,13852.294,421740064,0,0,false,full
UC4,label_compact_mb,DB3,1000000,1,decrypt,838.528,202336232,391118848,1,true,full
UC4,label_cf_scalar,DB3,1000000,1,setup,11.204,9993664,0,0,false,full
UC4,label_cf_scalar,DB3,1000000,1,precomp,0.000,0,0,0,false,full
UC4,label_cf_scalar,DB3,1000000,1,encrypt,1603.146,384284336,0,0,false,full
UC4,label_cf_scalar,DB3,1000000,1,eval,458.472,379070512,0,0,false,full
UC4,label_cf_scalar,DB3,1000000,1,decrypt,7.694,22324096,4194304,1,true,full
UC4,std,DB3,1000000,2,setup,215.995,54545976,0,0,false,full
UC4,std,DB3,1000000,2,precomp,0.000,0,0,0,false,full
UC4,std,DB3,1000000,2,encrypt,783.521,137270304,0,0,false,full
UC4,std,DB3,1000000,2,eval,16016.363,60002520,0,0,false,full
UC4,std,DB3,1000000,2,decrypt,7.233,11820368,4194304,1,true,full
UC4,label_compact,DB3,1000000,2,setup,185.322,72649824,0,0,false,full
UC4,label_compact,DB3,1000000,2,precomp,0.000,0,0,0,false,full
UC4,label_compact,DB3,1000000,2,encrypt,944.577,221687720,0,0,false,full
UC4,label_compact,DB3,1000000,2,eval,13849.478,586224064,0,0,false,full
UC4,label_compact,DB3,1000000,2,decrypt,838.387,202336232,391118848,1,true,full
UC4,label_compact_max,DB3,1000000,2,setup,187.101,51663744,0,0,false,full
UC4,label_compact_max,DB3,1000000,2,precomp,0.001,0,0,0,false,full
UC4,label_compact_max,DB3,1000000,2,encrypt,925.533,221688056,0,0,false,full
UC4,label_compact_max,DB3,1000000,2,eval,21612.670,451414088,0,0,false,full
UC4,label_compact_max,DB3,1000000,2,decrypt,1002.837,212152104,522190848,1,true,full
UC4,label_compact_mb,DB3,1000000,2,setup,187.954,77398544,0,0,false,full
UC4,label_compact_mb,DB3,1000000,2,precomp,0.000,0,0,0,false,full
UC4,label_compact_mb,DB3,1000000,2,encrypt,960.218,213607768,0,0,false,full
UC4,label_compact_mb,DB3,1000000,2,eval,13802.893,606599696,0,0,false,full
UC4,label_compact_mb,DB3,1000000,2,decrypt,838.777,189074680,391118848,1,true,full
UC4,label_cf_scalar,DB3,1000000,2,setup,9.902,10010792,0,0,false,full
UC4,label_cf_scalar,DB3,1000000,2,precomp,0.001,0,0,0,false,full
UC4,label_cf_scalar,DB3,1000000,2,encrypt,1595.901,389457544,0,0,false,full
UC4,label_cf_scalar,DB3,1000000,2,eval,450.377,381169392,0,0,false,full
UC4,label_cf_scalar,DB3,1000000,2,decrypt,7.650,22324096,4194304,1,true,full
UC4,std,DB3,1000000,3,setup,216.609,54546184,0,0,false,full
UC4,std,DB3,1000000,3,precomp,0.000,0,0,0,false,full
UC4,std,DB3,1000000,3,encrypt,782.115,137270304,0,0,false,full
UC4,std,DB3,1000000,3,eval,16024.505,60002520,0,0,false,full
UC4,std,DB3,1000000,3,decrypt,7.183,11820368,4194304,1,true,full
UC4,label_compact,DB3,1000000,3,setup,187.286,51134800,0,0,false,full
UC4,label_compact,DB3,1000000,3,precomp,0.000,0,0,0,false,full
UC4,label_compact,DB3,1000000,3,encrypt,925.220,221687880,0,0,false,full
UC4,label_compact,DB3,1000000,3,eval,13837.215,524352016,0,0,false,full
UC4,label_compact,DB3,1000000,3,decrypt,840.138,202336344,391118848,1,true,full
UC4,label_compact_max,DB3,1000000,3,setup,188.845,56387104,0,0,false,full
UC4,label_compact_max,DB3,1000000,3,precomp,0.000,0,0,0,false,full
UC4,label_compact_max,DB3,1000000,3,encrypt,919.049,221687848,0,0,false,full
UC4,label_compact_max,DB3,1000000,3,eval,21600.280,324891744,0,0,false,full
UC4,label_compact_max,DB3,1000000,3,decrypt,1000.864,241823400,522190848,1,true,full
UC4,label_compact_mb,DB3,1000000,3,setup,190.968,56919424,0,0,false,full
UC4,label_compact_mb,DB3,1000000,3,precomp,0.000,0,0,0,false,full
UC4,label_compact_mb,DB3,1000000,3,encrypt,965.901,194037528,0,0,false,full
UC4,label_compact_mb,DB3,1000000,3,eval,13852.100,624885096,0,0,false,full
UC4,label_compact_mb,DB3,1000000,3,decrypt,833.650,215597784,391118848,1,true,full
UC4,label_cf_scalar,DB3,1000000,3,setup,10.092,10010792,0,0,false,full
UC4,label_cf_scalar,DB3,1000000,3,precomp,0.000,0,0,0,false,full
UC4,label_cf_scalar,DB3,1000000,3,encrypt,1605.197,393162384,0,0,false,full
UC4,label_cf_scalar,DB3,1000000,3,eval,456.507,380119920,0,0,false,full
UC4,label_cf_scalar,DB3,1000000,3,decrypt,7.712,22324096,4194304,1,true,full
UC4,std,DB3,1000000,4,setup,214.948,75557336,0,0,false,full
UC4,std,DB3,1000000,4,precomp,0.000,0,0,0,false,full
UC4,std,DB3,1000000,4,encrypt,782.180,138357888,0,0,false,full
UC4,std,DB3,1000000,4,eval,15989.899,62109640,0,0,false,full
UC4,std,DB3,1000000,4,decrypt,7.836,11820368,4194304,1,true,full
UC4,label_compact,DB3,1000000,4,setup,190.341,77637888,0,0,false,full
UC4,label_compact,DB3,1000000,4,precomp,0.000,0,0,0,false,full
UC4,label_compact,DB3,1000000,4,encrypt,924.739,221687848,0,0,false,full
UC4,label_compact,DB3,1000000,4,eval,13814.209,586236336,0,0,false,full
UC4,label_compact,DB3,1000000,4,decrypt,844.061,204965808,391118848,1,true,full
UC4,label_compact_max,DB3,1000000,4,setup,187.614,56387216,0,0,false,full
UC4,label_compact_max,DB3,1000000,4,precomp,0.000,0,0,0,false,full
UC4,label_compact_max,DB3,1000000,4,encrypt,922.326,221688728,0,0,false,full
UC4,label_compact_max,DB3,1000000,4,eval,21571.447,683699008,0,0,false,full
UC4,label_compact_max,DB3,1000000,4,decrypt,996.674,197318472,522190848,1,true,full
UC4,label_compact_mb,DB3,1000000,4,setup,184.852,56387296,0,0,false,full
UC4,label_compact_mb,DB3,1000000,4,precomp,0.000,0,0,0,false,full
UC4,label_compact_mb,DB3,1000000,4,encrypt,964.164,194039224,0,0,false,full
UC4,label_compact_mb,DB3,1000000,4,eval,13835.257,539747584,0,0,false,full
UC4,label_compact_mb,DB3,1000000,4,decrypt,835.106,189074792,391118848,1,true,full
UC4,label_cf_scalar,DB3,1000000,4,setup,9.790,10010792,0,0,false,full
UC4,label_cf_scalar,DB3,1000000,4,precomp,0.000,0,0,0,false,full
UC4,label_cf_scalar,DB3,1000000,4,encrypt,1600.087,419882720,0,0,false,full
UC4,label_cf_scalar,DB3,1000000,4,eval,448.737,386416480,0,0,false,full
UC4,label_cf_scalar,DB3,1000000,4,decrypt,9.348,22324096,4194304,1,true,full
UC4,std,DB3,1000000,5,setup,219.409,54545992,0,0,false,full
UC4,std,DB3,1000000,5,precomp,0.000,0,0,0,false,full
UC4,std,DB3,1000000,5,encrypt,781.433,137270304,0,0,false,full
UC4,std,DB3,1000000,5,eval,16013.016,60002520,0,0,false,full
UC4,std,DB3,1000000,5,decrypt,7.181,11820368,4194304,1,true,full
UC4,label_compact,DB3,1000000,5,setup,185.690,77398896,0,0,false,full
UC4,label_compact,DB3,1000000,5,precomp,0.000,0,0,0,false,full
UC4,label_compact,DB3,1000000,5,encrypt,933.560,221688440,0,0,false,full
UC4,label_compact,DB3,1000000,5,eval,13821.362,627281336,0,0,false,full
UC4,label_compact,DB3,1000000,5,decrypt,838.069,202336232,391118848,1,true,full
UC4,label_compact_max,DB3,1000000,5,setup,187.377,51666576,0,0,false,full
UC4,label_compact_max,DB3,1000000,5,precomp,0.000,0,0,0,false,full
UC4,label_compact_max,DB3,1000000,5,encrypt,918.640,221689112,0,0,false,full
UC4,label_compact_max,DB3,1000000,5,eval,21595.306,346303200,0,0,false,full
UC4,label_compact_max,DB3,1000000,5,decrypt,1000.943,212156712,522190848,1,true,full
UC4,label_compact_mb,DB3,1000000,5,setup,189.803,56387088,0,0,false,full
UC4,label_compact_mb,DB3,1000000,5,precomp,0.000,0,0,0,false,full
UC4,label_compact_mb,DB3,1000000,5,encrypt,963.896,194046376,0,0,false,full
UC4,label_compact_mb,DB3,1000000,5,eval,13855.917,318723896,0,0,false,full
UC4,label_compact_mb,DB3,1000000,5,decrypt,832.891,215597784,391118848,1,true,full
UC4,label_cf_scalar,DB3,1000000,5,setup,10.592,5508800,0,0,false,full
UC4,label_cf_scalar,DB3,1000000,5,precomp,0.000,0,0,0,false,full
UC4,label_cf_scalar,DB3,1000000,5,encrypt,1604.571,399733568,0,0,false,full
UC4,label_cf_scalar,DB3,1000000,5,eval,451.287,374872880,0,0,false,full
UC4,label_cf_scalar,DB3,1000000,5,decrypt,7.723,22324096,4194304,1,true,full
UC4,std,DB3,1000000,6,setup,214.936,75821200,0,0,false,full
UC4,std,DB3,1000000,6,precomp,0.000,0,0,0,false,full
UC4,std,DB3,1000000,6,encrypt,788.476,142708224,0,0,false,full
UC4,std,DB3,1000000,6,eval,15987.608,75805928,0,0,false,full
UC4,std,DB3,1000000,6,decrypt,7.247,11820368,4194304,1,true,full
UC4,label_compact,DB3,1000000,6,setup,186.666,77398896,0,0,false,full
UC4,label_compact,DB3,1000000,6,precomp,0.000,0,0,0,false,full
UC4,label_compact,DB3,1000000,6,encrypt,928.959,221687928,0,0,false,full
UC4,label_compact,DB3,1000000,6,eval,13837.136,298368008,0,0,false,full
UC4,label_compact,DB3,1000000,6,decrypt,840.114,189074792,391118848,1,true,full
UC4,label_compact_max,DB3,1000000,6,setup,188.905,56387216,0,0,false,full
UC4,label_compact_max,DB3,1000000,6,precomp,0.000,0,0,0,false,full
UC4,label_compact_max,DB3,1000000,6,encrypt,931.542,221687976,0,0,false,full
UC4,label_compact_max,DB3,1000000,6,eval,21617.835,599350784,0,0,false,full
UC4,label_compact_max,DB3,1000000,6,decrypt,1001.265,226987976,522190848,1,true,full
UC4,label_compact_mb,DB3,1000000,6,setup,187.823,56387456,0,0,false,full
UC4,label_compact_mb,DB3,1000000,6,precomp,0.000,0,0,0,false,full
UC4,label_compact_mb,DB3,1000000,6,encrypt,955.951,194044744,0,0,false,full
UC4,label_compact_mb,DB3,1000000,6,eval,13845.733,483219640,0,0,false,full
UC4,label_compact_mb,DB3,1000000,6,decrypt,837.836,189074680,391118848,1,true,full
UC4,label_cf_scalar,DB3,1000000,6,setup,10.632,5511680,0,0,false,full
UC4,label_cf_scalar,DB3,1000000,6,precomp,0.000,0,0,0,false,full
UC4,label_cf_scalar,DB3,1000000,6,encrypt,1606.239,389457464,0,0,false,full
UC4,label_cf_scalar,DB3,1000000,6,eval,451.856,383268256,0,0,false,full
UC4,label_cf_scalar,DB3,1000000,6,decrypt,8.784,22324096,4194304,1,true,full
UC4,std,DB3,1000000,7,setup,217.056,54546200,0,0,false,full
UC4,std,DB3,1000000,7,precomp,0.000,0,0,0,false,full
UC4,std,DB3,1000000,7,encrypt,782.689,137270304,0,0,false,full
UC4,std,DB3,1000000,7,eval,16024.935,60002472,0,0,false,full
UC4,std,DB3,1000000,7,decrypt,9.361,11820368,4194304,1,true,full
UC4,label_compact,DB3,1000000,7,setup,188.488,77638576,0,0,false,full
UC4,label_compact,DB3,1000000,7,precomp,0.000,0,0,0,false,full
UC4,label_compact,DB3,1000000,7,encrypt,931.070,221687496,0,0,false,full
UC4,label_compact,DB3,1000000,7,eval,13837.430,483220824,0,0,false,full
UC4,label_compact,DB3,1000000,7,decrypt,839.506,195380576,391118848,1,true,full
UC4,label_compact_max,DB3,1000000,7,setup,184.028,77398560,0,0,false,full
UC4,label_compact_max,DB3,1000000,7,precomp,0.000,0,0,0,false,full
UC4,label_compact_max,DB3,1000000,7,encrypt,926.362,243096512,0,0,false,full
UC4,label_compact_max,DB3,1000000,7,eval,21600.897,493580304,0,0,false,full
UC4,label_compact_max,DB3,1000000,7,decrypt,995.596,197321864,522190848,1,true,full
UC4,label_compact_mb,DB3,1000000,7,setup,188.130,61640432,0,0,false,full
UC4,label_compact_mb,DB3,1000000,7,precomp,0.000,0,0,0,false,full
UC4,label_compact_mb,DB3,1000000,7,encrypt,965.695,194048264,0,0,false,full
UC4,label_compact_mb,DB3,1000000,7,eval,13830.575,496626176,0,0,false,full
UC4,label_compact_mb,DB3,1000000,7,decrypt,832.673,189074680,391118848,1,true,full
UC4,label_cf_scalar,DB3,1000000,7,setup,9.910,10010792,0,0,false,full
UC4,label_cf_scalar,DB3,1000000,7,precomp,0.000,0,0,0,false,full
UC4,label_cf_scalar,DB3,1000000,7,encrypt,1597.393,389457592,0,0,false,full
UC4,label_cf_scalar,DB3,1000000,7,eval,450.619,375264544,0,0,false,full
UC4,label_cf_scalar,DB3,1000000,7,decrypt,7.757,22324096,4194304,1,true,full
UC4,std,DB3,1000000,8,setup,216.551,59798952,0,0,false,full
UC4,std,DB3,1000000,8,precomp,0.000,0,0,0,false,full
UC4,std,DB3,1000000,8,encrypt,780.988,137814296,0,0,false,full
UC4,std,DB3,1000000,8,eval,16012.710,60002520,0,0,false,full
UC4,std,DB3,1000000,8,decrypt,8.206,11820368,4194304,1,true,full
UC4,label_compact,DB3,1000000,8,setup,194.556,51161824,0,0,false,full
UC4,label_compact,DB3,1000000,8,precomp,0.000,0,0,0,false,full
UC4,label_compact,DB3,1000000,8,encrypt,928.361,221688904,0,0,false,full
UC4,label_compact,DB3,1000000,8,eval,13811.630,318732504,0,0,false,full
UC4,label_compact,DB3,1000000,8,decrypt,836.421,202336344,391118848,1,true,full
UC4,label_compact_max,DB3,1000000,8,setup,188.568,51267448,0,0,false,full
UC4,label_compact_max,DB3,1000000,8,precomp,0.000,0,0,0,false,full
UC4,label_compact_max,DB3,1000000,8,encrypt,924.147,221688680,0,0,false,full
UC4,label_compact_max,DB3,1000000,8,eval,21606.117,662287216,0,0,false,full
UC4,label_compact_max,DB3,1000000,8,decrypt,1006.668,244975328,522190848,1,true,full
UC4,label_compact_mb,DB3,1000000,8,setup,187.552,51399592,0,0,false,full
UC4,label_compact_mb,DB3,1000000,8,precomp,0.000,0,0,0,false,full
UC4,label_compact_mb,DB3,1000000,8,encrypt,961.257,194036424,0,0,false,full
UC4,label_compact_mb,DB3,1000000,8,eval,13849.208,318732024,0,0,false,full
UC4,label_compact_mb,DB3,1000000,8,decrypt,837.773,16674504,391118848,1,true,full
UC4,label_cf_scalar,DB3,1000000,8,setup,10.259,5511680,0,0,false,full
UC4,label_cf_scalar,DB3,1000000,8,precomp,0.000,0,0,0,false,full
UC4,label_cf_scalar,DB3,1000000,8,encrypt,1600.276,384284496,0,0,false,full
UC4,label_cf_scalar,DB3,1000000,8,eval,459.470,386808144,0,0,false,full
UC4,label_cf_scalar,DB3,1000000,8,decrypt,7.742,22324096,4194304,1,true,full
UC4,std,DB3,1000000,9,setup,214.962,80545328,0,0,false,full
UC4,std,DB3,1000000,9,precomp,0.000,0,0,0,false,full
UC4,std,DB3,1000000,9,encrypt,789.025,143795808,0,0,false,full
UC4,std,DB3,1000000,9,eval,15989.875,182215560,0,0,false,full
UC4,std,DB3,1000000,9,decrypt,8.699,136800,4194304,1,true,full
UC4,label_compact,DB3,1000000,9,setup,187.360,56387072,0,0,false,full
UC4,label_compact,DB3,1000000,9,precomp,0.000,0,0,0,false,full
UC4,label_compact,DB3,1000000,9,encrypt,933.099,221687224,0,0,false,full
UC4,label_compact,DB3,1000000,9,eval,13807.941,464718856,0,0,false,full
UC4,label_compact,DB3,1000000,9,decrypt,834.672,202336232,391118848,1,true,full
UC4,label_compact_max,DB3,1000000,9,setup,187.788,56387584,0,0,false,full
UC4,label_compact_max,DB3,1000000,9,precomp,0.001,0,0,0,false,full
UC4,label_compact_max,DB3,1000000,9,encrypt,929.046,221688184,0,0,false,full
UC4,label_compact_max,DB3,1000000,9,eval,21604.863,388478216,0,0,false,full
UC4,label_compact_max,DB3,1000000,9,decrypt,997.846,212156824,522190848,1,true,full
UC4,label_compact_mb,DB3,1000000,9,setup,185.982,56387088,0,0,false,full
UC4,label_compact_mb,DB3,1000000,9,precomp,0.000,0,0,0,false,full
UC4,label_compact_mb,DB3,1000000,9,encrypt,962.737,194041608,0,0,false,full
UC4,label_compact_mb,DB3,1000000,9,eval,13813.721,359855712,0,0,false,full
UC4,label_compact_mb,DB3,1000000,9,decrypt,831.346,189074792,391118848,1,true,full
UC4,label_cf_scalar,DB3,1000000,9,setup,10.801,5511680,0,0,false,full
UC4,label_cf_scalar,DB3,1000000,9,precomp,0.000,0,0,0,false,full
UC4,label_cf_scalar,DB3,1000000,9,encrypt,1601.167,389457480,0,0,false,full
UC4,label_cf_scalar,DB3,1000000,9,eval,455.121,386416480,0,0,false,full
UC4,label_cf_scalar,DB3,1000000,9,decrypt,7.645,22324096,4194304,1,true,full
UC4,std,DB3,1000000,10,setup,217.001,54545976,0,0,false,full
UC4,std,DB3,1000000,10,precomp,0.000,0,0,0,false,full
UC4,std,DB3,1000000,10,encrypt,783.870,137270304,0,0,false,full
UC4,std,DB3,1000000,10,eval,16040.340,60002520,0,0,false,full
UC4,std,DB3,1000000,10,decrypt,7.852,11820368,4194304,1,true,full
UC4,label_compact,DB3,1000000,10,setup,186.929,77638544,0,0,false,full
UC4,label_compact,DB3,1000000,10,precomp,0.000,0,0,0,false,full
UC4,label_compact,DB3,1000000,10,encrypt,927.215,221687992,0,0,false,full
UC4,label_compact,DB3,1000000,10,eval,13838.080,442096384,0,0,false,full
UC4,label_compact,DB3,1000000,10,decrypt,837.455,193542520,391118848,1,true,full
UC4,label_compact_max,DB3,1000000,10,setup,188.103,77398560,0,0,false,full
UC4,label_compact_max,DB3,1000000,10,precomp,0.000,0,0,0,false,full
UC4,label_compact_max,DB3,1000000,10,encrypt,932.415,267762120,0,0,false,full
UC4,label_compact_max,DB3,1000000,10,eval,21597.706,427864104,0,0,false,full
UC4,label_compact_max,DB3,1000000,10,decrypt,1006.359,197321736,522190848,1,true,full
UC4,label_compact_mb,DB3,1000000,10,setup,188.751,56919376,0,0,false,full
UC4,label_compact_mb,DB3,1000000,10,precomp,0.001,0,0,0,false,full
UC4,label_compact_mb,DB3,1000000,10,encrypt,967.292,194038504,0,0,false,full
UC4,label_compact_mb,DB3,1000000,10,eval,13860.814,277608016,0,0,false,full
UC4,label_compact_mb,DB3,1000000,10,decrypt,838.858,189074680,391118848,1,true,full
UC4,label_cf_scalar,DB3,1000000,10,setup,9.775,10010792,0,0,false,full
UC4,label_cf_scalar,DB3,1000000,10,precomp,0.000,0,0,0,false,full
UC4,label_cf_scalar,DB3,1000000,10,encrypt,1595.464,389457368,0,0,false,full
UC4,label_cf_scalar,DB3,1000000,10,eval,452.971,385758624,0,0,false,full
UC4,label_cf_scalar,DB3,1000000,10,decrypt,7.679,22324096,4194304,1,true,full
UC4,std,DB3,1000000,11,setup,213.339,80545216,0,0,false,full
UC4,std,DB3,1000000,11,precomp,0.000,0,0,0,false,full
UC4,std,DB3,1000000,11,encrypt,783.097,141076840,0,0,false,full
UC4,std,DB3,1000000,11,eval,16002.229,74752360,0,0,false,full
UC4,std,DB3,1000000,11,decrypt,7.924,11820368,4194304,1,true,full
UC4,label_compact,DB3,1000000,11,setup,184.865,77398896,0,0,false,full
UC4,label_compact,DB3,1000000,11,precomp,0.000,0,0,0,false,full
UC4,label_compact,DB3,1000000,11,encrypt,929.695,221687736,0,0,false,full
UC4,label_compact,DB3,1000000,11,eval,13847.138,257260528,0,0,false,full
UC4,label_compact,DB3,1000000,11,decrypt,836.740,202336232,391118848,1,true,full
UC4,label_compact_max,DB3,1000000,11,setup,189.773,77398560,0,0,false,full
UC4,label_compact_max,DB3,1000000,11,precomp,0.000,0,0,0,false,full
UC4,label_compact_max,DB3,1000000,11,encrypt,926.918,288238776,0,0,false,full
UC4,label_compact_max,DB3,1000000,11,eval,21595.484,515001440,0,0,false,full
UC4,label_compact_max,DB3,1000000,11,decrypt,1000.316,212153000,522190848,1,true,full
UC4,label_compact_mb,DB3,1000000,11,setup,189.409,56387152,0,0,false,full
UC4,label_compact_mb,DB3,1000000,11,precomp,0.000,0,0,0,false,full
UC4,label_compact_mb,DB3,1000000,11,encrypt,964.192,194038248,0,0,false,full
UC4,label_compact_mb,DB3,1000000,11,eval,13834.803,421740720,0,0,false,full
UC4,label_compact_mb,DB3,1000000,11,decrypt,838.035,16674504,391118848,1,true,full
UC4,label_cf_scalar,DB3,1000000,11,setup,11.376,5511680,0,0,false,full
UC4,label_cf_scalar,DB3,1000000,11,precomp,0.000,0,0,0,false,full
UC4,label_cf_scalar,DB3,1000000,11,encrypt,1605.872,389457544,0,0,false,full
UC4,label_cf_scalar,DB3,1000000,11,eval,454.048,386416368,0,0,false,full
UC4,label_cf_scalar,DB3,1000000,11,decrypt,7.755,22324096,4194304,1,true,full
UC4,std,DB3,1000000,12,setup,216.680,54545992,0,0,false,full
UC4,std,DB3,1000000,12,precomp,0.000,0,0,0,false,full
UC4,std,DB3,1000000,12,encrypt,780.410,137270512,0,0,false,full
UC4,std,DB3,1000000,12,eval,16009.377,60002488,0,0,false,full
UC4,std,DB3,1000000,12,decrypt,7.695,11820368,4194304,1,true,full
UC4,label_compact,DB3,1000000,12,setup,186.634,77398896,0,0,false,full
UC4,label_compact,DB3,1000000,12,precomp,0.000,0,0,0,false,full
UC4,label_compact,DB3,1000000,12,encrypt,932.298,221688296,0,0,false,full
UC4,label_compact,DB3,1000000,12,eval,13829.335,567091208,0,0,false,full
UC4,label_compact,DB3,1000000,12,decrypt,836.761,215597784,391118848,1,true,full
UC4,label_compact_max,DB3,1000000,12,setup,188.920,77398672,0,0,false,full
UC4,label_compact_max,DB3,1000000,12,precomp,0.000,0,0,0,false,full
UC4,label_compact_max,DB3,1000000,12,encrypt,929.143,221687896,0,0,false,full
UC4,label_compact_max,DB3,1000000,12,eval,21594.541,557176008,0,0,false,full
UC4,label_compact_max,DB3,1000000,12,decrypt,999.908,212156824,522190848,1,true,full
UC4,label_compact_mb,DB3,1000000,12,setup,188.262,56387040,0,0,false,full
UC4,label_compact_mb,DB3,1000000,12,precomp,0.000,0,0,0,false,full
UC4,label_compact_mb,DB3,1000000,12,encrypt,960.179,194042264,0,0,false,full
UC4,label_compact_mb,DB3,1000000,12,eval,13835.540,421739952,0,0,false,full
UC4,label_compact_mb,DB3,1000000,12,decrypt,836.370,189074680,391118848,1,true,full
UC4,label_cf_scalar,DB3,1000000,12,setup,9.892,10010904,0,0,false,full
UC4,label_cf_scalar,DB3,1000000,12,precomp,0.000,0,0,0,false,full
UC4,label_cf_scalar,DB3,1000000,12,encrypt,1599.721,394560408,0,0,false,full
UC4,label_cf_scalar,DB3,1000000,12,eval,449.502,389564592,0,0,false,full
UC4,label_cf_scalar,DB3,1000000,12,decrypt,7.716,22324096,4194304,1,true,full
UC4,std,DB3,1000000,13,setup,215.790,54546200,0,0,false,full
UC4,std,DB3,1000000,13,precomp,0.000,0,0,0,false,full
UC4,std,DB3,1000000,13,encrypt,784.648,137270304,0,0,false,full
UC4,std,DB3,1000000,13,eval,16028.337,60002488,0,0,false,full
UC4,std,DB3,1000000,13,decrypt,7.204,11820368,4194304,1,true,full
UC4,label_compact,DB3,1000000,13,setup,189.227,77375696,0,0,false,full
UC4,label_compact,DB3,1000000,13,precomp,0.000,0,0,0,false,full
UC4,label_compact,DB3,1000000,13,encrypt,926.109,221688024,0,0,false,full
UC4,label_compact,DB3,1000000,13,eval,13815.316,578874320,0,0,false,full
UC4,label_compact,DB3,1000000,13,decrypt,844.585,199186448,391118848,1,true,full
UC4,label_compact_max,DB3,1000000,13,setup,189.591,56916608,0,0,false,full
UC4,label_compact_max,DB3,1000000,13,precomp,0.000,0,0,0,false,full
UC4,label_compact_max,DB3,1000000,13,encrypt,922.895,221687240,0,0,false,full
UC4,label_compact_max,DB3,1000000,13,eval,21600.989,725866952,0,0,false,full
UC4,label_compact_max,DB3,1000000,13,decrypt,1001.764,200470400,522190848,1,true,full
UC4,label_compact_mb,DB3,1000000,13,setup,185.758,56916272,0,0,false,full
UC4,label_compact_mb,DB3,1000000,13,precomp,0.000,0,0,0,false,full
UC4,label_compact_mb,DB3,1000000,13,encrypt,964.123,194037336,0,0,false,full
UC4,label_compact_mb,DB3,1000000,13,eval,13856.812,216120184,0,0,false,full
UC4,label_compact_mb,DB3,1000000,13,decrypt,837.800,189074680,391118848,1,true,full
UC4,label_cf_scalar,DB3,1000000,13,setup,10.550,5511680,0,0,false,full
UC4,label_cf_scalar,DB3,1000000,13,precomp,0.000,0,0,0,false,full
UC4,label_cf_scalar,DB3,1000000,13,encrypt,1607.632,384284320,0,0,false,full
UC4,label_cf_scalar,DB3,1000000,13,eval,456.729,374215360,0,0,false,full
UC4,label_cf_scalar,DB3,1000000,13,decrypt,7.684,22324096,4194304,1,true,full
UC4,std,DB3,1000000,14,setup,215.090,54545976,0,0,false,full
UC4,std,DB3,1000000,14,precomp,0.000,0,0,0,false,full
UC4,std,DB3,1000000,14,encrypt,783.036,137270304,0,0,false,full
UC4,std,DB3,1000000,14,eval,16027.845,60002520,0,0,false,full
UC4,std,DB3,1000000,14,decrypt,7.228,11820368,4194304,1,true,full
UC4,label_compact,DB3,1000000,14,setup,189.767,77398640,0,0,false,full
UC4,label_compact,DB3,1000000,14,precomp,0.000,0,0,0,false,full
UC4,label_compact,DB3,1000000,14,encrypt,930.791,221688024,0,0,false,full
UC4,label_compact,DB3,1000000,14,eval,13805.545,421740720,0,0,false,full
UC4,label_compact,DB3,1000000,14,decrypt,835.566,215598344,391118848,1,true,full
UC4,label_compact_max,DB3,1000000,14,setup,190.527,77377776,0,0,false,full
UC4,label_compact_max,DB3,1000000,14,precomp,0.000,0,0,0,false,full
UC4,label_compact_max,DB3,1000000,14,encrypt,925.641,221688072,0,0,false,full
UC4,label_compact_max,DB3,1000000,14,eval,21605.291,681774520,0,0,false,full
UC4,label_compact_max,DB3,1000000,14,decrypt,1001.384,197318472,522190848,1,true,full
UC4,label_compact_mb,DB3,1000000,14,setup,186.440,56919488,0,0,false,full
UC4,label_compact_mb,DB3,1000000,14,precomp,0.000,0,0,0,false,full
UC4,label_compact_mb,DB3,1000000,14,encrypt,957.839,194046136,0,0,false,full
UC4,label_compact_mb,DB3,1000000,14,eval,13866.595,604523640,0,0,false,full
UC4,label_compact_mb,DB3,1000000,14,decrypt,839.425,189074904,391118848,1,true,full
UC4,label_cf_scalar,DB3,1000000,14,setup,10.747,5511680,0,0,false,full
UC4,label_cf_scalar,DB3,1000000,14,precomp,0.000,0,0,0,false,full
UC4,label_cf_scalar,DB3,1000000,14,encrypt,1601.090,399733616,0,0,false,full
UC4,label_cf_scalar,DB3,1000000,14,eval,457.594,373823472,0,0,false,full
UC4,label_cf_scalar,DB3,1000000,14,decrypt,7.699,22324096,4194304,1,true,full
UC4,std,DB3,1000000,15,setup,218.585,80545600,0,0,false,full
UC4,std,DB3,1000000,15,precomp,0.000,0,0,0,false,full
UC4,std,DB3,1000000,15,encrypt,786.765,142709144,0,0,false,full
UC4,std,DB3,1000000,15,eval,16009.293,76859480,0,0,false,full
UC4,std,DB3,1000000,15,decrypt,7.235,11820368,4194304,1,true,full
UC4,label_compact,DB3,1000000,15,setup,188.395,77398896,0,0,false,full
UC4,label_compact,DB3,1000000,15,precomp,0.000,0,0,0,false,full
UC4,label_compact,DB3,1000000,15,encrypt,928.039,221687160,0,0,false,full
UC4,label_compact,DB3,1000000,15,eval,13841.045,421739840,0,0,false,full
UC4,label_compact,DB3,1000000,15,decrypt,841.462,202336232,391118848,1,true,full
UC4,label_compact_max,DB3,1000000,15,setup,187.763,54813280,0,0,false,full
UC4,label_compact_max,DB3,1000000,15,precomp,0.000,0,0,0,false,full
UC4,label_compact_max,DB3,1000000,15,encrypt,926.553,221687992,0,0,false,full
UC4,label_compact_max,DB3,1000000,15,eval,21606.402,577925488,0,0,false,full
UC4,label_compact_max,DB3,1000000,15,decrypt,1000.565,197318584,522190848,1,true,full
UC4,label_compact_mb,DB3,1000000,15,setup,184.353,67421328,0,0,false,full
UC4,label_compact_mb,DB3,1000000,15,precomp,0.000,0,0,0,false,full
UC4,label_compact_mb,DB3,1000000,15,encrypt,960.772,194046456,0,0,false,full
UC4,label_compact_mb,DB3,1000000,15,eval,13825.576,339492592,0,0,false,full
UC4,label_compact_mb,DB3,1000000,15,decrypt,837.463,182119024,391118848,1,true,full
UC4,label_cf_scalar,DB3,1000000,15,setup,10.603,5511680,0,0,false,full
UC4,label_cf_scalar,DB3,1000000,15,precomp,0.000,0,0,0,false,full
UC4,label_cf_scalar,DB3,1000000,15,encrypt,1599.492,384284352,0,0,false,full
UC4,label_cf_scalar,DB3,1000000,15,eval,455.069,415142160,0,0,false,full
UC4,label_cf_scalar,DB3,1000000,15,decrypt,7.756,22324096,4194304,1,true,full
UC4,std,DB3,1000000,16,setup,218.317,54546248,0,0,false,full
UC4,std,DB3,1000000,16,precomp,0.000,0,0,0,false,full
UC4,std,DB3,1000000,16,encrypt,781.898,137270304,0,0,false,full
UC4,std,DB3,1000000,16,eval,16034.417,60002472,0,0,false,full
UC4,std,DB3,1000000,16,decrypt,7.158,11820368,4194304,1,true,full
UC4,label_compact,DB3,1000000,16,setup,189.870,77398896,0,0,false,full
UC4,label_compact,DB3,1000000,16,precomp,0.000,0,0,0,false,full
UC4,label_compact,DB3,1000000,16,encrypt,929.788,221687192,0,0,false,full
UC4,label_compact,DB3,1000000,16,eval,13847.516,236483896,0,0,false,full
UC4,label_compact,DB3,1000000,16,decrypt,836.420,202336232,391118848,1,true,full
UC4,label_compact_max,DB3,1000000,16,setup,189.097,77398560,0,0,false,full
UC4,label_compact_max,DB3,1000000,16,precomp,0.000,0,0,0,false,full
UC4,label_compact_max,DB3,1000000,16,encrypt,929.171,221687336,0,0,false,full
UC4,label_compact_max,DB3,1000000,16,eval,21603.705,409239872,0,0,false,full
UC4,label_compact_max,DB3,1000000,16,decrypt,998.504,189312544,522190848,1,true,full
UC4,label_compact_mb,DB3,1000000,16,setup,187.158,56387408,0,0,false,full
UC4,label_compact_mb,DB3,1000000,16,precomp,0.000,0,0,0,false,full
UC4,label_compact_mb,DB3,1000000,16,encrypt,962.548,194038936,0,0,false,full
UC4,label_compact_mb,DB3,1000000,16,eval,13851.703,400973768,0,0,false,full
UC4,label_compact_mb,DB3,1000000,16,decrypt,839.593,189074680,391118848,1,true,full
UC4,label_cf_scalar,DB3,1000000,16,setup,9.982,5508800,0,0,false,full
UC4,label_cf_scalar,DB3,1000000,16,precomp,0.000,0,0,0,false,full
UC4,label_cf_scalar,DB3,1000000,16,encrypt,1592.323,384284448,0,0,false,full
UC4,label_cf_scalar,DB3,1000000,16,eval,453.892,377363360,0,0,false,full
UC4,label_cf_scalar,DB3,1000000,16,decrypt,7.729,22324096,4194304,1,true,full
UC4,std,DB3,1000000,17,setup,215.916,54546104,0,0,false,full
UC4,std,DB3,1000000,17,precomp,0.000,0,0,0,false,full
UC4,std,DB3,1000000,17,encrypt,781.287,137270304,0,0,false,full
UC4,std,DB3,1000000,17,eval,16050.919,60002520,0,0,false,full
UC4,std,DB3,1000000,17,decrypt,7.173,11820368,4194304,1,true,full
UC4,label_compact,DB3,1000000,17,setup,189.517,51134688,0,0,false,full
UC4,label_compact,DB3,1000000,17,precomp,0.000,0,0,0,false,full
UC4,label_compact,DB3,1000000,17,encrypt,928.560,221687624,0,0,false,full
UC4,label_compact,DB3,1000000,17,eval,13823.787,359856368,0,0,false,full
UC4,label_compact,DB3,1000000,17,decrypt,833.705,202336344,391118848,1,true,full
UC4,label_compact_max,DB3,1000000,17,setup,186.581,56387104,0,0,false,full
UC4,label_compact_max,DB3,1000000,17,precomp,0.000,0,0,0,false,full
UC4,label_compact_max,DB3,1000000,17,encrypt,924.917,221688040,0,0,false,full
UC4,label_compact_max,DB3,1000000,17,eval,21603.901,493589872,0,0,false,full
UC4,label_compact_max,DB3,1000000,17,decrypt,1004.125,256657928,522190848,1,true,full
UC4,label_compact_mb,DB3,1000000,17,setup,190.010,56386640,0,0,false,full
UC4,label_compact_mb,DB3,1000000,17,precomp,0.000,0,0,0,false,full
UC4,label_compact_mb,DB3,1000000,17,encrypt,962.533,194038424,0,0,false,full
UC4,label_compact_mb,DB3,1000000,17,eval,13822.687,359856048,0,0,false,full
UC4,label_compact_mb,DB3,1000000,17,decrypt,836.239,189074680,391118848,1,true,full
UC4,label_cf_scalar,DB3,1000000,17,setup,12.209,5508800,0,0,false,full
UC4,label_cf_scalar,DB3,1000000,17,precomp,0.000,0,0,0,false,full
UC4,label_cf_scalar,DB3,1000000,17,encrypt,1594.762,384284384,0,0,false,full
UC4,label_cf_scalar,DB3,1000000,17,eval,460.217,383659808,0,0,false,full
UC4,label_cf_scalar,DB3,1000000,17,decrypt,8.335,22324096,4194304,1,true,full
UC4,std,DB3,1000000,18,setup,217.450,75821696,0,0,false,full
UC4,std,DB3,1000000,18,precomp,0.000,0,0,0,false,full
UC4,std,DB3,1000000,18,encrypt,781.848,139445472,0,0,false,full
UC4,std,DB3,1000000,18,eval,16027.142,63163192,0,0,false,full
UC4,std,DB3,1000000,18,decrypt,7.163,11820368,4194304,1,true,full
UC4,label_compact,DB3,1000000,18,setup,186.179,77375488,0,0,false,full
UC4,label_compact,DB3,1000000,18,precomp,0.001,0,0,0,false,full
UC4,label_compact,DB3,1000000,18,encrypt,930.086,221688504,0,0,false,full
UC4,label_compact,DB3,1000000,18,eval,13830.904,400980600,0,0,false,full
UC4,label_compact,DB3,1000000,18,decrypt,832.656,215599576,391118848,1,true,full
UC4,label_compact_max,DB3,1000000,18,setup,186.605,56520344,0,0,false,full
UC4,label_compact_max,DB3,1000000,18,precomp,0.000,0,0,0,false,full
UC4,label_compact_max,DB3,1000000,18,encrypt,922.704,221687832,0,0,false,full
UC4,label_compact_max,DB3,1000000,18,eval,21607.528,577929760,0,0,false,full
UC4,label_compact_max,DB3,1000000,18,decrypt,1001.782,226988424,522190848,1,true,full
UC4,label_compact_mb,DB3,1000000,18,setup,188.934,56919376,0,0,false,full
UC4,label_compact_mb,DB3,1000000,18,precomp,0.000,0,0,0,false,full
UC4,label_compact_mb,DB3,1000000,18,encrypt,964.084,194044088,0,0,false,full
UC4,label_compact_mb,DB3,1000000,18,eval,13830.424,627359688,0,0,false,full
UC4,label_compact_mb,DB3,1000000,18,decrypt,839.931,202336232,391118848,1,true,full
UC4,label_cf_scalar,DB3,1000000,18,setup,10.019,9993552,0,0,false,full
UC4,label_cf_scalar,DB3,1000000,18,precomp,0.000,0,0,0,false,full
UC4,label_cf_scalar,DB3,1000000,18,encrypt,1600.006,384284368,0,0,false,full
UC4,label_cf_scalar,DB3,1000000,18,eval,452.822,374215248,0,0,false,full
UC4,label_cf_scalar,DB3,1000000,18,decrypt,8.340,22324096,4194304,1,true,full
UC4,std,DB3,1000000,19,setup,215.036,64786992,0,0,false,full
UC4,std,DB3,1000000,19,precomp,0.000,0,0,0,false,full
UC4,std,DB3,1000000,19,encrypt,790.171,137270304,0,0,false,full
UC4,std,DB3,1000000,19,eval,16056.464,60002488,0,0,false,full
UC4,std,DB3,1000000,19,decrypt,7.455,11820368,4194304,1,true,full
UC4,label_compact,DB3,1000000,19,setup,186.284,51134800,0,0,false,full
UC4,label_compact,DB3,1000000,19,precomp,0.000,0,0,0,false,full
UC4,label_compact,DB3,1000000,19,encrypt,925.523,221688216,0,0,false,full
UC4,label_compact,DB3,1000000,19,eval,13825.985,400980280,0,0,false,full
UC4,label_compact,DB3,1000000,19,decrypt,838.072,189074680,391118848,1,true,full
UC4,label_compact_max,DB3,1000000,19,setup,190.846,56387104,0,0,false,full
UC4,label_compact_max,DB3,1000000,19,precomp,0.000,0,0,0,false,full
UC4,label_compact_max,DB3,1000000,19,encrypt,927.666,221687752,0,0,false,full
UC4,label_compact_max,DB3,1000000,19,eval,21576.719,304129528,0,0,false,full
UC4,label_compact_max,DB3,1000000,19,decrypt,999.807,189311984,522190848,1,true,full
UC4,label_compact_mb,DB3,1000000,19,setup,187.170,56651528,0,0,false,full
UC4,label_compact_mb,DB3,1000000,19,precomp,0.000,0,0,0,false,full
UC4,label_compact_mb,DB3,1000000,19,encrypt,962.393,194039496,0,0,false,full
UC4,label_compact_mb,DB3,1000000,19,eval,13847.209,586236352,0,0,false,full
UC4,label_compact_mb,DB3,1000000,19,decrypt,835.875,189074680,391118848,1,true,full
UC4,label_cf_scalar,DB3,1000000,19,setup,10.232,10010792,0,0,false,full
UC4,label_cf_scalar,DB3,1000000,19,precomp,0.000,0,0,0,false,full
UC4,label_cf_scalar,DB3,1000000,19,encrypt,1599.819,384284336,0,0,false,full
UC4,label_cf_scalar,DB3,1000000,19,eval,450.753,388515296,0,0,false,full
UC4,label_cf_scalar,DB3,1000000,19,decrypt,8.304,22324096,4194304,1,true,full
UC4,std,DB3,1000000,20,setup,216.654,59798840,0,0,false,full
UC4,std,DB3,1000000,20,precomp,0.000,0,0,0,false,full
UC4,std,DB3,1000000,20,encrypt,781.237,137270304,0,0,false,full
UC4,std,DB3,1000000,20,eval,15985.398,60002520,0,0,false,full
UC4,std,DB3,1000000,20,decrypt,7.806,11820368,4194304,1,true,full
UC4,label_compact,DB3,1000000,20,setup,187.404,51267448,0,0,false,full
UC4,label_compact,DB3,1000000,20,precomp,0.000,0,0,0,false,full
UC4,label_compact,DB3,1000000,20,encrypt,926.280,221687704,0,0,false,full
UC4,label_compact,DB3,1000000,20,eval,13818.568,318731464,0,0,false,full
UC4,label_compact,DB3,1000000,20,decrypt,835.331,215597896,391118848,1,true,full
UC4,label_compact_max,DB3,1000000,20,setup,188.031,77398560,0,0,false,full
UC4,label_compact_max,DB3,1000000,20,precomp,0.000,0,0,0,false,full
UC4,label_compact_max,DB3,1000000,20,encrypt,923.813,257522856,0,0,false,full
UC4,label_compact_max,DB3,1000000,20,eval,21599.819,346297136,0,0,false,full
UC4,label_compact_max,DB3,1000000,20,decrypt,1000.404,226988424,522190848,1,true,full
UC4,label_compact_mb,DB3,1000000,20,setup,185.825,56919376,0,0,false,full
UC4,label_compact_mb,DB3,1000000,20,precomp,0.000,0,0,0,false,full
UC4,label_compact_mb,DB3,1000000,20,encrypt,957.504,194037624,0,0,false,full
UC4,label_compact_mb,DB3,1000000,20,eval,13816.072,437934232,0,0,false,full
UC4,label_compact_mb,DB3,1000000,20,decrypt,837.978,215597784,391118848,1,true,full
UC4,label_cf_scalar,DB3,1000000,20,setup,9.798,5508800,0,0,false,full
UC4,label_cf_scalar,DB3,1000000,20,precomp,0.000,0,0,0,false,full
UC4,label_cf_scalar,DB3,1000000,20,encrypt,1602.293,384284352,0,0,false,full
UC4,label_cf_scalar,DB3,1000000,20,eval,453.426,387465776,0,0,false,full
UC4,label_cf_scalar,DB3,1000000,20,decrypt,7.730,22324096,4194304,1,true,full
UC4,std,DB1,512,1,setup,221.427,68463600,0,0,false,tight
UC4,std,DB1,512,1,precomp,0.000,0,0,0,false,tight
UC4,std,DB1,512,1,encrypt,13.407,7139048,0,0,false,tight
UC4,std,DB1,512,1,eval,268.484,54298520,0,0,false,tight
UC4,std,DB1,512,1,decrypt,7.356,4860712,4194304,1,true,tight
UC4,label_compact,DB1,512,1,setup,204.019,67290272,0,0,false,tight
UC4,label_compact,DB1,512,1,precomp,0.001,0,0,0,false,tight
UC4,label_compact,DB1,512,1,encrypt,14.619,12598512,0,0,false,tight
UC4,label_compact,DB1,512,1,eval,246.514,24149688,0,0,false,tight
UC4,label_compact,DB1,512,1,decrypt,18.626,16679512,7340032,1,false,tight
UC4,label_compact_max,DB1,512,1,setup,203.690,51134832,0,0,false,tight
UC4,label_compact_max,DB1,512,1,precomp,0.000,0,0,0,false,tight
UC4,label_compact_max,DB1,512,1,encrypt,14.739,12598416,0,0,false,tight
UC4,label_compact_max,DB1,512,1,eval,380.297,48184632,0,0,false,tight
UC4,label_compact_max,DB1,512,1,decrypt,21.789,1846832,10485760,1,true,tight
UC4,label_compact_mb,DB1,512,1,setup,205.192,61640064,0,0,false,tight
UC4,label_compact_mb,DB1,512,1,precomp,0.000,0,0,0,false,tight
UC4,label_compact_mb,DB1,512,1,encrypt,15.120,11966848,0,0,false,tight
UC4,label_compact_mb,DB1,512,1,eval,249.282,65261744,0,0,false,tight
UC4,label_compact_mb,DB1,512,1,decrypt,18.906,-1570944,7340032,1,false,tight
UC4,label_cf_scalar,DB1,512,1,setup,11.349,5508896,0,0,false,tight
UC4,label_cf_scalar,DB1,512,1,precomp,0.000,0,0,0,false,tight
UC4,label_cf_scalar,DB1,512,1,encrypt,27.779,14462600,0,0,false,tight
UC4,label_cf_scalar,DB1,512,1,eval,17.413,21133808,0,0,false,tight
UC4,label_cf_scalar,DB1,512,1,decrypt,8.333,14970896,4194304,1,true,tight
UC4,std,DB1,512,2,setup,236.486,54678368,0,0,false,tight
UC4,std,DB1,512,2,precomp,0.000,0,0,0,false,tight
UC4,std,DB1,512,2,encrypt,12.719,7139048,0,0,false,tight
UC4,std,DB1,512,2,eval,269.308,54298520,0,0,false,tight
UC4,std,DB1,512,2,decrypt,8.366,-2226272,4194304,1,true,tight
UC4,label_compact,DB1,512,2,setup,203.089,60066224,0,0,false,tight
UC4,label_compact,DB1,512,2,precomp,0.000,0,0,0,false,tight
UC4,label_compact,DB1,512,2,encrypt,16.168,12598176,0,0,false,tight
UC4,label_compact,DB1,512,2,eval,248.699,65273520,0,0,false,tight
UC4,label_compact,DB1,512,2,decrypt,17.225,16674952,7340032,1,false,tight
UC4,label_compact_max,DB1,512,2,setup,206.062,56919440,0,0,false,tight
UC4,label_compact_max,DB1,512,2,precomp,0.000,0,0,0,false,tight
UC4,label_compact_max,DB1,512,2,encrypt,14.390,12598176,0,0,false,tight
UC4,label_compact_max,DB1,512,2,eval,381.006,48169656,0,0,false,tight
UC4,label_compact_max,DB1,512,2,decrypt,23.110,22450528,10485760,1,true,tight
UC4,label_compact_mb,DB1,512,2,setup,204.249,51134592,0,0,false,tight
UC4,label_compact_mb,DB1,512,2,precomp,0.000,0,0,0,false,tight
UC4,label_compact_mb,DB1,512,2,encrypt,15.748,11968928,0,0,false,tight
UC4,label_compact_mb,DB1,512,2,eval,256.938,85637456,0,0,false,tight
UC4,label_compact_mb,DB1,512,2,decrypt,19.573,6571568,7340032,1,false,tight
UC4,label_cf_scalar,DB1,512,2,setup,10.119,5511664,0,0,false,tight
UC4,label_cf_scalar,DB1,512,2,precomp,0.000,0,0,0,false,tight
UC4,label_cf_scalar,DB1,512,2,encrypt,28.075,14462600,0,0,false,tight
UC4,label_cf_scalar,DB1,512,2,eval,15.702,42284224,0,0,false,tight
UC4,label_cf_scalar,DB1,512,2,decrypt,9.054,3935696,4194304,1,true,tight
UC4,std,DB1,512,3,setup,233.095,70039696,0,0,false,tight
UC4,std,DB1,512,3,precomp,0.000,0,0,0,false,tight
UC4,std,DB1,512,3,encrypt,13.453,7139048,0,0,false,tight
UC4,std,DB1,512,3,eval,269.578,52191400,0,0,false,tight
UC4,std,DB1,512,3,decrypt,8.968,-2226256,4194304,1,true,tight
UC4,label_compact,DB1,512,3,setup,205.524,70571952,0,0,false,tight
UC4,label_compact,DB1,512,3,precomp,0.000,0,0,0,false,tight
UC4,label_compact,DB1,512,3,encrypt,14.187,12598240,0,0,false,tight
UC4,label_compact,DB1,512,3,eval,258.944,65274176,0,0,false,tight
UC4,label_compact,DB1,512,3,decrypt,18.949,16675288,7340032,1,false,tight
UC4,label_compact_max,DB1,512,3,setup,203.163,72410168,0,0,false,tight
UC4,label_compact_max,DB1,512,3,precomp,0.001,0,0,0,false,tight
UC4,label_compact_max,DB1,512,3,encrypt,14.568,12598288,0,0,false,tight
UC4,label_compact_max,DB1,512,3,eval,384.193,68930480,0,0,false,tight
UC4,label_compact_max,DB1,512,3,decrypt,22.030,19298760,10485760,1,true,tight
UC4,label_compact_mb,DB1,512,3,setup,202.697,56916544,0,0,false,tight
UC4,label_compact_mb,DB1,512,3,precomp,0.000,0,0,0,false,tight
UC4,label_compact_mb,DB1,512,3,encrypt,14.968,11968464,0,0,false,tight
UC4,label_compact_mb,DB1,512,3,eval,255.494,44513496,0,0,false,tight
UC4,label_compact_mb,DB1,512,3,decrypt,16.996,16675288,7340032,1,false,tight
UC4,label_cf_scalar,DB1,512,3,setup,11.748,5508896,0,0,false,tight
UC4,label_cf_scalar,DB1,512,3,precomp,0.000,0,0,0,false,tight
UC4,label_cf_scalar,DB1,512,3,encrypt,26.200,14462600,0,0,false,tight
UC4,label_cf_scalar,DB1,512,3,eval,12.656,21133920,0,0,false,tight
UC4,label_cf_scalar,DB1,512,3,decrypt,8.907,14970896,4194304,1,true,tight
UC4,std,DB1,512,4,setup,233.443,70304584,0,0,false,tight
UC4,std,DB1,512,4,precomp,0.000,0,0,0,false,tight
UC4,std,DB1,512,4,encrypt,13.277,7139048,0,0,false,tight
UC4,std,DB1,512,4,eval,268.348,52191400,0,0,false,tight
UC4,std,DB1,512,4,decrypt,7.950,4860712,4194304,1,true,tight
UC4,label_compact,DB1,512,4,setup,203.918,51134800,0,0,false,tight
UC4,label_compact,DB1,512,4,precomp,0.000,0,0,0,false,tight
UC4,label_compact,DB1,512,4,encrypt,17.013,12598432,0,0,false,tight
UC4,label_compact,DB1,512,4,eval,254.019,85638000,0,0,false,tight
UC4,label_compact,DB1,512,4,decrypt,19.208,16675288,7340032,1,false,tight
UC4,label_compact_max,DB1,512,4,setup,208.357,51399320,0,0,false,tight
UC4,label_compact_max,DB1,512,4,precomp,0.000,0,0,0,false,tight
UC4,label_compact_max,DB1,512,4,encrypt,16.221,12598576,0,0,false,tight
UC4,label_compact_max,DB1,512,4,eval,377.179,68945648,0,0,false,tight
UC4,label_compact_max,DB1,512,4,decrypt,21.737,19297304,10485760,1,true,tight
UC4,label_compact_mb,DB1,512,4,setup,206.335,61904664,0,0,false,tight
UC4,label_compact_mb,DB1,512,4,precomp,0.000,0,0,0,false,tight
UC4,label_compact_mb,DB1,512,4,encrypt,15.487,11965888,0,0,false,tight
UC4,label_compact_mb,DB1,512,4,eval,252.225,44513384,0,0,false,tight
UC4,label_compact_mb,DB1,512,4,decrypt,18.410,16675288,7340032,1,false,tight
UC4,label_cf_scalar,DB1,512,4,setup,10.718,5508896,0,0,false,tight
UC4,label_cf_scalar,DB1,512,4,precomp,0.000,0,0,0,false,tight
UC4,label_cf_scalar,DB1,512,4,encrypt,29.300,8746176,0,0,false,tight
UC4,label_cf_scalar,DB1,512,4,eval,12.224,21133808,0,0,false,tight
UC4,label_cf_scalar,DB1,512,4,decrypt,10.421,3940000,4194304,1,true,tight
UC4,std,DB1,512,5,setup,241.075,54281264,0,0,false,tight
UC4,std,DB1,512,5,precomp,0.000,0,0,0,false,tight
UC4,std,DB1,512,5,encrypt,13.187,7139048,0,0,false,tight
UC4,std,DB1,512,5,eval,269.089,52191400,0,0,false,tight
UC4,std,DB1,512,5,decrypt,8.066,-2226272,4194304,1,true,tight
UC4,label_compact,DB1,512,5,setup,202.121,51134688,0,0,false,tight
UC4,label_compact,DB1,512,5,precomp,0.000,0,0,0,false,tight
UC4,label_compact,DB1,512,5,encrypt,14.942,12598320,0,0,false,tight
UC4,label_compact,DB1,512,5,eval,251.293,85628976,0,0,false,tight
UC4,label_compact,DB1,512,5,decrypt,18.412,16675736,7340032,1,false,tight
UC4,label_compact_max,DB1,512,5,setup,202.712,72146016,0,0,false,tight
UC4,label_compact_max,DB1,512,5,precomp,0.000,0,0,0,false,tight
UC4,label_compact_max,DB1,512,5,encrypt,14.280,12598240,0,0,false,tight
UC4,label_compact_max,DB1,512,5,eval,378.227,47907096,0,0,false,tight
UC4,label_compact_max,DB1,512,5,decrypt,24.556,-253112,10485760,1,true,tight
UC4,label_compact_mb,DB1,512,5,setup,204.965,51134592,0,0,false,tight
UC4,label_compact_mb,DB1,512,5,precomp,0.001,0,0,0,false,tight
UC4,label_compact_mb,DB1,512,5,encrypt,15.280,11967136,0,0,false,tight
UC4,label_compact_mb,DB1,512,5,eval,253.101,24150120,0,0,false,tight
UC4,label_compact_mb,DB1,512,5,decrypt,21.836,-1570608,7340032,1,false,tight
UC4,label_cf_scalar,DB1,512,5,setup,10.934,5508896,0,0,false,tight
UC4,label_cf_scalar,DB1,512,5,precomp,0.000,0,0,0,false,tight
UC4,label_cf_scalar,DB1,512,5,encrypt,27.537,14462600,0,0,false,tight
UC4,label_cf_scalar,DB1,512,5,eval,14.286,21133808,0,0,false,tight
UC4,label_cf_scalar,DB1,512,5,decrypt,7.760,14970896,4194304,1,true,tight
UC4,std,DB1,512,6,setup,234.373,59798840,0,0,false,tight
UC4,std,DB1,512,6,precomp,0.000,0,0,0,false,tight
UC4,std,DB1,512,6,encrypt,12.665,7139048,0,0,false,tight
UC4,std,DB1,512,6,eval,272.009,53244968,0,0,false,tight
UC4,std,DB1,512,6,decrypt,9.487,6305832,4194304,1,true,tight
UC4,label_compact,DB1,512,6,setup,204.930,51267528,0,0,false,tight
UC4,label_compact,DB1,512,6,precomp,0.000,0,0,0,false,tight
UC4,label_compact,DB1,512,6,encrypt,16.741,12598352,0,0,false,tight
UC4,label_compact,DB1,512,6,eval,258.083,85637104,0,0,false,tight
UC4,label_compact,DB1,512,6,decrypt,18.807,16674840,7340032,1,false,tight
UC4,label_compact_max,DB1,512,6,setup,202.236,72145696,0,0,false,tight
UC4,label_compact_max,DB1,512,6,precomp,0.000,0,0,0,false,tight
UC4,label_compact_max,DB1,512,6,encrypt,14.732,12598272,0,0,false,tight
UC4,label_compact_max,DB1,512,6,eval,392.540,48183960,0,0,false,tight
UC4,label_compact_max,DB1,512,6,decrypt,23.497,19301976,10485760,1,true,tight
UC4,label_compact_mb,DB1,512,6,setup,200.465,56916544,0,0,false,tight
UC4,label_compact_mb,DB1,512,6,precomp,0.001,0,0,0,false,tight
UC4,label_compact_mb,DB1,512,6,encrypt,15.624,11969232,0,0,false,tight
UC4,label_compact_mb,DB1,512,6,eval,254.874,65273968,0,0,false,tight
UC4,label_compact_mb,DB1,512,6,decrypt,17.864,16675288,7340032,1,false,tight
UC4,label_cf_scalar,DB1,512,6,setup,11.167,5508896,0,0,false,tight
UC4,label_cf_scalar,DB1,512,6,precomp,0.000,0,0,0,false,tight
UC4,label_cf_scalar,DB1,512,6,encrypt,26.975,14462600,0,0,false,tight
UC4,label_cf_scalar,DB1,512,6,eval,14.701,42275872,0,0,false,tight
UC4,label_cf_scalar,DB1,512,6,decrypt,8.825,14970896,4194304,1,true,tight
UC4,std,DB1,512,7,setup,233.822,60062304,0,0,false,tight
UC4,std,DB1,512,7,precomp,0.000,0,0,0,false,tight
UC4,std,DB1,512,7,encrypt,14.193,7139048,0,0,false,tight
UC4,std,DB1,512,7,eval,269.137,53245144,0,0,false,tight
UC4,std,DB1,512,7,decrypt,7.705,-2226384,4194304,1,true,tight
UC4,label_compact,DB1,512,7,setup,201.528,72145664,0,0,false,tight
UC4,label_compact,DB1,512,7,precomp,0.000,0,0,0,false,tight
UC4,label_compact,DB1,512,7,encrypt,15.460,12598160,0,0,false,tight
UC4,label_compact,DB1,512,7,eval,250.936,65265264,0,0,false,tight
UC4,label_compact,DB1,512,7,decrypt,17.125,19303680,7340032,1,false,tight
UC4,label_compact_max,DB1,512,7,setup,204.616,51398712,0,0,false,tight
UC4,label_compact_max,DB1,512,7,precomp,0.000,0,0,0,false,tight
UC4,label_compact_max,DB1,512,7,encrypt,15.691,12598272,0,0,false,tight
UC4,label_compact_max,DB1,512,7,eval,376.860,40860376,0,0,false,tight
UC4,label_compact_max,DB1,512,7,decrypt,23.240,-1832416,10485760,1,true,tight
UC4,label_compact_mb,DB1,512,7,setup,205.333,51134704,0,0,false,tight
UC4,label_compact_mb,DB1,512,7,precomp,0.000,0,0,0,false,tight
UC4,label_compact_mb,DB1,512,7,encrypt,15.713,11967680,0,0,false,tight
UC4,label_compact_mb,DB1,512,7,eval,249.569,44513928,0,0,false,tight
UC4,label_compact_mb,DB1,512,7,decrypt,19.520,4733776,7340032,1,false,tight
UC4,label_cf_scalar,DB1,512,7,setup,12.071,5508896,0,0,false,tight
UC4,label_cf_scalar,DB1,512,7,precomp,0.000,0,0,0,false,tight
UC4,label_cf_scalar,DB1,512,7,encrypt,25.660,14462600,0,0,false,tight
UC4,label_cf_scalar,DB1,512,7,eval,14.924,42269472,0,0,false,tight
UC4,label_cf_scalar,DB1,512,7,decrypt,9.077,14970896,4194304,1,true,tight
UC4,std,DB1,512,8,setup,230.100,63213024,0,0,false,tight
UC4,std,DB1,512,8,precomp,0.000,0,0,0,false,tight
UC4,std,DB1,512,8,encrypt,13.997,7139048,0,0,false,tight
UC4,std,DB1,512,8,eval,268.761,52191400,0,0,false,tight
UC4,std,DB1,512,8,decrypt,8.962,-2226272,4194304,1,true,tight
UC4,label_compact,DB1,512,8,setup,206.442,51127520,0,0,false,tight
UC4,label_compact,DB1,512,8,precomp,0.000,0,0,0,false,tight
UC4,label_compact,DB1,512,8,encrypt,14.383,12598368,0,0,false,tight
UC4,label_compact,DB1,512,8,eval,252.560,85603720,0,0,false,tight
UC4,label_compact,DB1,512,8,decrypt,19.763,-1566688,7340032,1,false,tight
UC4,label_compact_max,DB1,512,8,setup,213.862,51134720,0,0,false,tight
UC4,label_compact_max,DB1,512,8,precomp,0.000,0,0,0,false,tight
UC4,label_compact_max,DB1,512,8,encrypt,16.386,12598656,0,0,false,tight
UC4,label_compact_max,DB1,512,8,eval,380.440,48184072,0,0,false,tight
UC4,label_compact_max,DB1,512,8,decrypt,24.764,-1833408,10485760,1,true,tight
UC4,label_compact_mb,DB1,512,8,setup,202.235,70571856,0,0,false,tight
UC4,label_compact_mb,DB1,512,8,precomp,0.000,0,0,0,false,tight
UC4,label_compact_mb,DB1,512,8,encrypt,14.288,11969264,0,0,false,tight
UC4,label_compact_mb,DB1,512,8,eval,247.303,65274336,0,0,false,tight
UC4,label_compact_mb,DB1,512,8,decrypt,17.956,-1570496,7340032,1,false,tight
UC4,label_cf_scalar,DB1,512,8,setup,11.347,5508896,0,0,false,tight
UC4,label_cf_scalar,DB1,512,8,precomp,0.000,0,0,0,false,tight
UC4,label_cf_scalar,DB1,512,8,encrypt,29.418,14462600,0,0,false,tight
UC4,label_cf_scalar,DB1,512,8,eval,14.328,21134176,0,0,false,tight
UC4,label_cf_scalar,DB1,512,8,decrypt,8.371,14970896,4194304,1,true,tight
UC4,std,DB1,512,9,setup,244.057,68465776,0,0,false,tight
UC4,std,DB1,512,9,precomp,0.000,0,0,0,false,tight
UC4,std,DB1,512,9,encrypt,12.960,7139048,0,0,false,tight
UC4,std,DB1,512,9,eval,268.755,53245144,0,0,false,tight
UC4,std,DB1,512,9,decrypt,8.330,6305832,4194304,1,true,tight
UC4,label_compact,DB1,512,9,setup,198.281,61639936,0,0,false,tight
UC4,label_compact,DB1,512,9,precomp,0.000,0,0,0,false,tight
UC4,label_compact,DB1,512,9,encrypt,16.898,12598304,0,0,false,tight
UC4,label_compact,DB1,512,9,eval,250.833,44514200,0,0,false,tight
UC4,label_compact,DB1,512,9,decrypt,17.596,16679400,7340032,1,false,tight
UC4,label_compact_max,DB1,512,9,setup,205.507,61639968,0,0,false,tight
UC4,label_compact_max,DB1,512,9,precomp,0.000,0,0,0,false,tight
UC4,label_compact_max,DB1,512,9,encrypt,15.332,12598288,0,0,false,tight
UC4,label_compact_max,DB1,512,9,eval,378.020,90358240,0,0,false,tight
UC4,label_compact_max,DB1,512,9,decrypt,23.597,19301864,10485760,1,true,tight
UC4,label_compact_mb,DB1,512,9,setup,209.071,56916704,0,0,false,tight
UC4,label_compact_mb,DB1,512,9,precomp,0.000,0,0,0,false,tight
UC4,label_compact_mb,DB1,512,9,encrypt,15.946,11968384,0,0,false,tight
UC4,label_compact_mb,DB1,512,9,eval,249.658,65273552,0,0,false,tight
UC4,label_compact_mb,DB1,512,9,decrypt,18.677,-1570720,7340032,1,false,tight
UC4,label_cf_scalar,DB1,512,9,setup,10.879,5508896,0,0,false,tight
UC4,label_cf_scalar,DB1,512,9,precomp,0.000,0,0,0,false,tight
UC4,label_cf_scalar,DB1,512,9,encrypt,26.893,14462600,0,0,false,tight
UC4,label_cf_scalar,DB1,512,9,eval,12.998,21133808,0,0,false,tight
UC4,label_cf_scalar,DB1,512,9,decrypt,9.704,3940016,4194304,1,true,tight
UC4,std,DB1,512,10,setup,239.061,57960160,0,0,false,tight
UC4,std,DB1,512,10,precomp,0.000,0,0,0,false,tight
UC4,std,DB1,512,10,encrypt,13.813,7139048,0,0,false,tight
UC4,std,DB1,512,10,eval,270.140,54298520,0,0,false,tight
UC4,std,DB1,512,10,decrypt,10.489,-2226272,4194304,1,true,tight
UC4,label_compact,DB1,512,10,setup,198.322,62169664,0,0,false,tight
UC4,label_compact,DB1,512,10,precomp,0.000,0,0,0,false,tight
UC4,label_compact,DB1,512,10,encrypt,14.728,12598528,0,0,false,tight
UC4,label_compact,DB1,512,10,eval,254.582,85637120,0,0,false,tight
UC4,label_compact,DB1,512,10,decrypt,20.905,-1570720,7340032,1,false,tight
UC4,label_compact_max,DB1,512,10,setup,201.799,72410776,0,0,false,tight
UC4,label_compact_max,DB1,512,10,precomp,0.000,0,0,0,false,tight
UC4,label_compact_max,DB1,512,10,encrypt,14.184,12598240,0,0,false,tight
UC4,label_compact_max,DB1,512,10,eval,381.889,61583808,0,0,false,tight
UC4,label_compact_max,DB1,512,10,decrypt,22.815,-1832416,10485760,1,true,tight
UC4,label_compact_mb,DB1,512,10,setup,202.471,72145744,0,0,false,tight
UC4,label_compact_mb,DB1,512,10,precomp,0.000,0,0,0,false,tight
UC4,label_compact_mb,DB1,512,10,encrypt,14.031,11968384,0,0,false,tight
UC4,label_compact_mb,DB1,512,10,eval,255.302,44513384,0,0,false,tight
UC4,label_compact_mb,DB1,512,10,decrypt,17.258,16675288,7340032,1,false,tight
UC4,label_cf_scalar,DB1,512,10,setup,11.889,5508784,0,0,false,tight
UC4,label_cf_scalar,DB1,512,10,precomp,0.000,0,0,0,false,tight
UC4,label_cf_scalar,DB1,512,10,encrypt,26.151,14462712,0,0,false,tight
UC4,label_cf_scalar,DB1,512,10,eval,11.986,59448224,0,0,false,tight
UC4,label_cf_scalar,DB1,512,10,decrypt,10.340,3940016,4194304,1,true,tight
UC4,std,DB1,512,11,setup,233.070,68465664,0,0,false,tight
UC4,std,DB1,512,11,precomp,0.000,0,0,0,false,tight
UC4,std,DB1,512,11,encrypt,12.741,7139048,0,0,false,tight
UC4,std,DB1,512,11,eval,269.658,53244968,0,0,false,tight
UC4,std,DB1,512,11,decrypt,9.614,6305832,4194304,1,true,tight
UC4,label_compact,DB1,512,11,setup,200.058,66893232,0,0,false,tight
UC4,label_compact,DB1,512,11,precomp,0.000,0,0,0,false,tight
UC4,label_compact,DB1,512,11,encrypt,15.123,12598224,0,0,false,tight
UC4,label_compact,DB1,512,11,eval,255.785,44530040,0,0,false,tight
UC4,label_compact,DB1,512,11,decrypt,20.250,-1570944,7340032,1,false,tight
UC4,label_compact_max,DB1,512,11,setup,205.938,56919664,0,0,false,tight
UC4,label_compact_max,DB1,512,11,precomp,0.000,0,0,0,false,tight
UC4,label_compact_max,DB1,512,11,encrypt,15.465,12598432,0,0,false,tight
UC4,label_compact_max,DB1,512,11,eval,389.939,48183960,0,0,false,tight
UC4,label_compact_max,DB1,512,11,decrypt,24.902,-1833520,10485760,1,true,tight
UC4,label_compact_mb,DB1,512,11,setup,206.960,51134544,0,0,false,tight
UC4,label_compact_mb,DB1,512,11,precomp,0.000,0,0,0,false,tight
UC4,label_compact_mb,DB1,512,11,encrypt,14.317,11968640,0,0,false,tight
UC4,label_compact_mb,DB1,512,11,eval,252.641,34607464,0,0,false,tight
UC4,label_compact_mb,DB1,512,11,decrypt,17.409,16675288,7340032,1,false,tight
UC4,label_cf_scalar,DB1,512,11,setup,10.590,10010792,0,0,false,tight
UC4,label_cf_scalar,DB1,512,11,precomp,0.000,0,0,0,false,tight
UC4,label_cf_scalar,DB1,512,11,encrypt,26.324,14462600,0,0,false,tight
UC4,label_cf_scalar,DB1,512,11,eval,14.057,42284208,0,0,false,tight
UC4,label_cf_scalar,DB1,512,11,decrypt,9.250,11292592,4194304,1,true,tight
UC4,std,DB1,512,12,setup,230.780,65318960,0,0,false,tight
UC4,std,DB1,512,12,precomp,0.000,0,0,0,false,tight
UC4,std,DB1,512,12,encrypt,14.169,7139048,0,0,false,tight
UC4,std,DB1,512,12,eval,268.779,53244968,0,0,false,tight
UC4,std,DB1,512,12,decrypt,8.779,6305832,4194304,1,true,tight
UC4,label_compact,DB1,512,12,setup,206.721,72409944,0,0,false,tight
UC4,label_compact,DB1,512,12,precomp,0.000,0,0,0,false,tight
UC4,label_compact,DB1,512,12,encrypt,14.951,12598288,0,0,false,tight
UC4,label_compact,DB1,512,12,eval,255.958,44513384,0,0,false,tight
UC4,label_compact,DB1,512,12,decrypt,17.930,16674840,7340032,1,false,tight
UC4,label_compact_max,DB1,512,12,setup,201.724,72410280,0,0,false,tight
UC4,label_compact_max,DB1,512,12,precomp,0.000,0,0,0,false,tight
UC4,label_compact_max,DB1,512,12,encrypt,14.790,12598192,0,0,false,tight
UC4,label_compact_max,DB1,512,12,eval,376.523,48183992,0,0,false,tight
UC4,label_compact_max,DB1,512,12,decrypt,25.675,-1833520,10485760,1,true,tight
UC4,label_compact_mb,DB1,512,12,setup,204.619,51134656,0,0,false,tight
UC4,label_compact_mb,DB1,512,12,precomp,0.000,0,0,0,false,tight
UC4,label_compact_mb,DB1,512,12,encrypt,15.259,11968496,0,0,false,tight
UC4,label_compact_mb,DB1,512,12,eval,266.762,53612008,0,0,false,tight
UC4,label_compact_mb,DB1,512,12,decrypt,17.780,16679512,7340032,1,false,tight
UC4,label_cf_scalar,DB1,512,12,setup,10.851,5511888,0,0,false,tight
UC4,label_cf_scalar,DB1,512,12,precomp,0.000,0,0,0,false,tight
UC4,label_cf_scalar,DB1,512,12,encrypt,25.447,14462600,0,0,false,tight
UC4,label_cf_scalar,DB1,512,12,eval,16.588,42284352,0,0,false,tight
UC4,label_cf_scalar,DB1,512,12,decrypt,10.598,3936352,4194304,1,true,tight
UC4,std,DB1,512,13,setup,232.834,73718528,0,0,false,tight
UC4,std,DB1,512,13,precomp,0.000,0,0,0,false,tight
UC4,std,DB1,512,13,encrypt,12.755,7139048,0,0,false,tight
UC4,std,DB1,512,13,eval,267.619,52191400,0,0,false,tight
UC4,std,DB1,512,13,decrypt,7.873,4860712,4194304,1,true,tight
UC4,label_compact,DB1,512,13,setup,200.219,72145664,0,0,false,tight
UC4,label_compact,DB1,512,13,precomp,0.000,0,0,0,false,tight
UC4,label_compact,DB1,512,13,encrypt,14.372,12598176,0,0,false,tight
UC4,label_compact,DB1,512,13,eval,252.779,65273536,0,0,false,tight
UC4,label_compact,DB1,512,13,decrypt,16.529,16675288,7340032,1,false,tight
UC4,label_compact_max,DB1,512,13,setup,198.913,72146128,0,0,false,tight
UC4,label_compact_max,DB1,512,13,precomp,0.000,0,0,0,false,tight
UC4,label_compact_max,DB1,512,13,encrypt,15.665,12598336,0,0,false,tight
UC4,label_compact_max,DB1,512,13,eval,385.423,26772040,0,0,false,tight
UC4,label_compact_max,DB1,512,13,decrypt,20.786,19298200,10485760,1,true,tight
UC4,label_compact_mb,DB1,512,13,setup,202.996,51398568,0,0,false,tight
UC4,label_compact_mb,DB1,512,13,precomp,0.000,0,0,0,false,tight
UC4,label_compact_mb,DB1,512,13,encrypt,17.781,11968496,0,0,false,tight
UC4,label_compact_mb,DB1,512,13,eval,255.888,24150728,0,0,false,tight
UC4,label_compact_mb,DB1,512,13,decrypt,17.487,16675512,7340032,1,false,tight
UC4,label_cf_scalar,DB1,512,13,setup,11.158,5508944,0,0,false,tight
UC4,label_cf_scalar,DB1,512,13,precomp,0.000,0,0,0,false,tight
UC4,label_cf_scalar,DB1,512,13,encrypt,27.139,8746160,0,0,false,tight
UC4,label_cf_scalar,DB1,512,13,eval,12.257,59447776,0,0,false,tight
UC4,label_cf_scalar,DB1,512,13,decrypt,8.456,14970896,4194304,1,true,tight
UC4,std,DB1,512,14,setup,232.024,60066208,0,0,false,tight
UC4,std,DB1,512,14,precomp,0.000,0,0,0,false,tight
UC4,std,DB1,512,14,encrypt,13.108,7139048,0,0,false,tight
UC4,std,DB1,512,14,eval,268.336,52191464,0,0,false,tight
UC4,std,DB1,512,14,decrypt,7.331,6305832,4194304,1,true,tight
UC4,label_compact,DB1,512,14,setup,205.144,51134528,0,0,false,tight
UC4,label_compact,DB1,512,14,precomp,0.000,0,0,0,false,tight
UC4,label_compact,DB1,512,14,encrypt,16.552,12598128,0,0,false,tight
UC4,label_compact,DB1,512,14,eval,253.507,24149576,0,0,false,tight
UC4,label_compact,DB1,512,14,decrypt,17.904,16675064,7340032,1,false,tight
UC4,label_compact_max,DB1,512,14,setup,206.330,51134448,0,0,false,tight
UC4,label_compact_max,DB1,512,14,precomp,0.000,0,0,0,false,tight
UC4,label_compact_max,DB1,512,14,encrypt,16.618,12598320,0,0,false,tight
UC4,label_compact_max,DB1,512,14,eval,385.876,68945648,0,0,false,tight
UC4,label_compact_max,DB1,512,14,decrypt,23.592,19298648,10485760,1,true,tight
UC4,label_compact_mb,DB1,512,14,setup,203.031,51134544,0,0,false,tight
UC4,label_compact_mb,DB1,512,14,precomp,0.001,0,0,0,false,tight
UC4,label_compact_mb,DB1,512,14,encrypt,18.131,11967520,0,0,false,tight
UC4,label_compact_mb,DB1,512,14,eval,254.225,65261680,0,0,false,tight
UC4,label_compact_mb,DB1,512,14,decrypt,20.688,-1570496,7340032,1,false,tight
UC4,label_cf_scalar,DB1,512,14,setup,10.145,13173584,0,0,false,tight
UC4,label_cf_scalar,DB1,512,14,precomp,0.000,0,0,0,false,tight
UC4,label_cf_scalar,DB1,512,14,encrypt,25.676,14462600,0,0,false,tight
UC4,label_cf_scalar,DB1,512,14,eval,14.861,21119168,0,0,false,tight
UC4,label_cf_scalar,DB1,512,14,decrypt,9.869,14970896,4194304,1,true,tight
UC4,std,DB1,512,15,setup,231.614,68465776,0,0,false,tight
UC4,std,DB1,512,15,precomp,0.001,0,0,0,false,tight
UC4,std,DB1,512,15,encrypt,12.780,7139048,0,0,false,tight
UC4,std,DB1,512,15,eval,269.189,53245144,0,0,false,tight
UC4,std,DB1,512,15,decrypt,7.980,4860712,4194304,1,true,tight
UC4,label_compact,DB1,512,15,setup,200.445,60066224,0,0,false,tight
UC4,label_compact,DB1,512,15,precomp,0.000,0,0,0,false,tight
UC4,label_compact,DB1,512,15,encrypt,14.294,12598176,0,0,false,tight
UC4,label_compact,DB1,512,15,eval,249.261,85637232,0,0,false,tight
UC4,label_compact,DB1,512,15,decrypt,19.767,-1567280,7340032,1,false,tight
UC4,label_compact_max,DB1,512,15,setup,205.247,51134608,0,0,false,tight
UC4,label_compact_max,DB1,512,15,precomp,0.001,0,0,0,false,tight
UC4,label_compact_max,DB1,512,15,encrypt,15.698,12598416,0,0,false,tight
UC4,label_compact_max,DB1,512,15,eval,385.610,90358688,0,0,false,tight
UC4,label_compact_max,DB1,512,15,decrypt,22.936,-1833200,10485760,1,true,tight
UC4,label_compact_mb,DB1,512,15,setup,207.944,51134656,0,0,false,tight
UC4,label_compact_mb,DB1,512,15,precomp,0.000,0,0,0,false,tight
UC4,label_compact_mb,DB1,512,15,encrypt,16.378,11968800,0,0,false,tight
UC4,label_compact_mb,DB1,512,15,eval,255.280,65274448,0,0,false,tight
UC4,label_compact_mb,DB1,512,15,decrypt,16.470,16675176,7340032,1,false,tight
UC4,label_cf_scalar,DB1,512,15,setup,9.962,10010792,0,0,false,tight
UC4,label_cf_scalar,DB1,512,15,precomp,0.000,0,0,0,false,tight
UC4,label_cf_scalar,DB1,512,15,encrypt,26.830,14462600,0,0,false,tight
UC4,label_cf_scalar,DB1,512,15,eval,14.636,21133920,0,0,false,tight
UC4,label_cf_scalar,DB1,512,15,decrypt,9.143,14970896,4194304,1,true,tight
UC4,std,DB1,512,16,setup,235.794,70039856,0,0,false,tight
UC4,std,DB1,512,16,precomp,0.000,0,0,0,false,tight
UC4,std,DB1,512,16,encrypt,12.962,7139048,0,0,false,tight
UC4,std,DB1,512,16,eval,269.982,54298520,0,0,false,tight
UC4,std,DB1,512,16,decrypt,8.227,-2226272,4194304,1,true,tight
UC4,label_compact,DB1,512,16,setup,206.959,67425136,0,0,false,tight
UC4,label_compact,DB1,512,16,precomp,0.000,0,0,0,false,tight
UC4,label_compact,DB1,512,16,encrypt,14.195,12598320,0,0,false,tight
UC4,label_compact,DB1,512,16,eval,254.742,31002376,0,0,false,tight
UC4,label_compact,DB1,512,16,decrypt,18.299,-1570720,7340032,1,false,tight
UC4,label_compact_max,DB1,512,16,setup,201.470,67157304,0,0,false,tight
UC4,label_compact_max,DB1,512,16,precomp,0.001,0,0,0,false,tight
UC4,label_compact_max,DB1,512,16,encrypt,14.346,12598416,0,0,false,tight
UC4,label_compact_max,DB1,512,16,eval,376.421,48176808,0,0,false,tight
UC4,label_compact_max,DB1,512,16,decrypt,24.856,-1832416,10485760,1,true,tight
UC4,label_compact_mb,DB1,512,16,setup,207.670,62169264,0,0,false,tight
UC4,label_compact_mb,DB1,512,16,precomp,0.000,0,0,0,false,tight
UC4,label_compact_mb,DB1,512,16,encrypt,14.812,11967984,0,0,false,tight
UC4,label_compact_mb,DB1,512,16,eval,253.231,61475288,0,0,false,tight
UC4,label_compact_mb,DB1,512,16,decrypt,19.284,16675064,7340032,1,false,tight
UC4,label_cf_scalar,DB1,512,16,setup,11.135,10010904,0,0,false,tight
UC4,label_cf_scalar,DB1,512,16,precomp,0.000,0,0,0,false,tight
UC4,label_cf_scalar,DB1,512,16,encrypt,27.273,14462600,0,0,false,tight
UC4,label_cf_scalar,DB1,512,16,eval,14.040,42269472,0,0,false,tight
UC4,label_cf_scalar,DB1,512,16,decrypt,10.343,11292592,4194304,1,true,tight
UC4,std,DB1,512,17,setup,233.807,65319072,0,0,false,tight
UC4,std,DB1,512,17,precomp,0.000,0,0,0,false,tight
UC4,std,DB1,512,17,encrypt,12.894,7139048,0,0,false,tight
UC4,std,DB1,512,17,eval,268.674,53244968,0,0,false,tight
UC4,std,DB1,512,17,decrypt,8.158,-2226160,4194304,1,true,tight
UC4,label_compact,DB1,512,17,setup,201.443,56916320,0,0,false,tight
UC4,label_compact,DB1,512,17,precomp,0.000,0,0,0,false,tight
UC4,label_compact,DB1,512,17,encrypt,14.933,12598560,0,0,false,tight
UC4,label_compact,DB1,512,17,eval,254.980,44514040,0,0,false,tight
UC4,label_compact,DB1,512,17,decrypt,17.097,16674840,7340032,1,false,tight
UC4,label_compact_max,DB1,512,17,setup,207.593,51134608,0,0,false,tight
UC4,label_compact_max,DB1,512,17,precomp,0.000,0,0,0,false,tight
UC4,label_compact_max,DB1,512,17,encrypt,15.310,12598160,0,0,false,tight
UC4,label_compact_max,DB1,512,17,eval,381.757,26771384,0,0,false,tight
UC4,label_compact_max,DB1,512,17,decrypt,24.289,-1833520,10485760,1,true,tight
UC4,label_compact_mb,DB1,512,17,setup,204.197,72145744,0,0,false,tight
UC4,label_compact_mb,DB1,512,17,precomp,0.001,0,0,0,false,tight
UC4,label_compact_mb,DB1,512,17,encrypt,14.136,11968368,0,0,false,tight
UC4,label_compact_mb,DB1,512,17,eval,260.979,71177880,0,0,false,tight
UC4,label_compact_mb,DB1,512,17,decrypt,20.303,-1570720,7340032,1,false,tight
UC4,label_cf_scalar,DB1,512,17,setup,11.259,5508784,0,0,false,tight
UC4,label_cf_scalar,DB1,512,17,precomp,0.000,0,0,0,false,tight
UC4,label_cf_scalar,DB1,512,17,encrypt,27.801,14462600,0,0,false,tight
UC4,label_cf_scalar,DB1,512,17,eval,17.049,42276000,0,0,false,tight
UC4,label_cf_scalar,DB1,512,17,decrypt,9.356,14970896,4194304,1,true,tight
UC4,std,DB1,512,18,setup,233.151,65318960,0,0,false,tight
UC4,std,DB1,512,18,precomp,0.000,0,0,0,false,tight
UC4,std,DB1,512,18,encrypt,13.068,7139048,0,0,false,tight
UC4,std,DB1,512,18,eval,270.956,53244968,0,0,false,tight
UC4,std,DB1,512,18,decrypt,8.411,6305832,4194304,1,true,tight
UC4,label_compact,DB1,512,18,setup,201.383,66893280,0,0,false,tight
UC4,label_compact,DB1,512,18,precomp,0.000,0,0,0,false,tight
UC4,label_compact,DB1,512,18,encrypt,14.176,12598384,0,0,false,tight
UC4,label_compact,DB1,512,18,eval,243.184,65274176,0,0,false,tight
UC4,label_compact,DB1,512,18,decrypt,20.009,-1570944,7340032,1,false,tight
UC4,label_compact_max,DB1,512,18,setup,206.105,56387472,0,0,false,tight
UC4,label_compact_max,DB1,512,18,precomp,0.000,0,0,0,false,tight
UC4,label_compact_max,DB1,512,18,encrypt,15.736,12598224,0,0,false,tight
UC4,label_compact_max,DB1,512,18,eval,381.235,48184072,0,0,false,tight
UC4,label_compact_max,DB1,512,18,decrypt,23.222,19297304,10485760,1,true,tight
UC4,label_compact_mb,DB1,512,18,setup,201.171,70571920,0,0,false,tight
UC4,label_compact_mb,DB1,512,18,precomp,0.000,0,0,0,false,tight
UC4,label_compact_mb,DB1,512,18,encrypt,15.124,11967472,0,0,false,tight
UC4,label_compact_mb,DB1,512,18,eval,258.424,88782920,0,0,false,tight
UC4,label_compact_mb,DB1,512,18,decrypt,20.070,16679400,7340032,1,false,tight
UC4,label_cf_scalar,DB1,512,18,setup,10.497,5508896,0,0,false,tight
UC4,label_cf_scalar,DB1,512,18,precomp,0.000,0,0,0,false,tight
UC4,label_cf_scalar,DB1,512,18,encrypt,24.922,14462600,0,0,false,tight
UC4,label_cf_scalar,DB1,512,18,eval,15.578,42269584,0,0,false,tight
UC4,label_cf_scalar,DB1,512,18,decrypt,9.918,3935696,4194304,1,true,tight
UC4,std,DB1,512,19,setup,232.106,65319072,0,0,false,tight
UC4,std,DB1,512,19,precomp,0.000,0,0,0,false,tight
UC4,std,DB1,512,19,encrypt,12.683,7139048,0,0,false,tight
UC4,std,DB1,512,19,eval,267.869,53245144,0,0,false,tight
UC4,std,DB1,512,19,decrypt,8.243,4860712,4194304,1,true,tight
UC4,label_compact,DB1,512,19,setup,201.647,62169520,0,0,false,tight
UC4,label_compact,DB1,512,19,precomp,0.000,0,0,0,false,tight
UC4,label_compact,DB1,512,19,encrypt,14.128,12598448,0,0,false,tight
UC4,label_compact,DB1,512,19,eval,254.673,24149688,0,0,false,tight
UC4,label_compact,DB1,512,19,decrypt,16.672,16676184,7340032,1,false,tight
UC4,label_compact_max,DB1,512,19,setup,212.062,51134608,0,0,false,tight
UC4,label_compact_max,DB1,512,19,precomp,0.000,0,0,0,false,tight
UC4,label_compact_max,DB1,512,19,encrypt,15.351,12598496,0,0,false,tight
UC4,label_compact_max,DB1,512,19,eval,380.459,68946528,0,0,false,tight
UC4,label_compact_max,DB1,512,19,decrypt,23.534,-1833200,10485760,1,true,tight
UC4,label_compact_mb,DB1,512,19,setup,207.879,67157256,0,0,false,tight
UC4,label_compact_mb,DB1,512,19,precomp,0.000,0,0,0,false,tight
UC4,label_compact_mb,DB1,512,19,encrypt,15.477,11968160,0,0,false,tight
UC4,label_compact_mb,DB1,512,19,eval,248.533,65273296,0,0,false,tight
UC4,label_compact_mb,DB1,512,19,decrypt,18.041,16675624,7340032,1,false,tight
UC4,label_cf_scalar,DB1,512,19,setup,10.280,5511664,0,0,false,tight
UC4,label_cf_scalar,DB1,512,19,precomp,0.000,0,0,0,false,tight
UC4,label_cf_scalar,DB1,512,19,encrypt,27.790,14462600,0,0,false,tight
UC4,label_cf_scalar,DB1,512,19,eval,15.127,42275888,0,0,false,tight
UC4,label_cf_scalar,DB1,512,19,decrypt,9.698,3935696,4194304,1,true,tight
UC4,std,DB1,512,20,setup,233.635,65319184,0,0,false,tight
UC4,std,DB1,512,20,precomp,0.000,0,0,0,false,tight
UC4,std,DB1,512,20,encrypt,13.962,7139048,0,0,false,tight
UC4,std,DB1,512,20,eval,269.189,53244968,0,0,false,tight
UC4,std,DB1,512,20,decrypt,8.528,4860712,4194304,1,true,tight
UC4,label_compact,DB1,512,20,setup,203.373,56387552,0,0,false,tight
UC4,label_compact,DB1,512,20,precomp,0.000,0,0,0,false,tight
UC4,label_compact,DB1,512,20,encrypt,14.870,12598128,0,0,false,tight
UC4,label_compact,DB1,512,20,eval,252.423,85637344,0,0,false,tight
UC4,label_compact,DB1,512,20,decrypt,16.971,16675736,7340032,1,false,tight
UC4,label_compact_max,DB1,512,20,setup,200.713,61639968,0,0,false,tight
UC4,label_compact_max,DB1,512,20,precomp,0.000,0,0,0,false,tight
UC4,label_compact_max,DB1,512,20,encrypt,14.126,12598112,0,0,false,tight
UC4,label_compact_max,DB1,512,20,eval,379.888,90358352,0,0,false,tight
UC4,label_compact_max,DB1,512,20,decrypt,22.142,-1832192,10485760,1,true,tight
UC4,label_compact_mb,DB1,512,20,setup,204.228,70571808,0,0,false,tight
UC4,label_compact_mb,DB1,512,20,precomp,0.000,0,0,0,false,tight
UC4,label_compact_mb,DB1,512,20,encrypt,14.981,11967920,0,0,false,tight
UC4,label_compact_mb,DB1,512,20,eval,247.149,44505144,0,0,false,tight
UC4,label_compact_mb,DB1,512,20,decrypt,18.231,16675288,7340032,1,false,tight
UC4,label_cf_scalar,DB1,512,20,setup,12.662,5508896,0,0,false,tight
UC4,label_cf_scalar,DB1,512,20,precomp,0.000,0,0,0,false,tight
UC4,label_cf_scalar,DB1,512,20,encrypt,28.749,14462600,0,0,false,tight
UC4,label_cf_scalar,DB1,512,20,eval,15.037,21133824,0,0,false,tight
UC4,label_cf_scalar,DB1,512,20,decrypt,10.522,3935696,4194304,1,true,tight
UC4,std,DB2,100000,1,setup,229.618,63212736,0,0,false,tight
UC4,std,DB2,100000,1,precomp,0.000,0,0,0,false,tight
UC4,std,DB2,100000,1,encrypt,88.631,26251688,0,0,false,tight
UC4,std,DB2,100000,1,eval,1828.170,44034504,0,0,false,tight
UC4,std,DB2,100000,1,decrypt,8.396,6306024,4194304,1,true,tight
UC4,label_compact,DB2,100000,1,setup,195.111,56652312,0,0,false,tight
UC4,label_compact,DB2,100000,1,precomp,0.000,0,0,0,false,tight
UC4,label_compact,DB2,100000,1,encrypt,106.880,50931720,0,0,false,tight
UC4,label_compact,DB2,100000,1,eval,1672.931,63395896,0,0,false,tight
UC4,label_compact,DB2,100000,1,decrypt,107.068,16679624,45088768,1,false,tight
UC4,label_compact_max,DB2,100000,1,setup,203.608,56652344,0,0,false,tight
UC4,label_compact_max,DB2,100000,1,precomp,0.000,0,0,0,false,tight
UC4,label_compact_max,DB2,100000,1,encrypt,110.236,50931608,0,0,false,tight
UC4,label_compact_max,DB2,100000,1,eval,2530.043,115527072,0,0,false,tight
UC4,label_compact_max,DB2,100000,1,decrypt,123.922,-19916576,60817408,1,true,tight
UC4,label_compact_mb,DB2,100000,1,setup,201.994,56915936,0,0,false,tight
UC4,label_compact_mb,DB2,100000,1,precomp,0.001,0,0,0,false,tight
UC4,label_compact_mb,DB2,100000,1,encrypt,113.387,49509800,0,0,false,tight
UC4,label_compact_mb,DB2,100000,1,eval,1656.424,63395912,0,0,false,tight
UC4,label_compact_mb,DB2,100000,1,decrypt,101.169,-20452784,45088768,1,false,tight
UC4,label_cf_scalar,DB2,100000,1,setup,12.040,5511664,0,0,false,tight
UC4,label_cf_scalar,DB2,100000,1,precomp,0.000,0,0,0,false,tight
UC4,label_cf_scalar,DB2,100000,1,encrypt,189.192,38239184,0,0,false,tight
UC4,label_cf_scalar,DB2,100000,1,eval,61.850,80057680,0,0,false,tight
UC4,label_cf_scalar,DB2,100000,1,decrypt,7.626,22323920,4194304,1,true,tight
UC4,std,DB2,100000,2,setup,234.032,60063120,0,0,false,tight
UC4,std,DB2,100000,2,precomp,0.000,0,0,0,false,tight
UC4,std,DB2,100000,2,encrypt,91.379,26251688,0,0,false,tight
UC4,std,DB2,100000,2,eval,1823.314,39820424,0,0,false,tight
UC4,std,DB2,100000,2,decrypt,7.378,4860264,4194304,1,true,tight
UC4,label_compact,DB2,100000,2,setup,197.216,67425136,0,0,false,tight
UC4,label_compact,DB2,100000,2,precomp,0.000,0,0,0,false,tight
UC4,label_compact,DB2,100000,2,encrypt,105.631,50931608,0,0,false,tight
UC4,label_compact,DB2,100000,2,eval,1662.104,104520080,0,0,false,tight
UC4,label_compact,DB2,100000,2,decrypt,104.182,-19135784,45088768,1,false,tight
UC4,label_compact_max,DB2,100000,2,setup,201.978,70571872,0,0,false,tight
UC4,label_compact_max,DB2,100000,2,precomp,0.000,0,0,0,false,tight
UC4,label_compact_max,DB2,100000,2,encrypt,109.510,50931480,0,0,false,tight
UC4,label_compact_max,DB2,100000,2,eval,2552.396,73359080,0,0,false,tight
UC4,label_compact_max,DB2,100000,2,decrypt,120.181,39123688,60817408,1,true,tight
UC4,label_compact_mb,DB2,100000,2,setup,203.567,72145680,0,0,false,tight
UC4,label_compact_mb,DB2,100000,2,precomp,0.000,0,0,0,false,tight
UC4,label_compact_mb,DB2,100000,2,encrypt,116.713,49509560,0,0,false,tight
UC4,label_compact_mb,DB2,100000,2,eval,1670.910,104519536,0,0,false,tight
UC4,label_compact_mb,DB2,100000,2,decrypt,103.190,-19135784,45088768,1,false,tight
UC4,label_cf_scalar,DB2,100000,2,setup,10.198,5508784,0,0,false,tight
UC4,label_cf_scalar,DB2,100000,2,precomp,0.000,0,0,0,false,tight
UC4,label_cf_scalar,DB2,100000,2,encrypt,186.406,43412216,0,0,false,tight
UC4,label_cf_scalar,DB2,100000,2,eval,63.645,80057568,0,0,false,tight
UC4,label_cf_scalar,DB2,100000,2,decrypt,7.919,22323920,4194304,1,true,tight
UC4,std,DB2,100000,3,setup,227.302,60066096,0,0,false,tight
UC4,std,DB2,100000,3,precomp,0.000,0,0,0,false,tight
UC4,std,DB2,100000,3,encrypt,89.451,26251688,0,0,false,tight
UC4,std,DB2,100000,3,eval,1833.815,39820248,0,0,false,tight
UC4,std,DB2,100000,3,decrypt,8.582,4860264,4194304,1,true,tight
UC4,label_compact,DB2,100000,3,setup,194.024,56915920,0,0,false,tight
UC4,label_compact,DB2,100000,3,precomp,0.000,0,0,0,false,tight
UC4,label_compact,DB2,100000,3,encrypt,106.427,50931608,0,0,false,tight
UC4,label_compact,DB2,100000,3,eval,1670.747,102599832,0,0,false,tight
UC4,label_compact,DB2,100000,3,decrypt,104.498,16675288,45088768,1,false,tight
UC4,label_compact_max,DB2,100000,3,setup,207.712,67157432,0,0,false,tight
UC4,label_compact_max,DB2,100000,3,precomp,0.000,0,0,0,false,tight
UC4,label_compact_max,DB2,100000,3,encrypt,107.660,50931288,0,0,false,tight
UC4,label_compact_max,DB2,100000,3,eval,2538.748,115533920,0,0,false,tight
UC4,label_compact_max,DB2,100000,3,decrypt,120.358,-27007536,60817408,1,true,tight
UC4,label_compact_mb,DB2,100000,3,setup,200.708,56652328,0,0,false,tight
UC4,label_compact_mb,DB2,100000,3,precomp,0.000,0,0,0,false,tight
UC4,label_compact_mb,DB2,100000,3,encrypt,112.283,49513576,0,0,false,tight
UC4,label_compact_mb,DB2,100000,3,eval,1666.273,86010352,0,0,false,tight
UC4,label_compact_mb,DB2,100000,3,decrypt,104.200,-20452784,45088768,1,false,tight
UC4,label_cf_scalar,DB2,100000,3,setup,9.992,13141984,0,0,false,tight
UC4,label_cf_scalar,DB2,100000,3,precomp,0.000,0,0,0,false,tight
UC4,label_cf_scalar,DB2,100000,3,encrypt,187.932,38239184,0,0,false,tight
UC4,label_cf_scalar,DB2,100000,3,eval,63.159,31612320,0,0,false,tight
UC4,label_cf_scalar,DB2,100000,3,decrypt,8.306,22323920,4194304,1,true,tight
UC4,std,DB2,100000,4,setup,226.422,63213024,0,0,false,tight
UC4,std,DB2,100000,4,precomp,0.001,0,0,0,false,tight
UC4,std,DB2,100000,4,encrypt,90.575,26251688,0,0,false,tight
UC4,std,DB2,100000,4,eval,1828.144,39820424,0,0,false,tight
UC4,std,DB2,100000,4,decrypt,7.873,4860376,4194304,1,true,tight
UC4,label_compact,DB2,100000,4,setup,191.419,66893024,0,0,false,tight
UC4,label_compact,DB2,100000,4,precomp,0.000,0,0,0,false,tight
UC4,label_compact,DB2,100000,4,encrypt,106.689,50931192,0,0,false,tight
UC4,label_compact,DB2,100000,4,eval,1658.610,84147552,0,0,false,tight
UC4,label_compact,DB2,100000,4,decrypt,103.790,29940856,45088768,1,false,tight
UC4,label_compact_max,DB2,100000,4,setup,203.488,72410792,0,0,false,tight
UC4,label_compact_max,DB2,100000,4,precomp,0.000,0,0,0,false,tight
UC4,label_compact_max,DB2,100000,4,encrypt,112.446,50931256,0,0,false,tight
UC4,label_compact_max,DB2,100000,4,eval,2564.043,115534032,0,0,false,tight
UC4,label_compact_max,DB2,100000,4,decrypt,124.886,-27007760,60817408,1,true,tight
UC4,label_compact_mb,DB2,100000,4,setup,201.635,56652344,0,0,false,tight
UC4,label_compact_mb,DB2,100000,4,precomp,0.000,0,0,0,false,tight
UC4,label_compact_mb,DB2,100000,4,encrypt,113.661,49508008,0,0,false,tight
UC4,label_compact_mb,DB2,100000,4,eval,1677.564,104536064,0,0,false,tight
UC4,label_compact_mb,DB2,100000,4,decrypt,103.516,34403192,45088768,1,false,tight
UC4,label_cf_scalar,DB2,100000,4,setup,12.110,5508896,0,0,false,tight
UC4,label_cf_scalar,DB2,100000,4,precomp,0.000,0,0,0,false,tight
UC4,label_cf_scalar,DB2,100000,4,encrypt,185.119,39707184,0,0,false,tight
UC4,label_cf_scalar,DB2,100000,4,eval,62.224,23274704,0,0,false,tight
UC4,label_cf_scalar,DB2,100000,4,decrypt,8.653,22323920,4194304,1,true,tight
UC4,std,DB2,100000,5,setup,233.958,54546328,0,0,false,tight
UC4,std,DB2,100000,5,precomp,0.000,0,0,0,false,tight
UC4,std,DB2,100000,5,encrypt,90.965,26251688,0,0,false,tight
UC4,std,DB2,100000,5,eval,1829.147,38766744,0,0,false,tight
UC4,std,DB2,100000,5,decrypt,8.315,4860264,4194304,1,true,tight
UC4,label_compact,DB2,100000,5,setup,202.667,67425136,0,0,false,tight
UC4,label_compact,DB2,100000,5,precomp,0.000,0,0,0,false,tight
UC4,label_compact,DB2,100000,5,encrypt,110.799,50931176,0,0,false,tight
UC4,label_compact,DB2,100000,5,eval,1659.098,44987016,0,0,false,tight
UC4,label_compact,DB2,100000,5,decrypt,104.746,19303664,45088768,1,false,tight
UC4,label_compact_max,DB2,100000,5,setup,201.561,56919440,0,0,false,tight
UC4,label_compact_max,DB2,100000,5,precomp,0.000,0,0,0,false,tight
UC4,label_compact_max,DB2,100000,5,encrypt,109.104,50931672,0,0,false,tight
UC4,label_compact_max,DB2,100000,5,eval,2543.877,94137632,0,0,false,tight
UC4,label_compact_max,DB2,100000,5,decrypt,118.656,39123464,60817408,1,true,tight
UC4,label_compact_mb,DB2,100000,5,setup,199.126,72145680,0,0,false,tight
UC4,label_compact_mb,DB2,100000,5,precomp,0.000,0,0,0,false,tight
UC4,label_compact_mb,DB2,100000,5,encrypt,112.571,49512120,0,0,false,tight
UC4,label_compact_mb,DB2,100000,5,eval,1675.641,104520624,0,0,false,tight
UC4,label_compact_mb,DB2,100000,5,decrypt,104.212,19303664,45088768,1,false,tight
UC4,label_cf_scalar,DB2,100000,5,setup,10.750,9993536,0,0,false,tight
UC4,label_cf_scalar,DB2,100000,5,precomp,0.000,0,0,0,false,tight
UC4,label_cf_scalar,DB2,100000,5,encrypt,184.505,39703536,0,0,false,tight
UC4,label_cf_scalar,DB2,100000,5,eval,60.899,33726848,0,0,false,tight
UC4,label_cf_scalar,DB2,100000,5,decrypt,9.038,22323920,4194304,1,true,tight
UC4,std,DB2,100000,6,setup,229.650,59798856,0,0,false,tight
UC4,std,DB2,100000,6,precomp,0.000,0,0,0,false,tight
UC4,std,DB2,100000,6,encrypt,88.788,26251688,0,0,false,tight
UC4,std,DB2,100000,6,eval,1835.928,38766648,0,0,false,tight
UC4,std,DB2,100000,6,decrypt,7.970,4860264,4194304,1,true,tight
UC4,label_compact,DB2,100000,6,setup,201.450,72146144,0,0,false,tight
UC4,label_compact,DB2,100000,6,precomp,0.000,0,0,0,false,tight
UC4,label_compact,DB2,100000,6,encrypt,108.257,50931784,0,0,false,tight
UC4,label_compact,DB2,100000,6,eval,1666.605,84156144,0,0,false,tight
UC4,label_compact,DB2,100000,6,decrypt,103.957,21141832,45088768,1,false,tight
UC4,label_compact_max,DB2,100000,6,setup,207.338,56919552,0,0,false,tight
UC4,label_compact_max,DB2,100000,6,precomp,0.001,0,0,0,false,tight
UC4,label_compact_max,DB2,100000,6,encrypt,107.970,50931400,0,0,false,tight
UC4,label_compact_max,DB2,100000,6,eval,2562.729,94120784,0,0,false,tight
UC4,label_compact_max,DB2,100000,6,decrypt,131.226,-27004096,60817408,1,true,tight
UC4,label_compact_mb,DB2,100000,6,setup,202.595,51134592,0,0,false,tight
UC4,label_compact_mb,DB2,100000,6,precomp,0.000,0,0,0,false,tight
UC4,label_compact_mb,DB2,100000,6,encrypt,114.988,49511304,0,0,false,tight
UC4,label_compact_mb,DB2,100000,6,eval,1674.344,84144592,0,0,false,tight
UC4,label_compact_mb,DB2,100000,6,decrypt,102.264,16679400,45088768,1,false,tight
UC4,label_cf_scalar,DB2,100000,6,setup,11.575,13173376,0,0,false,tight
UC4,label_cf_scalar,DB2,100000,6,precomp,0.000,0,0,0,false,tight
UC4,label_cf_scalar,DB2,100000,6,encrypt,185.439,39707200,0,0,false,tight
UC4,label_cf_scalar,DB2,100000,6,eval,60.472,80057808,0,0,false,tight
UC4,label_cf_scalar,DB2,100000,6,decrypt,8.416,22323920,4194304,1,true,tight
UC4,std,DB2,100000,7,setup,230.908,59798456,0,0,false,tight
UC4,std,DB2,100000,7,precomp,0.000,0,0,0,false,tight
UC4,std,DB2,100000,7,encrypt,89.535,26251688,0,0,false,tight
UC4,std,DB2,100000,7,eval,1828.066,39820424,0,0,false,tight
UC4,std,DB2,100000,7,decrypt,10.433,4860264,4194304,1,true,tight
UC4,label_compact,DB2,100000,7,setup,203.366,67425248,0,0,false,tight
UC4,label_compact,DB2,100000,7,precomp,0.000,0,0,0,false,tight
UC4,label_compact,DB2,100000,7,encrypt,111.290,50931320,0,0,false,tight
UC4,label_compact,DB2,100000,7,eval,1671.371,106180920,0,0,false,tight
UC4,label_compact,DB2,100000,7,decrypt,100.994,19303776,45088768,1,false,tight
UC4,label_compact_max,DB2,100000,7,setup,207.222,51134832,0,0,false,tight
UC4,label_compact_max,DB2,100000,7,precomp,0.000,0,0,0,false,tight
UC4,label_compact_max,DB2,100000,7,encrypt,111.149,50931624,0,0,false,tight
UC4,label_compact_max,DB2,100000,7,eval,2557.451,73359080,0,0,false,tight
UC4,label_compact_max,DB2,100000,7,decrypt,122.122,-25427656,60817408,1,true,tight
UC4,label_compact_mb,DB2,100000,7,setup,197.664,67157704,0,0,false,tight
UC4,label_compact_mb,DB2,100000,7,precomp,0.000,0,0,0,false,tight
UC4,label_compact_mb,DB2,100000,7,encrypt,113.858,49514664,0,0,false,tight
UC4,label_compact_mb,DB2,100000,7,eval,1657.520,84155920,0,0,false,tight
UC4,label_compact_mb,DB2,100000,7,decrypt,103.236,29940856,45088768,1,false,tight
UC4,label_cf_scalar,DB2,100000,7,setup,11.870,5508896,0,0,false,tight
UC4,label_cf_scalar,DB2,100000,7,precomp,0.000,0,0,0,false,tight
UC4,label_cf_scalar,DB2,100000,7,encrypt,185.375,39707216,0,0,false,tight
UC4,label_cf_scalar,DB2,100000,7,eval,63.709,80057568,0,0,false,tight
UC4,label_cf_scalar,DB2,100000,7,decrypt,8.343,22323920,4194304,1,true,tight
UC4,std,DB2,100000,8,setup,222.149,59798600,0,0,false,tight
UC4,std,DB2,100000,8,precomp,0.001,0,0,0,false,tight
UC4,std,DB2,100000,8,encrypt,89.077,26251688,0,0,false,tight
UC4,std,DB2,100000,8,eval,1827.350,39820424,0,0,false,tight
UC4,std,DB2,100000,8,decrypt,8.316,4860264,4194304,1,true,tight
UC4,label_compact,DB2,100000,8,setup,197.526,62172384,0,0,false,tight
UC4,label_compact,DB2,100000,8,precomp,0.000,0,0,0,false,tight
UC4,label_compact,DB2,100000,8,encrypt,106.572,50931528,0,0,false,tight
UC4,label_compact,DB2,100000,8,eval,1675.942,125279880,0,0,false,tight
UC4,label_compact,DB2,100000,8,decrypt,105.271,16679400,45088768,1,false,tight
UC4,label_compact_max,DB2,100000,8,setup,203.926,51666688,0,0,false,tight
UC4,label_compact_max,DB2,100000,8,precomp,0.000,0,0,0,false,tight
UC4,label_compact_max,DB2,100000,8,encrypt,108.755,50931496,0,0,false,tight
UC4,label_compact_max,DB2,100000,8,eval,2534.560,73359640,0,0,false,tight
UC4,label_compact_max,DB2,100000,8,decrypt,121.965,37285408,60817408,1,true,tight
UC4,label_compact_mb,DB2,100000,8,setup,204.036,56652456,0,0,false,tight
UC4,label_compact_mb,DB2,100000,8,precomp,0.000,0,0,0,false,tight
UC4,label_compact_mb,DB2,100000,8,encrypt,111.585,49517176,0,0,false,tight
UC4,label_compact_mb,DB2,100000,8,eval,1658.328,104497920,0,0,false,tight
UC4,label_compact_mb,DB2,100000,8,decrypt,105.589,-17560224,45088768,1,false,tight
UC4,label_cf_scalar,DB2,100000,8,setup,10.208,10010776,0,0,false,tight
UC4,label_cf_scalar,DB2,100000,8,precomp,0.000,0,0,0,false,tight
UC4,label_cf_scalar,DB2,100000,8,encrypt,188.578,39703584,0,0,false,tight
UC4,label_cf_scalar,DB2,100000,8,eval,64.812,44593328,0,0,false,tight
UC4,label_cf_scalar,DB2,100000,8,decrypt,8.063,22323920,4194304,1,true,tight
UC4,std,DB2,100000,9,setup,228.849,70039856,0,0,false,tight
UC4,std,DB2,100000,9,precomp,0.000,0,0,0,false,tight
UC4,std,DB2,100000,9,encrypt,90.280,26251688,0,0,false,tight
UC4,std,DB2,100000,9,eval,1827.603,38766856,0,0,false,tight
UC4,std,DB2,100000,9,decrypt,8.851,4860264,4194304,1,true,tight
UC4,label_compact,DB2,100000,9,setup,202.389,66893168,0,0,false,tight
UC4,label_compact,DB2,100000,9,precomp,0.000,0,0,0,false,tight
UC4,label_compact,DB2,100000,9,encrypt,106.367,50931048,0,0,false,tight
UC4,label_compact,DB2,100000,9,eval,1653.987,84173456,0,0,false,tight
UC4,label_compact,DB2,100000,9,decrypt,104.577,16675288,45088768,1,false,tight
UC4,label_compact_max,DB2,100000,9,setup,203.970,67425168,0,0,false,tight
UC4,label_compact_max,DB2,100000,9,precomp,0.000,0,0,0,false,tight
UC4,label_compact_max,DB2,100000,9,encrypt,110.175,50931448,0,0,false,tight
UC4,label_compact_max,DB2,100000,9,eval,2536.202,73359736,0,0,false,tight
UC4,label_compact_max,DB2,100000,9,decrypt,123.465,34136744,60817408,1,true,tight
UC4,label_compact_mb,DB2,100000,9,setup,202.346,66892816,0,0,false,tight
UC4,label_compact_mb,DB2,100000,9,precomp,0.000,0,0,0,false,tight
UC4,label_compact_mb,DB2,100000,9,encrypt,111.516,49514408,0,0,false,tight
UC4,label_compact_mb,DB2,100000,9,eval,1665.306,104519744,0,0,false,tight
UC4,label_compact_mb,DB2,100000,9,decrypt,101.575,21141720,45088768,1,false,tight
UC4,label_cf_scalar,DB2,100000,9,setup,10.993,5511664,0,0,false,tight
UC4,label_cf_scalar,DB2,100000,9,precomp,0.000,0,0,0,false,tight
UC4,label_cf_scalar,DB2,100000,9,encrypt,184.816,39707216,0,0,false,tight
UC4,label_cf_scalar,DB2,100000,9,eval,60.747,33727600,0,0,false,tight
UC4,label_cf_scalar,DB2,100000,9,decrypt,9.026,22323920,4194304,1,true,tight
UC4,std,DB2,100000,10,setup,234.006,70039920,0,0,false,tight
UC4,std,DB2,100000,10,precomp,0.000,0,0,0,false,tight
UC4,std,DB2,100000,10,encrypt,89.467,26251688,0,0,false,tight
UC4,std,DB2,100000,10,eval,1832.587,39820424,0,0,false,tight
UC4,std,DB2,100000,10,decrypt,9.333,4860264,4194304,1,true,tight
UC4,label_compact,DB2,100000,10,setup,197.441,66893280,0,0,false,tight
UC4,label_compact,DB2,100000,10,precomp,0.000,0,0,0,false,tight
UC4,label_compact,DB2,100000,10,encrypt,107.395,50932088,0,0,false,tight
UC4,label_compact,DB2,100000,10,eval,1675.419,84147664,0,0,false,tight
UC4,label_compact,DB2,100000,10,decrypt,100.735,-19135784,45088768,1,false,tight
UC4,label_compact_max,DB2,100000,10,setup,200.426,67425168,0,0,false,tight
UC4,label_compact_max,DB2,100000,10,precomp,0.000,0,0,0,false,tight
UC4,label_compact_max,DB2,100000,10,encrypt,105.784,50931224,0,0,false,tight
UC4,label_compact_max,DB2,100000,10,eval,2541.060,73359848,0,0,false,tight
UC4,label_compact_max,DB2,100000,10,decrypt,119.276,34132632,60817408,1,true,tight
UC4,label_compact_mb,DB2,100000,10,setup,200.651,56919488,0,0,false,tight
UC4,label_compact_mb,DB2,100000,10,precomp,0.000,0,0,0,false,tight
UC4,label_compact_mb,DB2,100000,10,encrypt,111.049,49510952,0,0,false,tight
UC4,label_compact_mb,DB2,100000,10,eval,1655.230,104519632,0,0,false,tight
UC4,label_compact_mb,DB2,100000,10,decrypt,100.207,16675400,45088768,1,false,tight
UC4,label_cf_scalar,DB2,100000,10,setup,11.196,5508784,0,0,false,tight
UC4,label_cf_scalar,DB2,100000,10,precomp,0.000,0,0,0,false,tight
UC4,label_cf_scalar,DB2,100000,10,encrypt,188.232,43412200,0,0,false,tight
UC4,label_cf_scalar,DB2,100000,10,eval,61.920,33727056,0,0,false,tight
UC4,label_cf_scalar,DB2,100000,10,decrypt,9.750,22323920,4194304,1,true,tight
UC4,std,DB2,100000,11,setup,234.683,63212800,0,0,false,tight
UC4,std,DB2,100000,11,precomp,0.000,0,0,0,false,tight
UC4,std,DB2,100000,11,encrypt,89.212,26251688,0,0,false,tight
UC4,std,DB2,100000,11,eval,1835.539,39820248,0,0,false,tight
UC4,std,DB2,100000,11,decrypt,7.949,4860264,4194304,1,true,tight
UC4,label_compact,DB2,100000,11,setup,203.495,51134416,0,0,false,tight
UC4,label_compact,DB2,100000,11,precomp,0.000,0,0,0,false,tight
UC4,label_compact,DB2,100000,11,encrypt,110.219,50931256,0,0,false,tight
UC4,label_compact,DB2,100000,11,eval,1675.563,73295784,0,0,false,tight
UC4,label_compact,DB2,100000,11,decrypt,104.450,16679400,45088768,1,false,tight
UC4,label_compact_max,DB2,100000,11,setup,202.420,67425168,0,0,false,tight
UC4,label_compact_max,DB2,100000,11,precomp,0.000,0,0,0,false,tight
UC4,label_compact_max,DB2,100000,11,encrypt,107.823,50931624,0,0,false,tight
UC4,label_compact_max,DB2,100000,11,eval,2548.249,76129808,0,0,false,tight
UC4,label_compact_max,DB2,100000,11,decrypt,120.969,34132408,60817408,1,true,tight
UC4,label_compact_mb,DB2,100000,11,setup,204.299,51134384,0,0,false,tight
UC4,label_compact_mb,DB2,100000,11,precomp,0.000,0,0,0,false,tight
UC4,label_compact_mb,DB2,100000,11,encrypt,112.566,49513848,0,0,false,tight
UC4,label_compact_mb,DB2,100000,11,eval,1640.612,84144368,0,0,false,tight
UC4,label_compact_mb,DB2,100000,11,decrypt,104.326,19303776,45088768,1,false,tight
UC4,label_cf_scalar,DB2,100000,11,setup,11.565,5508896,0,0,false,tight
UC4,label_cf_scalar,DB2,100000,11,precomp,0.000,0,0,0,false,tight
UC4,label_cf_scalar,DB2,100000,11,encrypt,189.368,39707216,0,0,false,tight
UC4,label_cf_scalar,DB2,100000,11,eval,64.293,33711136,0,0,false,tight
UC4,label_cf_scalar,DB2,100000,11,decrypt,8.708,22323920,4194304,1,true,tight
UC4,std,DB2,100000,12,setup,232.074,54281216,0,0,false,tight
UC4,std,DB2,100000,12,precomp,0.000,0,0,0,false,tight
UC4,std,DB2,100000,12,encrypt,88.916,26251688,0,0,false,tight
UC4,std,DB2,100000,12,eval,1828.487,38766680,0,0,false,tight
UC4,std,DB2,100000,12,decrypt,9.546,4860264,4194304,1,true,tight
UC4,label_compact,DB2,100000,12,setup,194.980,56652440,0,0,false,tight
UC4,label_compact,DB2,100000,12,precomp,0.000,0,0,0,false,tight
UC4,label_compact,DB2,100000,12,encrypt,109.792,50931432,0,0,false,tight
UC4,label_compact,DB2,100000,12,eval,1679.726,125268216,0,0,false,tight
UC4,label_compact,DB2,100000,12,decrypt,106.090,-14149072,45088768,1,false,tight
UC4,label_compact_max,DB2,100000,12,setup,203.265,56387312,0,0,false,tight
UC4,label_compact_max,DB2,100000,12,precomp,0.000,0,0,0,false,tight
UC4,label_compact_max,DB2,100000,12,encrypt,111.435,50931112,0,0,false,tight
UC4,label_compact_max,DB2,100000,12,eval,2564.973,73359192,0,0,false,tight
UC4,label_compact_max,DB2,100000,12,decrypt,120.747,34133528,60817408,1,true,tight
UC4,label_compact_mb,DB2,100000,12,setup,200.454,70571920,0,0,false,tight
UC4,label_compact_mb,DB2,100000,12,precomp,0.000,0,0,0,false,tight
UC4,label_compact_mb,DB2,100000,12,encrypt,112.482,49516648,0,0,false,tight
UC4,label_compact_mb,DB2,100000,12,eval,1654.136,84172560,0,0,false,tight
UC4,label_compact_mb,DB2,100000,12,decrypt,102.650,32565248,45088768,1,false,tight
UC4,label_cf_scalar,DB2,100000,12,setup,10.306,5509008,0,0,false,tight
UC4,label_cf_scalar,DB2,100000,12,precomp,0.000,0,0,0,false,tight
UC4,label_cf_scalar,DB2,100000,12,encrypt,188.964,39704000,0,0,false,tight
UC4,label_cf_scalar,DB2,100000,12,eval,64.415,39349840,0,0,false,tight
UC4,label_cf_scalar,DB2,100000,12,decrypt,8.692,22323920,4194304,1,true,tight
UC4,std,DB2,100000,13,setup,236.151,54545496,0,0,false,tight
UC4,std,DB2,100000,13,precomp,0.001,0,0,0,false,tight
UC4,std,DB2,100000,13,encrypt,94.193,26251688,0,0,false,tight
UC4,std,DB2,100000,13,eval,1825.569,38766856,0,0,false,tight
UC4,std,DB2,100000,13,decrypt,8.494,4860264,4194304,1,true,tight
UC4,label_compact,DB2,100000,13,setup,200.383,66892800,0,0,false,tight
UC4,label_compact,DB2,100000,13,precomp,0.000,0,0,0,false,tight
UC4,label_compact,DB2,100000,13,encrypt,109.748,50931720,0,0,false,tight
UC4,label_compact,DB2,100000,13,eval,1669.098,125279992,0,0,false,tight
UC4,label_compact,DB2,100000,13,decrypt,98.878,16676184,45088768,1,false,tight
UC4,label_compact_max,DB2,100000,13,setup,206.220,51134608,0,0,false,tight
UC4,label_compact_max,DB2,100000,13,precomp,0.001,0,0,0,false,tight
UC4,label_compact_max,DB2,100000,13,encrypt,107.833,50931304,0,0,false,tight
UC4,label_compact_max,DB2,100000,13,eval,2551.220,73359432,0,0,false,tight
UC4,label_compact_max,DB2,100000,13,decrypt,126.504,26127520,60817408,1,true,tight
UC4,label_compact_mb,DB2,100000,13,setup,203.706,51134656,0,0,false,tight
UC4,label_compact_mb,DB2,100000,13,precomp,0.000,0,0,0,false,tight
UC4,label_compact_mb,DB2,100000,13,encrypt,114.931,49510296,0,0,false,tight
UC4,label_compact_mb,DB2,100000,13,eval,1658.798,84156576,0,0,false,tight
UC4,label_compact_mb,DB2,100000,13,decrypt,103.646,21141720,45088768,1,false,tight
UC4,label_cf_scalar,DB2,100000,13,setup,11.570,5508896,0,0,false,tight
UC4,label_cf_scalar,DB2,100000,13,precomp,0.000,0,0,0,false,tight
UC4,label_cf_scalar,DB2,100000,13,encrypt,183.837,39696496,0,0,false,tight
UC4,label_cf_scalar,DB2,100000,13,eval,62.424,80057792,0,0,false,tight
UC4,label_cf_scalar,DB2,100000,13,decrypt,8.537,22323920,4194304,1,true,tight
UC4,std,DB2,100000,14,setup,226.088,59798840,0,0,false,tight
UC4,std,DB2,100000,14,precomp,0.000,0,0,0,false,tight
UC4,std,DB2,100000,14,encrypt,89.232,26251688,0,0,false,tight
UC4,std,DB2,100000,14,eval,1832.898,39820440,0,0,false,tight
UC4,std,DB2,100000,14,decrypt,9.251,4860264,4194304,1,true,tight
UC4,label_compact,DB2,100000,14,setup,196.537,66893024,0,0,false,tight
UC4,label_compact,DB2,100000,14,precomp,0.000,0,0,0,false,tight
UC4,label_compact,DB2,100000,14,encrypt,107.429,50931336,0,0,false,tight
UC4,label_compact,DB2,100000,14,eval,1662.356,43032680,0,0,false,tight
UC4,label_compact,DB2,100000,14,decrypt,103.608,16675736,45088768,1,false,tight
UC4,label_compact_max,DB2,100000,14,setup,206.285,51134448,0,0,false,tight
UC4,label_compact_max,DB2,100000,14,precomp,0.000,0,0,0,false,tight
UC4,label_compact_max,DB2,100000,14,encrypt,109.998,50931736,0,0,false,tight
UC4,label_compact_max,DB2,100000,14,eval,2533.351,94137856,0,0,false,tight
UC4,label_compact_max,DB2,100000,14,decrypt,120.874,34133640,60817408,1,true,tight
UC4,label_compact_mb,DB2,100000,14,setup,205.299,51134656,0,0,false,tight
UC4,label_compact_mb,DB2,100000,14,precomp,0.000,0,0,0,false,tight
UC4,label_compact_mb,DB2,100000,14,encrypt,113.307,49514872,0,0,false,tight
UC4,label_compact_mb,DB2,100000,14,eval,1664.928,84143856,0,0,false,tight
UC4,label_compact_mb,DB2,100000,14,decrypt,104.616,13261728,45088768,1,false,tight
UC4,label_cf_scalar,DB2,100000,14,setup,10.457,10013752,0,0,false,tight
UC4,label_cf_scalar,DB2,100000,14,precomp,0.000,0,0,0,false,tight
UC4,label_cf_scalar,DB2,100000,14,encrypt,182.186,50053248,0,0,false,tight
UC4,label_cf_scalar,DB2,100000,14,eval,62.075,33711616,0,0,false,tight
UC4,label_cf_scalar,DB2,100000,14,decrypt,10.022,22323920,4194304,1,true,tight
UC4,std,DB2,100000,15,setup,236.560,60063136,0,0,false,tight
UC4,std,DB2,100000,15,precomp,0.000,0,0,0,false,tight
UC4,std,DB2,100000,15,encrypt,88.687,26251688,0,0,false,tight
UC4,std,DB2,100000,15,eval,1829.308,39820248,0,0,false,tight
UC4,std,DB2,100000,15,decrypt,9.235,4860264,4194304,1,true,tight
UC4,label_compact,DB2,100000,15,setup,195.844,56915808,0,0,false,tight
UC4,label_compact,DB2,100000,15,precomp,0.000,0,0,0,false,tight
UC4,label_compact,DB2,100000,15,encrypt,108.227,50931944,0,0,false,tight
UC4,label_compact,DB2,100000,15,eval,1676.837,84155808,0,0,false,tight
UC4,label_compact,DB2,100000,15,decrypt,101.937,19303664,45088768,1,false,tight
UC4,label_compact_max,DB2,100000,15,setup,201.945,51134720,0,0,false,tight
UC4,label_compact_max,DB2,100000,15,precomp,0.000,0,0,0,false,tight
UC4,label_compact_max,DB2,100000,15,encrypt,108.346,50931640,0,0,false,tight
UC4,label_compact_max,DB2,100000,15,eval,2558.552,136286584,0,0,false,tight
UC4,label_compact_max,DB2,100000,15,decrypt,122.877,34133640,60817408,1,true,tight
UC4,label_compact_mb,DB2,100000,15,setup,200.491,66893200,0,0,false,tight
UC4,label_compact_mb,DB2,100000,15,precomp,0.000,0,0,0,false,tight
UC4,label_compact_mb,DB2,100000,15,encrypt,115.507,49512984,0,0,false,tight
UC4,label_compact_mb,DB2,100000,15,eval,1678.583,63412440,0,0,false,tight
UC4,label_compact_mb,DB2,100000,15,decrypt,105.313,21142280,45088768,1,false,tight
UC4,label_cf_scalar,DB2,100000,15,setup,11.200,5511664,0,0,false,tight
UC4,label_cf_scalar,DB2,100000,15,precomp,0.000,0,0,0,false,tight
UC4,label_cf_scalar,DB2,100000,15,encrypt,187.918,43412232,0,0,false,tight
UC4,label_cf_scalar,DB2,100000,15,eval,64.392,80057568,0,0,false,tight
UC4,label_cf_scalar,DB2,100000,15,decrypt,8.578,22323920,4194304,1,true,tight
UC4,std,DB2,100000,16,setup,228.538,54281216,0,0,false,tight
UC4,std,DB2,100000,16,precomp,0.000,0,0,0,false,tight
UC4,std,DB2,100000,16,encrypt,91.243,26251688,0,0,false,tight
UC4,std,DB2,100000,16,eval,1827.178,39820248,0,0,false,tight
UC4,std,DB2,100000,16,decrypt,8.732,4860264,4194304,1,true,tight
UC4,label_compact,DB2,100000,16,setup,205.608,67425136,0,0,false,tight
UC4,label_compact,DB2,100000,16,precomp,0.000,0,0,0,false,tight
UC4,label_compact,DB2,100000,16,encrypt,107.983,50931816,0,0,false,tight
UC4,label_compact,DB2,100000,16,eval,1660.849,43032968,0,0,false,tight
UC4,label_compact,DB2,100000,16,decrypt,101.002,20879328,45088768,1,false,tight
UC4,label_compact_max,DB2,100000,16,setup,204.809,51134832,0,0,false,tight
UC4,label_compact_max,DB2,100000,16,precomp,0.000,0,0,0,false,tight
UC4,label_compact_max,DB2,100000,16,encrypt,108.734,50931208,0,0,false,tight
UC4,label_compact_max,DB2,100000,16,eval,2549.414,51947144,0,0,false,tight
UC4,label_compact_max,DB2,100000,16,decrypt,125.491,34133080,60817408,1,true,tight
UC4,label_compact_mb,DB2,100000,16,setup,201.906,56916016,0,0,false,tight
UC4,label_compact_mb,DB2,100000,16,precomp,0.000,0,0,0,false,tight
UC4,label_compact_mb,DB2,100000,16,encrypt,113.459,49512424,0,0,false,tight
UC4,label_compact_mb,DB2,100000,16,eval,1659.229,84155584,0,0,false,tight
UC4,label_compact_mb,DB2,100000,16,decrypt,100.455,21141680,45088768,1,false,tight
UC4,label_cf_scalar,DB2,100000,16,setup,11.349,9993536,0,0,false,tight
UC4,label_cf_scalar,DB2,100000,16,precomp,0.000,0,0,0,false,tight
UC4,label_cf_scalar,DB2,100000,16,encrypt,186.782,39707200,0,0,false,tight
UC4,label_cf_scalar,DB2,100000,16,eval,65.899,23217392,0,0,false,tight
UC4,label_cf_scalar,DB2,100000,16,decrypt,7.838,22323920,4194304,1,true,tight
UC4,std,DB2,100000,17,setup,237.430,75556744,0,0,false,tight
UC4,std,DB2,100000,17,precomp,0.000,0,0,0,false,tight
UC4,std,DB2,100000,17,encrypt,88.670,26251688,0,0,false,tight
UC4,std,DB2,100000,17,eval,1829.541,38766680,0,0,false,tight
UC4,std,DB2,100000,17,decrypt,8.618,4860264,4194304,1,true,tight
UC4,label_compact,DB2,100000,17,setup,200.802,56919408,0,0,false,tight
UC4,label_compact,DB2,100000,17,precomp,0.000,0,0,0,false,tight
UC4,label_compact,DB2,100000,17,encrypt,108.694,50931848,0,0,false,tight
UC4,label_compact,DB2,100000,17,eval,1669.341,43032856,0,0,false,tight
UC4,label_compact,DB2,100000,17,decrypt,102.911,19303680,45088768,1,false,tight
UC4,label_compact_max,DB2,100000,17,setup,208.104,51134720,0,0,false,tight
UC4,label_compact_max,DB2,100000,17,precomp,0.000,0,0,0,false,tight
UC4,label_compact_max,DB2,100000,17,encrypt,110.715,50931592,0,0,false,tight
UC4,label_compact_max,DB2,100000,17,eval,2553.359,94121776,0,0,false,tight
UC4,label_compact_max,DB2,100000,17,decrypt,127.012,15622000,60817408,1,true,tight
UC4,label_compact_mb,DB2,100000,17,setup,206.480,56387248,0,0,false,tight
UC4,label_compact_mb,DB2,100000,17,precomp,0.000,0,0,0,false,tight
UC4,label_compact_mb,DB2,100000,17,encrypt,112.422,49520456,0,0,false,tight
UC4,label_compact_mb,DB2,100000,17,eval,1655.312,104520848,0,0,false,tight
UC4,label_compact_mb,DB2,100000,17,decrypt,103.170,20879328,45088768,1,false,tight
UC4,label_cf_scalar,DB2,100000,17,setup,11.853,5511664,0,0,false,tight
UC4,label_cf_scalar,DB2,100000,17,precomp,0.000,0,0,0,false,tight
UC4,label_cf_scalar,DB2,100000,17,encrypt,186.872,39636880,0,0,false,tight
UC4,label_cf_scalar,DB2,100000,17,eval,62.345,33711248,0,0,false,tight
UC4,label_cf_scalar,DB2,100000,17,decrypt,7.695,22323920,4194304,1,true,tight
UC4,std,DB2,100000,18,setup,236.238,54545288,0,0,false,tight
UC4,std,DB2,100000,18,precomp,0.001,0,0,0,false,tight
UC4,std,DB2,100000,18,encrypt,93.814,26251688,0,0,false,tight
UC4,std,DB2,100000,18,eval,1831.156,38766856,0,0,false,tight
UC4,std,DB2,100000,18,decrypt,7.968,4860264,4194304,1,true,tight
UC4,label_compact,DB2,100000,18,setup,198.960,66893280,0,0,false,tight
UC4,label_compact,DB2,100000,18,precomp,0.000,0,0,0,false,tight
UC4,label_compact,DB2,100000,18,encrypt,109.424,50931240,0,0,false,tight
UC4,label_compact,DB2,100000,18,eval,1674.049,104512576,0,0,false,tight
UC4,label_compact,DB2,100000,18,decrypt,104.657,16674392,45088768,1,false,tight
UC4,label_compact_max,DB2,100000,18,setup,202.818,62172416,0,0,false,tight
UC4,label_compact_max,DB2,100000,18,precomp,0.000,0,0,0,false,tight
UC4,label_compact_max,DB2,100000,18,encrypt,109.122,50931544,0,0,false,tight
UC4,label_compact_max,DB2,100000,18,eval,2529.787,94120768,0,0,false,tight
UC4,label_compact_max,DB2,100000,18,decrypt,123.362,37285408,60817408,1,true,tight
UC4,label_compact_mb,DB2,100000,18,setup,200.263,56915584,0,0,false,tight
UC4,label_compact_mb,DB2,100000,18,precomp,0.000,0,0,0,false,tight
UC4,label_compact_mb,DB2,100000,18,encrypt,111.930,49509400,0,0,false,tight
UC4,label_compact_mb,DB2,100000,18,eval,1681.267,141544776,0,0,false,tight
UC4,label_compact_mb,DB2,100000,18,decrypt,100.553,-14149072,45088768,1,false,tight
UC4,label_cf_scalar,DB2,100000,18,setup,12.602,5511888,0,0,false,tight
UC4,label_cf_scalar,DB2,100000,18,precomp,0.000,0,0,0,false,tight
UC4,label_cf_scalar,DB2,100000,18,encrypt,186.990,39703984,0,0,false,tight
UC4,label_cf_scalar,DB2,100000,18,eval,64.149,80057792,0,0,false,tight
UC4,label_cf_scalar,DB2,100000,18,decrypt,9.145,22323920,4194304,1,true,tight
UC4,std,DB2,100000,19,setup,224.643,59798952,0,0,false,tight
UC4,std,DB2,100000,19,precomp,0.000,0,0,0,false,tight
UC4,std,DB2,100000,19,encrypt,90.300,26251688,0,0,false,tight
UC4,std,DB2,100000,19,eval,1828.188,39820248,0,0,false,tight
UC4,std,DB2,100000,19,decrypt,8.467,4860264,4194304,1,true,tight
UC4,label_compact,DB2,100000,19,setup,199.842,67425248,0,0,false,tight
UC4,label_compact,DB2,100000,19,precomp,0.000,0,0,0,false,tight
UC4,label_compact,DB2,100000,19,encrypt,107.629,50931128,0,0,false,tight
UC4,label_compact,DB2,100000,19,eval,1672.412,125268040,0,0,false,tight
UC4,label_compact,DB2,100000,19,decrypt,101.974,16674392,45088768,1,false,tight
UC4,label_compact_max,DB2,100000,19,setup,208.370,67158040,0,0,false,tight
UC4,label_compact_max,DB2,100000,19,precomp,0.000,0,0,0,false,tight
UC4,label_compact_max,DB2,100000,19,encrypt,107.360,50931416,0,0,false,tight
UC4,label_compact_max,DB2,100000,19,eval,2551.013,94120656,0,0,false,tight
UC4,label_compact_max,DB2,100000,19,decrypt,123.967,-19917024,60817408,1,true,tight
UC4,label_compact_mb,DB2,100000,19,setup,198.739,61640224,0,0,false,tight
UC4,label_compact_mb,DB2,100000,19,precomp,0.000,0,0,0,false,tight
UC4,label_compact_mb,DB2,100000,19,encrypt,112.194,49504760,0,0,false,tight
UC4,label_compact_mb,DB2,100000,19,eval,1673.090,103977528,0,0,false,tight
UC4,label_compact_mb,DB2,100000,19,decrypt,100.760,20879328,45088768,1,false,tight
UC4,label_cf_scalar,DB2,100000,19,setup,12.656,5508784,0,0,false,tight
UC4,label_cf_scalar,DB2,100000,19,precomp,0.000,0,0,0,false,tight
UC4,label_cf_scalar,DB2,100000,19,encrypt,184.281,39704096,0,0,false,tight
UC4,label_cf_scalar,DB2,100000,19,eval,62.768,27415024,0,0,false,tight
UC4,label_cf_scalar,DB2,100000,19,decrypt,8.107,22323920,4194304,1,true,tight
UC4,std,DB2,100000,20,setup,228.564,75292832,0,0,false,tight
UC4,std,DB2,100000,20,precomp,0.000,0,0,0,false,tight
UC4,std,DB2,100000,20,encrypt,88.630,26251688,0,0,false,tight
UC4,std,DB2,100000,20,eval,1833.315,40873800,0,0,false,tight
UC4,std,DB2,100000,20,decrypt,7.396,4860376,4194304,1,true,tight
UC4,label_compact,DB2,100000,20,setup,199.501,66893024,0,0,false,tight
UC4,label_compact,DB2,100000,20,precomp,0.000,0,0,0,false,tight
UC4,label_compact,DB2,100000,20,encrypt,106.718,50931304,0,0,false,tight
UC4,label_compact,DB2,100000,20,eval,1665.884,84156272,0,0,false,tight
UC4,label_compact,DB2,100000,20,decrypt,99.829,-14149072,45088768,1,false,tight
UC4,label_compact_max,DB2,100000,20,setup,203.781,67157720,0,0,false,tight
UC4,label_compact_max,DB2,100000,20,precomp,0.000,0,0,0,false,tight
UC4,label_compact_max,DB2,100000,20,encrypt,107.197,50931528,0,0,false,tight
UC4,label_compact_max,DB2,100000,20,eval,2559.712,136279848,0,0,false,tight
UC4,label_compact_max,DB2,100000,20,decrypt,119.721,34132408,60817408,1,true,tight
UC4,label_compact_mb,DB2,100000,20,setup,204.816,51134656,0,0,false,tight
UC4,label_compact_mb,DB2,100000,20,precomp,0.000,0,0,0,false,tight
UC4,label_compact_mb,DB2,100000,20,encrypt,112.611,49509192,0,0,false,tight
UC4,label_compact_mb,DB2,100000,20,eval,1678.810,43032856,0,0,false,tight
UC4,label_compact_mb,DB2,100000,20,decrypt,103.629,32565360,45088768,1,false,tight
UC4,label_cf_scalar,DB2,100000,20,setup,13.601,5508896,0,0,false,tight
UC4,label_cf_scalar,DB2,100000,20,precomp,0.000,0,0,0,false,tight
UC4,label_cf_scalar,DB2,100000,20,encrypt,190.041,43412232,0,0,false,tight
UC4,label_cf_scalar,DB2,100000,20,eval,64.365,80057696,0,0,false,tight
UC4,label_cf_scalar,DB2,100000,20,decrypt,8.678,22323920,4194304,1,true,tight
UC4,std,DB3,1000000,1,setup,227.731,64786768,0,0,false,tight
UC4,std,DB3,1000000,1,precomp,0.000,0,0,0,false,tight
UC4,std,DB3,1000000,1,encrypt,787.487,137270272,0,0,false,tight
UC4,std,DB3,1000000,1,eval,16041.581,60002488,0,0,false,tight
UC4,std,DB3,1000000,1,decrypt,7.175,11820192,4194304,1,true,tight
UC4,label_compact,DB3,1000000,1,setup,188.448,77398528,0,0,false,tight
UC4,label_compact,DB3,1000000,1,precomp,0.000,0,0,0,false,tight
UC4,label_compact,DB3,1000000,1,encrypt,927.334,221686408,0,0,false,tight
UC4,label_compact,DB3,1000000,1,eval,13820.942,545110632,0,0,false,tight
UC4,label_compact,DB3,1000000,1,decrypt,845.286,202334888,391118848,1,false,tight
UC4,label_compact_max,DB3,1000000,1,setup,187.838,51663856,0,0,false,tight
UC4,label_compact_max,DB3,1000000,1,precomp,0.000,0,0,0,false,tight
UC4,label_compact_max,DB3,1000000,1,encrypt,921.029,221686584,0,0,false,tight
UC4,label_compact_max,DB3,1000000,1,eval,21608.165,493587680,0,0,false,tight
UC4,label_compact_max,DB3,1000000,1,decrypt,995.953,185634400,522190848,1,true,tight
UC4,label_compact_mb,DB3,1000000,1,setup,187.674,56387312,0,0,false,tight
UC4,label_compact_mb,DB3,1000000,1,precomp,0.000,0,0,0,false,tight
UC4,label_compact_mb,DB3,1000000,1,encrypt,964.511,194040280,0,0,false,tight
UC4,label_compact_mb,DB3,1000000,1,eval,13875.801,524350176,0,0,false,tight
UC4,label_compact_mb,DB3,1000000,1,decrypt,841.147,189073416,391118848,1,false,tight
UC4,label_cf_scalar,DB3,1000000,1,setup,9.879,9993552,0,0,false,tight
UC4,label_cf_scalar,DB3,1000000,1,precomp,0.000,0,0,0,false,tight
UC4,label_cf_scalar,DB3,1000000,1,encrypt,1612.596,394558136,0,0,false,tight
UC4,label_cf_scalar,DB3,1000000,1,eval,452.044,384317440,0,0,false,tight
UC4,label_cf_scalar,DB3,1000000,1,decrypt,7.693,22323920,4194304,1,true,tight
UC4,std,DB3,1000000,2,setup,212.860,80810472,0,0,false,tight
UC4,std,DB3,1000000,2,precomp,0.000,0,0,0,false,tight
UC4,std,DB3,1000000,2,encrypt,784.864,137270272,0,0,false,tight
UC4,std,DB3,1000000,2,eval,16039.680,60002488,0,0,false,tight
UC4,std,DB3,1000000,2,decrypt,7.199,11820192,4194304,1,true,tight
UC4,label_compact,DB3,1000000,2,setup,188.031,77399120,0,0,false,tight
UC4,label_compact,DB3,1000000,2,precomp,0.000,0,0,0,false,tight
UC4,label_compact,DB3,1000000,2,encrypt,935.998,221686696,0,0,false,tight
UC4,label_compact,DB3,1000000,2,eval,13816.818,277608096,0,0,false,tight
UC4,label_compact,DB3,1000000,2,decrypt,837.581,16674392,391118848,1,false,tight
UC4,label_compact_max,DB3,1000000,2,setup,192.030,56652184,0,0,false,tight
UC4,label_compact_max,DB3,1000000,2,precomp,0.000,0,0,0,false,tight
UC4,label_compact_max,DB3,1000000,2,encrypt,929.287,221685912,0,0,false,tight
UC4,label_compact_max,DB3,1000000,2,eval,21637.065,493576400,0,0,false,tight
UC4,label_compact_max,DB3,1000000,2,decrypt,998.419,226987080,522190848,1,true,tight
UC4,label_compact_mb,DB3,1000000,2,setup,185.466,56387296,0,0,false,tight
UC4,label_compact_mb,DB3,1000000,2,precomp,0.000,0,0,0,false,tight
UC4,label_compact_mb,DB3,1000000,2,encrypt,962.475,194045272,0,0,false,tight
UC4,label_compact_mb,DB3,1000000,2,eval,13837.886,524336592,0,0,false,tight
UC4,label_compact_mb,DB3,1000000,2,decrypt,843.848,43197320,391118848,1,false,tight
UC4,label_cf_scalar,DB3,1000000,2,setup,11.387,9993552,0,0,false,tight
UC4,label_cf_scalar,DB3,1000000,2,precomp,0.000,0,0,0,false,tight
UC4,label_cf_scalar,DB3,1000000,2,encrypt,1601.497,384282208,0,0,false,tight
UC4,label_cf_scalar,DB3,1000000,2,eval,455.295,373165616,0,0,false,tight
UC4,label_cf_scalar,DB3,1000000,2,decrypt,7.639,22323920,4194304,1,true,tight
UC4,std,DB3,1000000,3,setup,216.333,54545992,0,0,false,tight
UC4,std,DB3,1000000,3,precomp,0.000,0,0,0,false,tight
UC4,std,DB3,1000000,3,encrypt,784.368,137270272,0,0,false,tight
UC4,std,DB3,1000000,3,eval,16022.157,60002488,0,0,false,tight
UC4,std,DB3,1000000,3,decrypt,7.259,11820192,4194304,1,true,tight
UC4,label_compact,DB3,1000000,3,setup,186.171,77398896,0,0,false,tight
UC4,label_compact,DB3,1000000,3,precomp,0.001,0,0,0,false,tight
UC4,label_compact,DB3,1000000,3,encrypt,934.844,221686216,0,0,false,tight
UC4,label_compact,DB3,1000000,3,eval,13853.792,421726976,0,0,false,tight
UC4,label_compact,DB3,1000000,3,decrypt,840.461,189073416,391118848,1,false,tight
UC4,label_compact_max,DB3,1000000,3,setup,188.556,51663744,0,0,false,tight
UC4,label_compact_max,DB3,1000000,3,precomp,0.000,0,0,0,false,tight
UC4,label_compact_max,DB3,1000000,3,encrypt,928.273,221686520,0,0,false,tight
UC4,label_compact_max,DB3,1000000,3,eval,21614.922,666631592,0,0,false,tight
UC4,label_compact_max,DB3,1000000,3,decrypt,1003.473,197320520,522190848,1,true,tight
UC4,label_compact_mb,DB3,1000000,3,setup,188.454,51666672,0,0,false,tight
UC4,label_compact_mb,DB3,1000000,3,precomp,0.000,0,0,0,false,tight
UC4,label_compact_mb,DB3,1000000,3,encrypt,968.093,189153160,0,0,false,tight
UC4,label_compact_mb,DB3,1000000,3,eval,13867.422,277606880,0,0,false,tight
UC4,label_compact_mb,DB3,1000000,3,decrypt,838.465,202335336,391118848,1,false,tight
UC4,label_cf_scalar,DB3,1000000,3,setup,9.859,10010792,0,0,false,tight
UC4,label_cf_scalar,DB3,1000000,3,precomp,0.000,0,0,0,false,tight
UC4,label_cf_scalar,DB3,1000000,3,encrypt,1604.233,384282208,0,0,false,tight
UC4,label_cf_scalar,DB3,1000000,3,eval,457.849,382610288,0,0,false,tight
UC4,label_cf_scalar,DB3,1000000,3,decrypt,7.624,22323920,4194304,1,true,tight
UC4,std,DB3,1000000,4,setup,215.838,80545216,0,0,false,tight
UC4,std,DB3,1000000,4,precomp,0.000,0,0,0,false,tight
UC4,std,DB3,1000000,4,encrypt,780.812,139445440,0,0,false,tight
UC4,std,DB3,1000000,4,eval,16040.148,62109576,0,0,false,tight
UC4,std,DB3,1000000,4,decrypt,7.739,11820192,4194304,1,true,tight
UC4,label_compact,DB3,1000000,4,setup,184.328,77398896,0,0,false,tight
UC4,label_compact,DB3,1000000,4,precomp,0.000,0,0,0,false,tight
UC4,label_compact,DB3,1000000,4,encrypt,935.441,221686360,0,0,false,tight
UC4,label_compact,DB3,1000000,4,eval,13823.469,418742776,0,0,false,tight
UC4,label_compact,DB3,1000000,4,decrypt,840.249,202335000,391118848,1,false,tight
UC4,label_compact_max,DB3,1000000,4,setup,190.775,51663856,0,0,false,tight
UC4,label_compact_max,DB3,1000000,4,precomp,0.000,0,0,0,false,tight
UC4,label_compact_max,DB3,1000000,4,encrypt,926.975,221686056,0,0,false,tight
UC4,label_compact_max,DB3,1000000,4,eval,21610.800,493588672,0,0,false,tight
UC4,label_compact_max,DB3,1000000,4,decrypt,1003.873,253505280,522190848,1,true,tight
UC4,label_compact_mb,DB3,1000000,4,setup,186.895,51663680,0,0,false,tight
UC4,label_compact_mb,DB3,1000000,4,precomp,0.000,0,0,0,false,tight
UC4,label_compact_mb,DB3,1000000,4,encrypt,966.572,198940264,0,0,false,tight
UC4,label_compact_mb,DB3,1000000,4,eval,13858.919,586233888,0,0,false,tight
UC4,label_compact_mb,DB3,1000000,4,decrypt,841.094,204964288,391118848,1,false,tight
UC4,label_cf_scalar,DB3,1000000,4,setup,11.280,9993552,0,0,false,tight
UC4,label_cf_scalar,DB3,1000000,4,precomp,0.000,0,0,0,false,tight
UC4,label_cf_scalar,DB3,1000000,4,encrypt,1597.826,384282208,0,0,false,tight
UC4,label_cf_scalar,DB3,1000000,4,eval,460.555,383659696,0,0,false,tight
UC4,label_cf_scalar,DB3,1000000,4,decrypt,7.729,22323920,4194304,1,true,tight
UC4,std,DB3,1000000,5,setup,218.168,75824800,0,0,false,tight
UC4,std,DB3,1000000,5,precomp,0.000,0,0,0,false,tight
UC4,std,DB3,1000000,5,encrypt,784.254,137270272,0,0,false,tight
UC4,std,DB3,1000000,5,eval,16057.717,60002488,0,0,false,tight
UC4,std,DB3,1000000,5,decrypt,7.230,11820192,4194304,1,true,tight
UC4,label_compact,DB3,1000000,5,setup,187.201,77399008,0,0,false,tight
UC4,label_compact,DB3,1000000,5,precomp,0.000,0,0,0,false,tight
UC4,label_compact,DB3,1000000,5,encrypt,935.804,221686296,0,0,false,tight
UC4,label_compact,DB3,1000000,5,eval,13841.881,318716520,0,0,false,tight
UC4,label_compact,DB3,1000000,5,decrypt,836.530,43197320,391118848,1,false,tight
UC4,label_compact_max,DB3,1000000,5,setup,190.971,51666576,0,0,false,tight
UC4,label_compact_max,DB3,1000000,5,precomp,0.000,0,0,0,false,tight
UC4,label_compact_max,DB3,1000000,5,encrypt,931.161,221686840,0,0,false,tight
UC4,label_compact_max,DB3,1000000,5,eval,21628.153,578338136,0,0,false,tight
UC4,label_compact_max,DB3,1000000,5,decrypt,1008.792,226990296,522190848,1,true,tight
UC4,label_compact_mb,DB3,1000000,5,setup,187.534,56919424,0,0,false,tight
UC4,label_compact_mb,DB3,1000000,5,precomp,0.000,0,0,0,false,tight
UC4,label_compact_mb,DB3,1000000,5,encrypt,960.959,194038824,0,0,false,tight
UC4,label_compact_mb,DB3,1000000,5,eval,13841.508,292799016,0,0,false,tight
UC4,label_compact_mb,DB3,1000000,5,decrypt,838.063,16674504,391118848,1,false,tight
UC4,label_cf_scalar,DB3,1000000,5,setup,10.315,5511680,0,0,false,tight
UC4,label_cf_scalar,DB3,1000000,5,precomp,0.000,0,0,0,false,tight
UC4,label_cf_scalar,DB3,1000000,5,encrypt,1600.458,379109272,0,0,false,tight
UC4,label_cf_scalar,DB3,1000000,5,eval,456.677,376313840,0,0,false,tight
UC4,label_cf_scalar,DB3,1000000,5,decrypt,8.647,22323920,4194304,1,true,tight
UC4,std,DB3,1000000,6,setup,215.732,59798248,0,0,false,tight
UC4,std,DB3,1000000,6,precomp,0.000,0,0,0,false,tight
UC4,std,DB3,1000000,6,encrypt,782.877,137270272,0,0,false,tight
UC4,std,DB3,1000000,6,eval,16033.361,60002488,0,0,false,tight
UC4,std,DB3,1000000,6,decrypt,7.147,11820192,4194304,1,true,tight
UC4,label_compact,DB3,1000000,6,setup,189.731,77399008,0,0,false,tight
UC4,label_compact,DB3,1000000,6,precomp,0.000,0,0,0,false,tight
UC4,label_compact,DB3,1000000,6,encrypt,937.141,221686600,0,0,false,tight
UC4,label_compact,DB3,1000000,6,eval,13858.952,456930520,0,0,false,tight
UC4,label_compact,DB3,1000000,6,decrypt,838.801,189073416,391118848,1,false,tight
UC4,label_compact_max,DB3,1000000,6,setup,187.963,51663744,0,0,false,tight
UC4,label_compact_max,DB3,1000000,6,precomp,0.000,0,0,0,false,tight
UC4,label_compact_max,DB3,1000000,6,encrypt,924.030,221686424,0,0,false,tight
UC4,label_compact_max,DB3,1000000,6,eval,21603.373,409233184,0,0,false,tight
UC4,label_compact_max,DB3,1000000,6,decrypt,1000.735,241825176,522190848,1,true,tight
UC4,label_compact_mb,DB3,1000000,6,setup,188.161,56387200,0,0,false,tight
UC4,label_compact_mb,DB3,1000000,6,precomp,0.000,0,0,0,false,tight
UC4,label_compact_mb,DB3,1000000,6,encrypt,960.814,189154792,0,0,false,tight
UC4,label_compact_mb,DB3,1000000,6,eval,13861.778,462851544,0,0,false,tight
UC4,label_compact_mb,DB3,1000000,6,decrypt,839.324,202335560,391118848,1,false,tight
UC4,label_cf_scalar,DB3,1000000,6,setup,10.861,10010792,0,0,false,tight
UC4,label_cf_scalar,DB3,1000000,6,precomp,0.000,0,0,0,false,tight
UC4,label_cf_scalar,DB3,1000000,6,encrypt,1598.605,410144088,0,0,false,tight
UC4,label_cf_scalar,DB3,1000000,6,eval,452.829,372116208,0,0,false,tight
UC4,label_cf_scalar,DB3,1000000,6,decrypt,8.437,22323920,4194304,1,true,tight
UC4,std,DB3,1000000,7,setup,218.562,54414136,0,0,false,tight
UC4,std,DB3,1000000,7,precomp,0.000,0,0,0,false,tight
UC4,std,DB3,1000000,7,encrypt,784.118,137270272,0,0,false,tight
UC4,std,DB3,1000000,7,eval,16024.013,60002440,0,0,false,tight
UC4,std,DB3,1000000,7,decrypt,7.205,11820192,4194304,1,true,tight
UC4,label_compact,DB3,1000000,7,setup,183.866,77398896,0,0,false,tight
UC4,label_compact,DB3,1000000,7,precomp,0.000,0,0,0,false,tight
UC4,label_compact,DB3,1000000,7,encrypt,939.463,221686328,0,0,false,tight
UC4,label_compact,DB3,1000000,7,eval,13830.463,421738976,0,0,false,tight
UC4,label_compact,DB3,1000000,7,decrypt,831.075,189073416,391118848,1,false,tight
UC4,label_compact_max,DB3,1000000,7,setup,186.650,51666576,0,0,false,tight
UC4,label_compact_max,DB3,1000000,7,precomp,0.000,0,0,0,false,tight
UC4,label_compact_max,DB3,1000000,7,encrypt,927.412,221687176,0,0,false,tight
UC4,label_compact_max,DB3,1000000,7,eval,21599.685,409239248,0,0,false,tight
UC4,label_compact_max,DB3,1000000,7,decrypt,998.840,197320520,522190848,1,true,tight
UC4,label_compact_mb,DB3,1000000,7,setup,187.333,56387296,0,0,false,tight
UC4,label_compact_mb,DB3,1000000,7,precomp,0.000,0,0,0,false,tight
UC4,label_compact_mb,DB3,1000000,7,encrypt,964.916,194041368,0,0,false,tight
UC4,label_compact_mb,DB3,1000000,7,eval,13848.518,524351696,0,0,false,tight
UC4,label_compact_mb,DB3,1000000,7,decrypt,836.120,29935848,391118848,1,false,tight
UC4,label_cf_scalar,DB3,1000000,7,setup,11.585,5508800,0,0,false,tight
UC4,label_cf_scalar,DB3,1000000,7,precomp,0.000,0,0,0,false,tight
UC4,label_cf_scalar,DB3,1000000,7,encrypt,1605.269,384282304,0,0,false,tight
UC4,label_cf_scalar,DB3,1000000,7,eval,461.927,388906848,0,0,false,tight
UC4,label_cf_scalar,DB3,1000000,7,decrypt,7.938,22323920,4194304,1,true,tight
UC4,std,DB3,1000000,8,setup,217.139,80545584,0,0,false,tight
UC4,std,DB3,1000000,8,precomp,0.000,0,0,0,false,tight
UC4,std,DB3,1000000,8,encrypt,783.527,139445440,0,0,false,tight
UC4,std,DB3,1000000,8,eval,16086.152,63163160,0,0,false,tight
UC4,std,DB3,1000000,8,decrypt,7.436,11820192,4194304,1,true,tight
UC4,label_compact,DB3,1000000,8,setup,184.101,77368512,0,0,false,tight
UC4,label_compact,DB3,1000000,8,precomp,0.000,0,0,0,false,tight
UC4,label_compact,DB3,1000000,8,encrypt,932.649,221686440,0,0,false,tight
UC4,label_compact,DB3,1000000,8,eval,13837.855,524350256,0,0,false,tight
UC4,label_compact,DB3,1000000,8,decrypt,849.405,189073416,391118848,1,false,tight
UC4,label_compact_max,DB3,1000000,8,setup,186.883,77398560,0,0,false,tight
UC4,label_compact_max,DB3,1000000,8,precomp,0.000,0,0,0,false,tight
UC4,label_compact_max,DB3,1000000,8,encrypt,926.409,243095648,0,0,false,tight
UC4,label_compact_max,DB3,1000000,8,eval,21616.983,367065416,0,0,false,tight
UC4,label_compact_max,DB3,1000000,8,decrypt,994.313,231977000,522190848,1,true,tight
UC4,label_compact_mb,DB3,1000000,8,setup,187.228,56387088,0,0,false,tight
UC4,label_compact_mb,DB3,1000000,8,precomp,0.000,0,0,0,false,tight
UC4,label_compact_mb,DB3,1000000,8,encrypt,973.394,189152344,0,0,false,tight
UC4,label_compact_mb,DB3,1000000,8,eval,13882.147,277608208,0,0,false,tight
UC4,label_compact_mb,DB3,1000000,8,decrypt,836.575,189073416,391118848,1,false,tight
UC4,label_cf_scalar,DB3,1000000,8,setup,10.568,5508800,0,0,false,tight
UC4,label_cf_scalar,DB3,1000000,8,precomp,0.000,0,0,0,false,tight
UC4,label_cf_scalar,DB3,1000000,8,encrypt,1599.930,389455384,0,0,false,tight
UC4,label_cf_scalar,DB3,1000000,8,eval,455.680,370017392,0,0,false,tight
UC4,label_cf_scalar,DB3,1000000,8,decrypt,7.853,22323920,4194304,1,true,tight
UC4,std,DB3,1000000,9,setup,215.728,59798744,0,0,false,tight
UC4,std,DB3,1000000,9,precomp,0.000,0,0,0,false,tight
UC4,std,DB3,1000000,9,encrypt,784.293,137270272,0,0,false,tight
UC4,std,DB3,1000000,9,eval,16036.522,60002488,0,0,false,tight
UC4,std,DB3,1000000,9,decrypt,7.539,11820192,4194304,1,true,tight
UC4,label_compact,DB3,1000000,9,setup,186.766,77398528,0,0,false,tight
UC4,label_compact,DB3,1000000,9,precomp,0.000,0,0,0,false,tight
UC4,label_compact,DB3,1000000,9,encrypt,940.371,221686280,0,0,false,tight
UC4,label_compact,DB3,1000000,9,eval,13815.269,421739296,0,0,false,tight
UC4,label_compact,DB3,1000000,9,decrypt,837.987,188024504,391118848,1,false,tight
UC4,label_compact_max,DB3,1000000,9,setup,187.238,56387216,0,0,false,tight
UC4,label_compact_max,DB3,1000000,9,precomp,0.000,0,0,0,false,tight
UC4,label_compact_max,DB3,1000000,9,encrypt,926.945,221686472,0,0,false,tight
UC4,label_compact_max,DB3,1000000,9,eval,21638.135,725865448,0,0,false,tight
UC4,label_compact_max,DB3,1000000,9,decrypt,1004.645,212155400,522190848,1,true,tight
UC4,label_compact_mb,DB3,1000000,9,setup,188.004,56387408,0,0,false,tight
UC4,label_compact_mb,DB3,1000000,9,precomp,0.001,0,0,0,false,tight
UC4,label_compact_mb,DB3,1000000,9,encrypt,969.203,189149096,0,0,false,tight
UC4,label_compact_mb,DB3,1000000,9,eval,13869.305,318731512,0,0,false,tight
UC4,label_compact_mb,DB3,1000000,9,decrypt,840.437,215596344,391118848,1,false,tight
UC4,label_cf_scalar,DB3,1000000,9,setup,11.695,9993552,0,0,false,tight
UC4,label_cf_scalar,DB3,1000000,9,precomp,0.000,0,0,0,false,tight
UC4,label_cf_scalar,DB3,1000000,9,encrypt,1607.981,379105544,0,0,false,tight
UC4,label_cf_scalar,DB3,1000000,9,eval,457.077,377363360,0,0,false,tight
UC4,label_cf_scalar,DB3,1000000,9,decrypt,8.397,22323920,4194304,1,true,tight
UC4,std,DB3,1000000,10,setup,216.329,59798344,0,0,false,tight
UC4,std,DB3,1000000,10,precomp,0.000,0,0,0,false,tight
UC4,std,DB3,1000000,10,encrypt,791.360,137270272,0,0,false,tight
UC4,std,DB3,1000000,10,eval,16111.571,60002488,0,0,false,tight
UC4,std,DB3,1000000,10,decrypt,7.441,11820192,4194304,1,true,tight
UC4,label_compact,DB3,1000000,10,setup,189.881,77398896,0,0,false,tight
UC4,label_compact,DB3,1000000,10,precomp,0.000,0,0,0,false,tight
UC4,label_compact,DB3,1000000,10,encrypt,942.071,221686056,0,0,false,tight
UC4,label_compact,DB3,1000000,10,eval,13832.565,339491632,0,0,false,tight
UC4,label_compact,DB3,1000000,10,decrypt,837.690,189073416,391118848,1,false,tight
UC4,label_compact_max,DB3,1000000,10,setup,187.093,72132656,0,0,false,tight
UC4,label_compact_max,DB3,1000000,10,precomp,0.000,0,0,0,false,tight
UC4,label_compact_max,DB3,1000000,10,encrypt,932.154,221686856,0,0,false,tight
UC4,label_compact_max,DB3,1000000,10,eval,21631.507,662284672,0,0,false,tight
UC4,label_compact_max,DB3,1000000,10,decrypt,1009.644,212155512,522190848,1,true,tight
UC4,label_compact_mb,DB3,1000000,10,setup,186.591,77398976,0,0,false,tight
UC4,label_compact_mb,DB3,1000000,10,precomp,0.000,0,0,0,false,tight
UC4,label_compact_mb,DB3,1000000,10,encrypt,951.296,213604376,0,0,false,tight
UC4,label_compact_mb,DB3,1000000,10,eval,13863.513,483226744,0,0,false,tight
UC4,label_compact_mb,DB3,1000000,10,decrypt,840.837,202334888,391118848,1,false,tight
UC4,label_cf_scalar,DB3,1000000,10,setup,10.431,9993552,0,0,false,tight
UC4,label_cf_scalar,DB3,1000000,10,precomp,0.000,0,0,0,false,tight
UC4,label_cf_scalar,DB3,1000000,10,encrypt,1598.146,389455240,0,0,false,tight
UC4,label_cf_scalar,DB3,1000000,10,eval,461.874,383659808,0,0,false,tight
UC4,label_cf_scalar,DB3,1000000,10,decrypt,7.612,22323920,4194304,1,true,tight
UC4,std,DB3,1000000,11,setup,212.325,80545216,0,0,false,tight
UC4,std,DB3,1000000,11,precomp,0.000,0,0,0,false,tight
UC4,std,DB3,1000000,11,encrypt,780.631,140533944,0,0,false,tight
UC4,std,DB3,1000000,11,eval,16025.070,74752328,0,0,false,tight
UC4,std,DB3,1000000,11,decrypt,8.395,11820192,4194304,1,true,tight
UC4,label_compact,DB3,1000000,11,setup,185.582,77398640,0,0,false,tight
UC4,label_compact,DB3,1000000,11,precomp,0.001,0,0,0,false,tight
UC4,label_compact,DB3,1000000,11,encrypt,928.564,221686568,0,0,false,tight
UC4,label_compact,DB3,1000000,11,eval,13834.139,586222560,0,0,false,tight
UC4,label_compact,DB3,1000000,11,decrypt,841.791,189073416,391118848,1,false,tight
UC4,label_compact_max,DB3,1000000,11,setup,188.994,51663744,0,0,false,tight
UC4,label_compact_max,DB3,1000000,11,precomp,0.000,0,0,0,false,tight
UC4,label_compact_max,DB3,1000000,11,encrypt,921.248,221686072,0,0,false,tight
UC4,label_compact_max,DB3,1000000,11,eval,21608.156,472826984,0,0,false,tight
UC4,label_compact_max,DB3,1000000,11,decrypt,1000.017,200469184,522190848,1,true,tight
UC4,label_compact_mb,DB3,1000000,11,setup,187.233,56387152,0,0,false,tight
UC4,label_compact_mb,DB3,1000000,11,precomp,0.000,0,0,0,false,tight
UC4,label_compact_mb,DB3,1000000,11,encrypt,960.589,194034440,0,0,false,tight
UC4,label_compact_mb,DB3,1000000,11,eval,13846.470,545098888,0,0,false,tight
UC4,label_compact_mb,DB3,1000000,11,decrypt,835.965,199185104,391118848,1,false,tight
UC4,label_cf_scalar,DB3,1000000,11,setup,10.136,9993552,0,0,false,tight
UC4,label_cf_scalar,DB3,1000000,11,precomp,0.000,0,0,0,false,tight
UC4,label_cf_scalar,DB3,1000000,11,encrypt,1597.315,379105576,0,0,false,tight
UC4,label_cf_scalar,DB3,1000000,11,eval,451.709,379070400,0,0,false,tight
UC4,label_cf_scalar,DB3,1000000,11,decrypt,7.661,22323920,4194304,1,true,tight
UC4,std,DB3,1000000,12,setup,215.467,54546088,0,0,false,tight
UC4,std,DB3,1000000,12,precomp,0.000,0,0,0,false,tight
UC4,std,DB3,1000000,12,encrypt,784.055,137270272,0,0,false,tight
UC4,std,DB3,1000000,12,eval,16036.729,60002456,0,0,false,tight
UC4,std,DB3,1000000,12,decrypt,7.174,11820192,4194304,1,true,tight
UC4,label_compact,DB3,1000000,12,setup,187.565,77398896,0,0,false,tight
UC4,label_compact,DB3,1000000,12,precomp,0.000,0,0,0,false,tight
UC4,label_compact,DB3,1000000,12,encrypt,937.051,221686360,0,0,false,tight
UC4,label_compact,DB3,1000000,12,eval,13864.693,524350368,0,0,false,tight
UC4,label_compact,DB3,1000000,12,decrypt,839.074,202334888,391118848,1,false,tight
UC4,label_compact_max,DB3,1000000,12,setup,186.090,52863552,0,0,false,tight
UC4,label_compact_max,DB3,1000000,12,precomp,0.000,0,0,0,false,tight
UC4,label_compact_max,DB3,1000000,12,encrypt,935.850,221686680,0,0,false,tight
UC4,label_compact_max,DB3,1000000,12,eval,21628.150,317659712,0,0,false,tight
UC4,label_compact_max,DB3,1000000,12,decrypt,1002.798,197320520,522190848,1,true,tight
UC4,label_compact_mb,DB3,1000000,12,setup,186.277,56919376,0,0,false,tight
UC4,label_compact_mb,DB3,1000000,12,precomp,0.000,0,0,0,false,tight
UC4,label_compact_mb,DB3,1000000,12,encrypt,963.694,194043800,0,0,false,tight
UC4,label_compact_mb,DB3,1000000,12,eval,13856.282,400979384,0,0,false,tight
UC4,label_compact_mb,DB3,1000000,12,decrypt,839.312,202335560,391118848,1,false,tight
UC4,label_cf_scalar,DB3,1000000,12,setup,11.272,9993552,0,0,false,tight
UC4,label_cf_scalar,DB3,1000000,12,precomp,0.000,0,0,0,false,tight
UC4,label_cf_scalar,DB3,1000000,12,encrypt,1603.286,389455256,0,0,false,tight
UC4,label_cf_scalar,DB3,1000000,12,eval,452.519,390614000,0,0,false,tight
UC4,label_cf_scalar,DB3,1000000,12,decrypt,8.434,22323920,4194304,1,true,tight
UC4,std,DB3,1000000,13,setup,217.062,54414104,0,0,false,tight
UC4,std,DB3,1000000,13,precomp,0.000,0,0,0,false,tight
UC4,std,DB3,1000000,13,encrypt,782.982,137270384,0,0,false,tight
UC4,std,DB3,1000000,13,eval,16023.675,60002456,0,0,false,tight
UC4,std,DB3,1000000,13,decrypt,7.255,11820192,4194304,1,true,tight
UC4,label_compact,DB3,1000000,13,setup,183.681,77398528,0,0,false,tight
UC4,label_compact,DB3,1000000,13,precomp,0.000,0,0,0,false,tight
UC4,label_compact,DB3,1000000,13,encrypt,933.634,221686776,0,0,false,tight
UC4,label_compact,DB3,1000000,13,eval,13862.558,503986656,0,0,false,tight
UC4,label_compact,DB3,1000000,13,decrypt,836.126,189073416,391118848,1,false,tight
UC4,label_compact_max,DB3,1000000,13,setup,186.842,51663744,0,0,false,tight
UC4,label_compact_max,DB3,1000000,13,precomp,0.000,0,0,0,false,tight
UC4,label_compact_max,DB3,1000000,13,encrypt,929.896,221685912,0,0,false,tight
UC4,label_compact_max,DB3,1000000,13,eval,21623.706,324890832,0,0,false,tight
UC4,label_compact_max,DB3,1000000,13,decrypt,998.482,226986632,522190848,1,true,tight
UC4,label_compact_mb,DB3,1000000,13,setup,189.117,77398608,0,0,false,tight
UC4,label_compact_mb,DB3,1000000,13,precomp,0.000,0,0,0,false,tight
UC4,label_compact_mb,DB3,1000000,13,encrypt,963.244,213610024,0,0,false,tight
UC4,label_compact_mb,DB3,1000000,13,eval,13830.786,359855440,0,0,false,tight
UC4,label_compact_mb,DB3,1000000,13,decrypt,836.778,69721592,391118848,1,false,tight
UC4,label_cf_scalar,DB3,1000000,13,setup,11.400,9993552,0,0,false,tight
UC4,label_cf_scalar,DB3,1000000,13,precomp,0.000,0,0,0,false,tight
UC4,label_cf_scalar,DB3,1000000,13,encrypt,1605.272,384282240,0,0,false,tight
UC4,label_cf_scalar,DB3,1000000,13,eval,452.165,373165616,0,0,false,tight
UC4,label_cf_scalar,DB3,1000000,13,decrypt,7.665,22323920,4194304,1,true,tight
UC4,std,DB3,1000000,14,setup,217.111,54545768,0,0,false,tight
UC4,std,DB3,1000000,14,precomp,0.001,0,0,0,false,tight
UC4,std,DB3,1000000,14,encrypt,782.775,137270272,0,0,false,tight
UC4,std,DB3,1000000,14,eval,16069.837,60002488,0,0,false,tight
UC4,std,DB3,1000000,14,decrypt,7.857,11820192,4194304,1,true,tight
UC4,label_compact,DB3,1000000,14,setup,188.393,77398528,0,0,false,tight
UC4,label_compact,DB3,1000000,14,precomp,0.000,0,0,0,false,tight
UC4,label_compact,DB3,1000000,14,encrypt,936.627,221686568,0,0,false,tight
UC4,label_compact,DB3,1000000,14,eval,13849.184,442102784,0,0,false,tight
UC4,label_compact,DB3,1000000,14,decrypt,840.428,43197768,391118848,1,false,tight
UC4,label_compact_max,DB3,1000000,14,setup,189.185,51666576,0,0,false,tight
UC4,label_compact_max,DB3,1000000,14,precomp,0.000,0,0,0,false,tight
UC4,label_compact_max,DB3,1000000,14,encrypt,934.177,221686888,0,0,false,tight
UC4,label_compact_max,DB3,1000000,14,eval,21646.244,704447384,0,0,false,tight
UC4,label_compact_max,DB3,1000000,14,decrypt,1006.290,215304064,522190848,1,true,tight
UC4,label_compact_mb,DB3,1000000,14,setup,186.683,56916176,0,0,false,tight
UC4,label_compact_mb,DB3,1000000,14,precomp,0.000,0,0,0,false,tight
UC4,label_compact_mb,DB3,1000000,14,encrypt,962.609,194039496,0,0,false,tight
UC4,label_compact_mb,DB3,1000000,14,eval,13873.326,236483592,0,0,false,tight
UC4,label_compact_mb,DB3,1000000,14,decrypt,835.202,189073416,391118848,1,false,tight
UC4,label_cf_scalar,DB3,1000000,14,setup,10.317,5508912,0,0,false,tight
UC4,label_cf_scalar,DB3,1000000,14,precomp,0.000,0,0,0,false,tight
UC4,label_cf_scalar,DB3,1000000,14,encrypt,1596.498,384282304,0,0,false,tight
UC4,label_cf_scalar,DB3,1000000,14,eval,459.857,373165728,0,0,false,tight
UC4,label_cf_scalar,DB3,1000000,14,decrypt,7.717,22323920,4194304,1,true,tight
UC4,std,DB3,1000000,15,setup,215.421,54545976,0,0,false,tight
UC4,std,DB3,1000000,15,precomp,0.000,0,0,0,false,tight
UC4,std,DB3,1000000,15,encrypt,782.044,137270272,0,0,false,tight
UC4,std,DB3,1000000,15,eval,16039.251,60002488,0,0,false,tight
UC4,std,DB3,1000000,15,decrypt,8.001,11820192,4194304,1,true,tight
UC4,label_compact,DB3,1000000,15,setup,187.062,77398896,0,0,false,tight
UC4,label_compact,DB3,1000000,15,precomp,0.000,0,0,0,false,tight
UC4,label_compact,DB3,1000000,15,encrypt,930.655,221686616,0,0,false,tight
UC4,label_compact,DB3,1000000,15,eval,13838.509,339492064,0,0,false,tight
UC4,label_compact,DB3,1000000,15,decrypt,836.114,189073416,391118848,1,false,tight
UC4,label_compact_max,DB3,1000000,15,setup,189.810,51425872,0,0,false,tight
UC4,label_compact_max,DB3,1000000,15,precomp,0.000,0,0,0,false,tight
UC4,label_compact_max,DB3,1000000,15,encrypt,921.480,221686472,0,0,false,tight
UC4,label_compact_max,DB3,1000000,15,eval,21632.127,472826312,0,0,false,tight
UC4,label_compact_max,DB3,1000000,15,decrypt,999.945,212155400,522190848,1,true,tight
UC4,label_compact_mb,DB3,1000000,15,setup,190.210,56919376,0,0,false,tight
UC4,label_compact_mb,DB3,1000000,15,precomp,0.000,0,0,0,false,tight
UC4,label_compact_mb,DB3,1000000,15,encrypt,958.207,189149640,0,0,false,tight
UC4,label_compact_mb,DB3,1000000,15,eval,13848.943,545110504,0,0,false,tight
UC4,label_compact_mb,DB3,1000000,15,decrypt,843.912,189073864,391118848,1,false,tight
UC4,label_cf_scalar,DB3,1000000,15,setup,9.787,5508800,0,0,false,tight
UC4,label_cf_scalar,DB3,1000000,15,precomp,0.000,0,0,0,false,tight
UC4,label_cf_scalar,DB3,1000000,15,encrypt,1592.007,379105656,0,0,false,tight
UC4,label_cf_scalar,DB3,1000000,15,eval,455.059,417240752,0,0,false,tight
UC4,label_cf_scalar,DB3,1000000,15,decrypt,7.739,22323920,4194304,1,true,tight
UC4,std,DB3,1000000,16,setup,216.759,75821984,0,0,false,tight
UC4,std,DB3,1000000,16,precomp,0.000,0,0,0,false,tight
UC4,std,DB3,1000000,16,encrypt,786.250,139445440,0,0,false,tight
UC4,std,DB3,1000000,16,eval,16055.610,63163224,0,0,false,tight
UC4,std,DB3,1000000,16,decrypt,7.190,11820192,4194304,1,true,tight
UC4,label_compact,DB3,1000000,16,setup,187.951,77398528,0,0,false,tight
UC4,label_compact,DB3,1000000,16,precomp,0.000,0,0,0,false,tight
UC4,label_compact,DB3,1000000,16,encrypt,936.659,221685944,0,0,false,tight
UC4,label_compact,DB3,1000000,16,eval,13819.158,545110728,0,0,false,tight
UC4,label_compact,DB3,1000000,16,decrypt,842.152,189073416,391118848,1,false,tight
UC4,label_compact_max,DB3,1000000,16,setup,186.037,77398560,0,0,false,tight
UC4,label_compact_max,DB3,1000000,16,precomp,0.000,0,0,0,false,tight
UC4,label_compact_max,DB3,1000000,16,encrypt,931.198,283117176,0,0,false,tight
UC4,label_compact_max,DB3,1000000,16,eval,21636.511,324884080,0,0,false,tight
UC4,label_compact_max,DB3,1000000,16,decrypt,1000.393,212151848,522190848,1,true,tight
UC4,label_compact_mb,DB3,1000000,16,setup,187.121,54813216,0,0,false,tight
UC4,label_compact_mb,DB3,1000000,16,precomp,0.000,0,0,0,false,tight
UC4,label_compact_mb,DB3,1000000,16,encrypt,962.133,194035608,0,0,false,tight
UC4,label_compact_mb,DB3,1000000,16,eval,13832.727,586234768,0,0,false,tight
UC4,label_compact_mb,DB3,1000000,16,decrypt,843.579,204964272,391118848,1,false,tight
UC4,label_cf_scalar,DB3,1000000,16,setup,11.595,9993272,0,0,false,tight
UC4,label_cf_scalar,DB3,1000000,16,precomp,0.000,0,0,0,false,tight
UC4,label_cf_scalar,DB3,1000000,16,encrypt,1599.607,394628400,0,0,false,tight
UC4,label_cf_scalar,DB3,1000000,16,eval,457.306,381169216,0,0,false,tight
UC4,label_cf_scalar,DB3,1000000,16,decrypt,7.642,22323920,4194304,1,true,tight
UC4,std,DB3,1000000,17,setup,212.774,54546200,0,0,false,tight
UC4,std,DB3,1000000,17,precomp,0.000,0,0,0,false,tight
UC4,std,DB3,1000000,17,encrypt,783.897,137270272,0,0,false,tight
UC4,std,DB3,1000000,17,eval,16046.747,60002488,0,0,false,tight
UC4,std,DB3,1000000,17,decrypt,7.228,11820192,4194304,1,true,tight
UC4,label_compact,DB3,1000000,17,setup,189.508,51134576,0,0,false,tight
UC4,label_compact,DB3,1000000,17,precomp,0.000,0,0,0,false,tight
UC4,label_compact,DB3,1000000,17,encrypt,939.068,221686904,0,0,false,tight
UC4,label_compact,DB3,1000000,17,eval,13865.521,421739088,0,0,false,tight
UC4,label_compact,DB3,1000000,17,decrypt,840.015,213497448,391118848,1,false,tight
UC4,label_compact_max,DB3,1000000,17,setup,188.222,77638240,0,0,false,tight
UC4,label_compact_max,DB3,1000000,17,precomp,0.000,0,0,0,false,tight
UC4,label_compact_max,DB3,1000000,17,encrypt,925.035,221686776,0,0,false,tight
UC4,label_compact_max,DB3,1000000,17,eval,21641.373,535747240,0,0,false,tight
UC4,label_compact_max,DB3,1000000,17,decrypt,998.083,200469184,522190848,1,true,tight
UC4,label_compact_mb,DB3,1000000,17,setup,188.091,56387408,0,0,false,tight
UC4,label_compact_mb,DB3,1000000,17,precomp,0.000,0,0,0,false,tight
UC4,label_compact_mb,DB3,1000000,17,encrypt,968.226,189153544,0,0,false,tight
UC4,label_compact_mb,DB3,1000000,17,eval,13869.621,359855776,0,0,false,tight
UC4,label_compact_mb,DB3,1000000,17,decrypt,845.992,29935848,391118848,1,false,tight
UC4,label_cf_scalar,DB3,1000000,17,setup,9.750,5508912,0,0,false,tight
UC4,label_cf_scalar,DB3,1000000,17,precomp,0.000,0,0,0,false,tight
UC4,label_cf_scalar,DB3,1000000,17,encrypt,1601.569,379106152,0,0,false,tight
UC4,label_cf_scalar,DB3,1000000,17,eval,456.509,380119808,0,0,false,tight
UC4,label_cf_scalar,DB3,1000000,17,decrypt,7.714,22323920,4194304,1,true,tight
UC4,std,DB3,1000000,18,setup,214.898,80791104,0,0,false,tight
UC4,std,DB3,1000000,18,precomp,0.000,0,0,0,false,tight
UC4,std,DB3,1000000,18,encrypt,785.456,137270272,0,0,false,tight
UC4,std,DB3,1000000,18,eval,16038.157,60002488,0,0,false,tight
UC4,std,DB3,1000000,18,decrypt,7.299,11820192,4194304,1,true,tight
UC4,label_compact,DB3,1000000,18,setup,186.994,72648128,0,0,false,tight
UC4,label_compact,DB3,1000000,18,precomp,0.000,0,0,0,false,tight
UC4,label_compact,DB3,1000000,18,encrypt,939.005,221687032,0,0,false,tight
UC4,label_compact,DB3,1000000,18,eval,14372.600,318731816,0,0,false,tight
UC4,label_compact,DB3,1000000,18,decrypt,946.907,189078424,391118848,1,false,tight
UC4,label_compact_max,DB3,1000000,18,setup,206.044,56387312,0,0,false,tight
UC4,label_compact_max,DB3,1000000,18,precomp,0.000,0,0,0,false,tight
UC4,label_compact_max,DB3,1000000,18,encrypt,972.246,221686888,0,0,false,tight
UC4,label_compact_max,DB3,1000000,18,eval,22791.978,704458824,0,0,false,tight
UC4,label_compact_max,DB3,1000000,18,decrypt,1056.950,226990296,522190848,1,true,tight
UC4,label_compact_mb,DB3,1000000,18,setup,192.653,54813328,0,0,false,tight
UC4,label_compact_mb,DB3,1000000,18,precomp,0.000,0,0,0,false,tight
UC4,label_compact_mb,DB3,1000000,18,encrypt,1012.815,194043320,0,0,false,tight
UC4,label_compact_mb,DB3,1000000,18,eval,14709.966,359854896,0,0,false,tight
UC4,label_compact_mb,DB3,1000000,18,decrypt,876.549,202335000,391118848,1,false,tight
UC4,label_cf_scalar,DB3,1000000,18,setup,10.161,5511680,0,0,false,tight
UC4,label_cf_scalar,DB3,1000000,18,precomp,0.000,0,0,0,false,tight
UC4,label_cf_scalar,DB3,1000000,18,encrypt,1681.870,379106264,0,0,false,tight
UC4,label_cf_scalar,DB3,1000000,18,eval,479.146,370017392,0,0,false,tight
UC4,label_cf_scalar,DB3,1000000,18,decrypt,8.960,22323920,4194304,1,true,tight
UC4,std,DB3,1000000,19,setup,223.520,80810584,0,0,false,tight
UC4,std,DB3,1000000,19,precomp,0.000,0,0,0,false,tight
UC4,std,DB3,1000000,19,encrypt,821.434,139989224,0,0,false,tight
UC4,std,DB3,1000000,19,eval,16840.539,64216728,0,0,false,tight
UC4,std,DB3,1000000,19,decrypt,7.548,11820192,4194304,1,true,tight
UC4,label_compact,DB3,1000000,19,setup,197.837,51134688,0,0,false,tight
UC4,label_compact,DB3,1000000,19,precomp,0.000,0,0,0,false,tight
UC4,label_compact,DB3,1000000,19,encrypt,982.362,221686872,0,0,false,tight
UC4,label_compact,DB3,1000000,19,eval,14559.101,483226312,0,0,false,tight
UC4,label_compact,DB3,1000000,19,decrypt,880.542,173713064,391118848,1,false,tight
UC4,label_compact_max,DB3,1000000,19,setup,198.533,51664096,0,0,false,tight
UC4,label_compact_max,DB3,1000000,19,precomp,0.000,0,0,0,false,tight
UC4,label_compact_max,DB3,1000000,19,encrypt,981.289,221686328,0,0,false,tight
UC4,label_compact_max,DB3,1000000,19,eval,23606.009,430651840,0,0,false,tight
UC4,label_compact_max,DB3,1000000,19,decrypt,1128.669,247863624,522190848,1,true,tight
UC4,label_compact_mb,DB3,1000000,19,setup,197.841,77398720,0,0,false,tight
UC4,label_compact_mb,DB3,1000000,19,precomp,0.000,0,0,0,false,tight
UC4,label_compact_mb,DB3,1000000,19,encrypt,1007.152,189148248,0,0,false,tight
UC4,label_compact_mb,DB3,1000000,19,eval,14618.936,257243616,0,0,false,tight
UC4,label_compact_mb,DB3,1000000,19,decrypt,887.970,185923632,391118848,1,false,tight
UC4,label_cf_scalar,DB3,1000000,19,setup,10.326,10010792,0,0,false,tight
UC4,label_cf_scalar,DB3,1000000,19,precomp,0.000,0,0,0,false,tight
UC4,label_cf_scalar,DB3,1000000,19,encrypt,1679.740,384282224,0,0,false,tight
UC4,label_cf_scalar,DB3,1000000,19,eval,476.329,381169328,0,0,false,tight
UC4,label_cf_scalar,DB3,1000000,19,decrypt,8.190,22323920,4194304,1,true,tight
UC4,std,DB3,1000000,20,setup,225.919,80791680,0,0,false,tight
UC4,std,DB3,1000000,20,precomp,0.000,0,0,0,false,tight
UC4,std,DB3,1000000,20,encrypt,824.561,137270272,0,0,false,tight
UC4,std,DB3,1000000,20,eval,16872.782,60002488,0,0,false,tight
UC4,std,DB3,1000000,20,decrypt,7.529,11820192,4194304,1,true,tight
UC4,label_compact,DB3,1000000,20,setup,202.369,77398912,0,0,false,tight
UC4,label_compact,DB3,1000000,20,precomp,0.000,0,0,0,false,tight
UC4,label_compact,DB3,1000000,20,encrypt,979.639,221686280,0,0,false,tight
UC4,label_compact,DB3,1000000,20,eval,14580.735,503980480,0,0,false,tight
UC4,label_compact,DB3,1000000,20,decrypt,885.568,215597016,391118848,1,false,tight
UC4,label_compact_max,DB3,1000000,20,setup,196.252,54813280,0,0,false,tight
UC4,label_compact_max,DB3,1000000,20,precomp,0.001,0,0,0,false,tight
UC4,label_compact_max,DB3,1000000,20,encrypt,980.513,221686712,0,0,false,tight
UC4,label_compact_max,DB3,1000000,20,eval,22842.608,767722232,0,0,false,tight
UC4,label_compact_max,DB3,1000000,20,decrypt,1050.667,256660072,522190848,1,true,tight
UC4,label_compact_mb,DB3,1000000,20,setup,198.831,56387472,0,0,false,tight
UC4,label_compact_mb,DB3,1000000,20,precomp,0.000,0,0,0,false,tight
UC4,label_compact_mb,DB3,1000000,20,encrypt,1012.564,194043016,0,0,false,tight
UC4,label_compact_mb,DB3,1000000,20,eval,14626.020,606598384,0,0,false,tight
UC4,label_compact_mb,DB3,1000000,20,decrypt,877.893,215596344,391118848,1,false,tight
UC4,label_cf_scalar,DB3,1000000,20,setup,12.102,5511680,0,0,false,tight
UC4,label_cf_scalar,DB3,1000000,20,precomp,0.000,0,0,0,false,tight
UC4,label_cf_scalar,DB3,1000000,20,encrypt,1673.196,389455448,0,0,false,tight
UC4,label_cf_scalar,DB3,1000000,20,eval,485.826,378020992,0,0,false,tight
UC4,label_cf_scalar,DB3,1000000,20,decrypt,8.039,22323920,4194304,1,true,tight
UC4,std,DB1,512,1,setup,80.766,22561392,0,0,false,min
UC4,std,DB1,512,1,precomp,0.000,0,0,0,false,min
UC4,std,DB1,512,1,encrypt,10.279,4245424,0,0,false,min
UC4,std,DB1,512,1,eval,137.902,34353176,0,0,false,min
UC4,std,DB1,512,1,decrypt,5.596,2759336,2097152,1,false,min
UC4,label_compact,DB1,512,1,setup,73.913,27565184,0,0,false,min
UC4,label_compact,DB1,512,1,precomp,0.000,0,0,0,false,min
UC4,label_compact,DB1,512,1,encrypt,10.437,8385392,0,0,false,min
UC4,label_compact,DB1,512,1,eval,225.665,36867368,0,0,false,min
UC4,label_compact,DB1,512,1,decrypt,16.206,10902408,5242880,1,false,min
UC4,label_compact_max,DB1,512,1,setup,72.453,23620008,0,0,false,min
UC4,label_compact_max,DB1,512,1,precomp,0.000,0,0,0,false,min
UC4,label_compact_max,DB1,512,1,encrypt,12.479,8385040,0,0,false,min
UC4,label_compact_max,DB1,512,1,eval,231.715,25593816,0,0,false,min
UC4,label_compact_max,DB1,512,1,decrypt,16.222,10902408,5242880,1,false,min
UC4,label_compact_mb,DB1,512,1,setup,75.249,27301176,0,0,false,min
UC4,label_compact_mb,DB1,512,1,precomp,0.000,0,0,0,false,min
UC4,label_compact_mb,DB1,512,1,encrypt,10.483,7756144,0,0,false,min
UC4,label_compact_mb,DB1,512,1,eval,230.074,14171576,0,0,false,min
UC4,label_compact_mb,DB1,512,1,decrypt,17.080,10902408,5242880,1,false,min
UC4,label_cf_scalar,DB1,512,1,setup,9.119,3673440,0,0,false,min
UC4,label_cf_scalar,DB1,512,1,precomp,0.000,0,0,0,false,min
UC4,label_cf_scalar,DB1,512,1,encrypt,18.911,8681992,0,0,false,min
UC4,label_cf_scalar,DB1,512,1,eval,7.359,11156256,0,0,false,min
UC4,label_cf_scalar,DB1,512,1,decrypt,7.019,8408416,2097152,1,true,min
UC4,std,DB1,512,2,setup,86.157,24405104,0,0,false,min
UC4,std,DB1,512,2,precomp,0.000,0,0,0,false,min
UC4,std,DB1,512,2,encrypt,11.012,4245424,0,0,false,min
UC4,std,DB1,512,2,eval,144.153,34353176,0,0,false,min
UC4,std,DB1,512,2,decrypt,7.243,2759336,2097152,1,false,min
UC4,label_compact,DB1,512,2,setup,75.684,27301160,0,0,false,min
UC4,label_compact,DB1,512,2,precomp,0.000,0,0,0,false,min
UC4,label_compact,DB1,512,2,encrypt,10.909,8385136,0,0,false,min
UC4,label_compact,DB1,512,2,eval,222.295,25594056,0,0,false,min
UC4,label_compact,DB1,512,2,decrypt,15.549,10902408,5242880,1,false,min
UC4,label_compact_max,DB1,512,2,setup,76.446,23622696,0,0,false,min
UC4,label_compact_max,DB1,512,2,precomp,0.001,0,0,0,false,min
UC4,label_compact_max,DB1,512,2,encrypt,12.328,8384736,0,0,false,min
UC4,label_compact_max,DB1,512,2,eval,235.445,25593928,0,0,false,min
UC4,label_compact_max,DB1,512,2,decrypt,17.154,10902424,5242880,1,false,min
UC4,label_compact_mb,DB1,512,2,setup,73.895,23619496,0,0,false,min
UC4,label_compact_mb,DB1,512,2,precomp,0.000,0,0,0,false,min
UC4,label_compact_mb,DB1,512,2,encrypt,12.268,7755120,0,0,false,min
UC4,label_compact_mb,DB1,512,2,eval,231.299,14172008,0,0,false,min
UC4,label_compact_mb,DB1,512,2,decrypt,15.378,10902408,5242880,1,false,min
UC4,label_cf_scalar,DB1,512,2,setup,8.446,3676320,0,0,false,min
UC4,label_cf_scalar,DB1,512,2,precomp,0.000,0,0,0,false,min
UC4,label_cf_scalar,DB1,512,2,encrypt,18.132,8681992,0,0,false,min
UC4,label_cf_scalar,DB1,512,2,eval,6.380,11156368,0,0,false,min
UC4,label_cf_scalar,DB1,512,2,decrypt,7.712,8408416,2097152,1,true,min
UC4,std,DB1,512,3,setup,91.908,24668392,0,0,false,min
UC4,std,DB1,512,3,precomp,0.000,0,0,0,false,min
UC4,std,DB1,512,3,encrypt,8.766,4245424,0,0,false,min
UC4,std,DB1,512,3,eval,142.110,33825832,0,0,false,min
UC4,std,DB1,512,3,decrypt,5.370,2759336,2097152,1,false,min
UC4,label_compact,DB1,512,3,setup,78.904,26776216,0,0,false,min
UC4,label_compact,DB1,512,3,precomp,0.000,0,0,0,false,min
UC4,label_compact,DB1,512,3,encrypt,10.848,8385088,0,0,false,min
UC4,label_compact,DB1,512,3,eval,236.410,25594888,0,0,false,min
UC4,label_compact,DB1,512,3,decrypt,15.695,10902408,5242880,1,false,min
UC4,label_compact_max,DB1,512,3,setup,77.594,26776248,0,0,false,min
UC4,label_compact_max,DB1,512,3,precomp,0.000,0,0,0,false,min
UC4,label_compact_max,DB1,512,3,encrypt,12.380,8385216,0,0,false,min
UC4,label_compact_max,DB1,512,3,eval,226.117,14172120,0,0,false,min
UC4,label_compact_max,DB1,512,3,decrypt,16.208,10902408,5242880,1,false,min
UC4,label_compact_mb,DB1,512,3,setup,75.291,19146160,0,0,false,min
UC4,label_compact_mb,DB1,512,3,precomp,0.000,0,0,0,false,min
UC4,label_compact_mb,DB1,512,3,encrypt,11.226,7754256,0,0,false,min
UC4,label_compact_mb,DB1,512,3,eval,237.266,25594472,0,0,false,min
UC4,label_compact_mb,DB1,512,3,decrypt,16.348,10902408,5242880,1,false,min
UC4,label_cf_scalar,DB1,512,3,setup,7.230,3692720,0,0,false,min
UC4,label_cf_scalar,DB1,512,3,precomp,0.000,0,0,0,false,min
UC4,label_cf_scalar,DB1,512,3,encrypt,19.771,8681992,0,0,false,min
UC4,label_cf_scalar,DB1,512,3,eval,7.566,31358144,0,0,false,min
UC4,label_cf_scalar,DB1,512,3,decrypt,5.667,8408416,2097152,1,true,min
UC4,std,DB1,512,4,setup,86.884,22563504,0,0,false,min
UC4,std,DB1,512,4,precomp,0.000,0,0,0,false,min
UC4,std,DB1,512,4,encrypt,10.007,4245424,0,0,false,min
UC4,std,DB1,512,4,eval,147.131,33825832,0,0,false,min
UC4,std,DB1,512,4,decrypt,6.362,2759336,2097152,1,false,min
UC4,label_compact,DB1,512,4,setup,75.926,23622552,0,0,false,min
UC4,label_compact,DB1,512,4,precomp,0.000,0,0,0,false,min
UC4,label_compact,DB1,512,4,encrypt,10.719,8385344,0,0,false,min
UC4,label_compact,DB1,512,4,eval,228.360,37407536,0,0,false,min
UC4,label_compact,DB1,512,4,decrypt,16.666,10903752,5242880,1,false,min
UC4,label_compact_max,DB1,512,4,setup,74.407,21514832,0,0,false,min
UC4,label_compact_max,DB1,512,4,precomp,0.001,0,0,0,false,min
UC4,label_compact_max,DB1,512,4,encrypt,12.629,8385168,0,0,false,min
UC4,label_compact_max,DB1,512,4,eval,236.130,25594056,0,0,false,min
UC4,label_compact_max,DB1,512,4,decrypt,15.921,10903416,5242880,1,false,min
UC4,label_compact_mb,DB1,512,4,setup,72.496,22566872,0,0,false,min
UC4,label_compact_mb,DB1,512,4,precomp,0.000,0,0,0,false,min
UC4,label_compact_mb,DB1,512,4,encrypt,12.007,7753504,0,0,false,min
UC4,label_compact_mb,DB1,512,4,eval,239.802,14171240,0,0,false,min
UC4,label_compact_mb,DB1,512,4,decrypt,14.018,10902632,5242880,1,false,min
UC4,label_cf_scalar,DB1,512,4,setup,9.340,3673552,0,0,false,min
UC4,label_cf_scalar,DB1,512,4,precomp,0.000,0,0,0,false,min
UC4,label_cf_scalar,DB1,512,4,encrypt,18.716,8682104,0,0,false,min
UC4,label_cf_scalar,DB1,512,4,eval,7.576,11156256,0,0,false,min
UC4,label_cf_scalar,DB1,512,4,decrypt,5.552,8408416,2097152,1,true,min
UC4,std,DB1,512,5,setup,89.359,22563504,0,0,false,min
UC4,std,DB1,512,5,precomp,0.000,0,0,0,false,min
UC4,std,DB1,512,5,encrypt,10.811,4245424,0,0,false,min
UC4,std,DB1,512,5,eval,147.333,33825832,0,0,false,min
UC4,std,DB1,512,5,decrypt,6.298,2759336,2097152,1,false,min
UC4,label_compact,DB1,512,5,setup,74.860,23091912,0,0,false,min
UC4,label_compact,DB1,512,5,precomp,0.000,0,0,0,false,min
UC4,label_compact,DB1,512,5,encrypt,11.764,8385312,0,0,false,min
UC4,label_compact,DB1,512,5,eval,225.562,25587096,0,0,false,min
UC4,label_compact,DB1,512,5,decrypt,17.554,10902408,5242880,1,false,min
UC4,label_compact_max,DB1,512,5,setup,77.831,23355536,0,0,false,min
UC4,label_compact_max,DB1,512,5,precomp,0.000,0,0,0,false,min
UC4,label_compact_max,DB1,512,5,encrypt,12.252,8385168,0,0,false,min
UC4,label_compact_max,DB1,512,5,eval,228.985,25593944,0,0,false,min
UC4,label_compact_max,DB1,512,5,decrypt,15.973,10902408,5242880,1,false,min
UC4,label_compact_mb,DB1,512,5,setup,74.970,23622792,0,0,false,min
UC4,label_compact_mb,DB1,512,5,precomp,0.001,0,0,0,false,min
UC4,label_compact_mb,DB1,512,5,encrypt,11.081,7755856,0,0,false,min
UC4,label_compact_mb,DB1,512,5,eval,238.005,37412720,0,0,false,min
UC4,label_compact_mb,DB1,512,5,decrypt,17.007,10903304,5242880,1,false,min
UC4,label_cf_scalar,DB1,512,5,setup,8.652,8680080,0,0,false,min
UC4,label_cf_scalar,DB1,512,5,precomp,0.000,0,0,0,false,min
UC4,label_cf_scalar,DB1,512,5,encrypt,19.603,8682008,0,0,false,min
UC4,label_cf_scalar,DB1,512,5,eval,5.919,11156256,0,0,false,min
UC4,label_cf_scalar,DB1,512,5,decrypt,7.311,8408416,2097152,1,true,min
UC4,std,DB1,512,6,setup,94.026,22566992,0,0,false,min
UC4,std,DB1,512,6,precomp,0.000,0,0,0,false,min
UC4,std,DB1,512,6,encrypt,11.197,4245424,0,0,false,min
UC4,std,DB1,512,6,eval,144.467,34353176,0,0,false,min
UC4,std,DB1,512,6,decrypt,6.292,2759784,2097152,1,false,min
UC4,label_compact,DB1,512,6,setup,72.765,21514688,0,0,false,min
UC4,label_compact,DB1,512,6,precomp,0.000,0,0,0,false,min
UC4,label_compact,DB1,512,6,encrypt,11.044,8385200,0,0,false,min
UC4,label_compact,DB1,512,6,eval,231.284,37413488,0,0,false,min
UC4,label_compact,DB1,512,6,decrypt,15.353,10903416,5242880,1,false,min
UC4,label_compact_max,DB1,512,6,setup,75.383,26776248,0,0,false,min
UC4,label_compact_max,DB1,512,6,precomp,0.000,0,0,0,false,min
UC4,label_compact_max,DB1,512,6,encrypt,13.708,8385104,0,0,false,min
UC4,label_compact_max,DB1,512,6,eval,230.338,14171224,0,0,false,min
UC4,label_compact_max,DB1,512,6,decrypt,18.347,10902520,5242880,1,false,min
UC4,label_compact_mb,DB1,512,6,setup,83.501,20987136,0,0,false,min
UC4,label_compact_mb,DB1,512,6,precomp,0.000,0,0,0,false,min
UC4,label_compact_mb,DB1,512,6,encrypt,12.055,7756192,0,0,false,min
UC4,label_compact_mb,DB1,512,6,eval,228.119,25598904,0,0,false,min
UC4,label_compact_mb,DB1,512,6,decrypt,18.575,-785184,5242880,1,false,min
UC4,label_cf_scalar,DB1,512,6,setup,8.287,3692224,0,0,false,min
UC4,label_cf_scalar,DB1,512,6,precomp,0.000,0,0,0,false,min
UC4,label_cf_scalar,DB1,512,6,encrypt,18.898,8681992,0,0,false,min
UC4,label_cf_scalar,DB1,512,6,eval,10.695,22316112,0,0,false,min
UC4,label_cf_scalar,DB1,512,6,decrypt,7.717,8408416,2097152,1,true,min
UC4,std,DB1,512,7,setup,88.149,22563824,0,0,false,min
UC4,std,DB1,512,7,precomp,0.000,0,0,0,false,min
UC4,std,DB1,512,7,encrypt,9.045,4245424,0,0,false,min
UC4,std,DB1,512,7,eval,139.983,33825832,0,0,false,min
UC4,std,DB1,512,7,decrypt,5.871,2759336,2097152,1,false,min
UC4,label_compact,DB1,512,7,setup,73.212,27301272,0,0,false,min
UC4,label_compact,DB1,512,7,precomp,0.001,0,0,0,false,min
UC4,label_compact,DB1,512,7,encrypt,11.251,8385216,0,0,false,min
UC4,label_compact,DB1,512,7,eval,230.577,14171576,0,0,false,min
UC4,label_compact,DB1,512,7,decrypt,15.675,10902408,5242880,1,false,min
UC4,label_compact_max,DB1,512,7,setup,75.175,21518128,0,0,false,min
UC4,label_compact_max,DB1,512,7,precomp,0.000,0,0,0,false,min
UC4,label_compact_max,DB1,512,7,encrypt,12.282,8384864,0,0,false,min
UC4,label_compact_max,DB1,512,7,eval,232.359,25587736,0,0,false,min
UC4,label_compact_max,DB1,512,7,decrypt,15.201,10902520,5242880,1,false,min
UC4,label_compact_mb,DB1,512,7,setup,77.804,27301176,0,0,false,min
UC4,label_compact_mb,DB1,512,7,precomp,0.000,0,0,0,false,min
UC4,label_compact_mb,DB1,512,7,encrypt,10.688,7754512,0,0,false,min
UC4,label_compact_mb,DB1,512,7,eval,234.901,25594152,0,0,false,min
UC4,label_compact_mb,DB1,512,7,decrypt,17.118,10902408,5242880,1,false,min
UC4,label_cf_scalar,DB1,512,7,setup,9.703,6583896,0,0,false,min
UC4,label_cf_scalar,DB1,512,7,precomp,0.000,0,0,0,false,min
UC4,label_cf_scalar,DB1,512,7,encrypt,19.275,8681992,0,0,false,min
UC4,label_cf_scalar,DB1,512,7,eval,7.364,11156448,0,0,false,min
UC4,label_cf_scalar,DB1,512,7,decrypt,5.871,8408640,2097152,1,true,min
UC4,std,DB1,512,8,setup,88.196,26776240,0,0,false,min
UC4,std,DB1,512,8,precomp,0.000,0,0,0,false,min
UC4,std,DB1,512,8,encrypt,10.081,4245424,0,0,false,min
UC4,std,DB1,512,8,eval,143.085,34880680,0,0,false,min
UC4,std,DB1,512,8,decrypt,6.325,2759784,2097152,1,false,min
UC4,label_compact,DB1,512,8,setup,74.182,21251128,0,0,false,min
UC4,label_compact,DB1,512,8,precomp,0.000,0,0,0,false,min
UC4,label_compact,DB1,512,8,encrypt,13.040,8384960,0,0,false,min
UC4,label_compact,DB1,512,8,eval,232.217,25593816,0,0,false,min
UC4,label_compact,DB1,512,8,decrypt,15.430,10902408,5242880,1,false,min
UC4,label_compact_max,DB1,512,8,setup,73.169,27301304,0,0,false,min
UC4,label_compact_max,DB1,512,8,precomp,0.000,0,0,0,false,min
UC4,label_compact_max,DB1,512,8,encrypt,12.196,8385264,0,0,false,min
UC4,label_compact_max,DB1,512,8,eval,224.389,14171496,0,0,false,min
UC4,label_compact_max,DB1,512,8,decrypt,17.231,-784960,5242880,1,false,min
UC4,label_compact_mb,DB1,512,8,setup,72.988,23622568,0,0,false,min
UC4,label_compact_mb,DB1,512,8,precomp,0.001,0,0,0,false,min
UC4,label_compact_mb,DB1,512,8,encrypt,10.859,7757472,0,0,false,min
UC4,label_compact_mb,DB1,512,8,eval,232.294,37390664,0,0,false,min
UC4,label_compact_mb,DB1,512,8,decrypt,16.495,-785184,5242880,1,false,min
UC4,label_cf_scalar,DB1,512,8,setup,8.086,3676320,0,0,false,min
UC4,label_cf_scalar,DB1,512,8,precomp,0.000,0,0,0,false,min
UC4,label_cf_scalar,DB1,512,8,encrypt,20.065,8681992,0,0,false,min
UC4,label_cf_scalar,DB1,512,8,eval,8.859,11156256,0,0,false,min
UC4,label_cf_scalar,DB1,512,8,decrypt,7.256,8408416,2097152,1,true,min
UC4,std,DB1,512,9,setup,93.746,28613872,0,0,false,min
UC4,std,DB1,512,9,precomp,0.000,0,0,0,false,min
UC4,std,DB1,512,9,encrypt,9.713,4245424,0,0,false,min
UC4,std,DB1,512,9,eval,145.625,33825832,0,0,false,min
UC4,std,DB1,512,9,decrypt,5.662,2759336,2097152,1,false,min
UC4,label_compact,DB1,512,9,setup,72.404,24671536,0,0,false,min
UC4,label_compact,DB1,512,9,precomp,0.001,0,0,0,false,min
UC4,label_compact,DB1,512,9,encrypt,12.144,8385168,0,0,false,min
UC4,label_compact,DB1,512,9,eval,228.532,37412608,0,0,false,min
UC4,label_compact,DB1,512,9,decrypt,15.119,10903304,5242880,1,false,min
UC4,label_compact_max,DB1,512,9,setup,77.334,23619512,0,0,false,min
UC4,label_compact_max,DB1,512,9,precomp,0.000,0,0,0,false,min
UC4,label_compact_max,DB1,512,9,encrypt,12.021,8385104,0,0,false,min
UC4,label_compact_max,DB1,512,9,eval,235.328,14171896,0,0,false,min
UC4,label_compact_max,DB1,512,9,decrypt,15.385,10902520,5242880,1,false,min
UC4,label_compact_mb,DB1,512,9,setup,73.393,21514512,0,0,false,min
UC4,label_compact_mb,DB1,512,9,precomp,0.000,0,0,0,false,min
UC4,label_compact_mb,DB1,512,9,encrypt,11.370,7755392,0,0,false,min
UC4,label_compact_mb,DB1,512,9,eval,231.071,14171480,0,0,false,min
UC4,label_compact_mb,DB1,512,9,decrypt,16.076,10903304,5242880,1,false,min
UC4,label_cf_scalar,DB1,512,9,setup,7.907,6583912,0,0,false,min
UC4,label_cf_scalar,DB1,512,9,precomp,0.000,0,0,0,false,min
UC4,label_cf_scalar,DB1,512,9,encrypt,19.741,8401768,0,0,false,min
UC4,label_cf_scalar,DB1,512,9,eval,7.772,11156480,0,0,false,min
UC4,label_cf_scalar,DB1,512,9,decrypt,6.859,8408416,2097152,1,true,min
UC4,std,DB1,512,10,setup,93.314,24405216,0,0,false,min
UC4,std,DB1,512,10,precomp,0.000,0,0,0,false,min
UC4,std,DB1,512,10,encrypt,9.821,4245424,0,0,false,min
UC4,std,DB1,512,10,eval,140.081,34353352,0,0,false,min
UC4,std,DB1,512,10,decrypt,5.053,2759336,2097152,1,false,min
UC4,label_compact,DB1,512,10,setup,74.953,27301384,0,0,false,min
UC4,label_compact,DB1,512,10,precomp,0.000,0,0,0,false,min
UC4,label_compact,DB1,512,10,encrypt,11.453,8385376,0,0,false,min
UC4,label_compact,DB1,512,10,eval,226.774,14171896,0,0,false,min
UC4,label_compact,DB1,512,10,decrypt,17.420,6832352,5242880,1,false,min
UC4,label_compact_max,DB1,512,10,setup,74.657,23622600,0,0,false,min
UC4,label_compact_max,DB1,512,10,precomp,0.001,0,0,0,false,min
UC4,label_compact_max,DB1,512,10,encrypt,13.917,8385232,0,0,false,min
UC4,label_compact_max,DB1,512,10,eval,233.663,37412608,0,0,false,min
UC4,label_compact_max,DB1,512,10,decrypt,15.749,10901960,5242880,1,false,min
UC4,label_compact_mb,DB1,512,10,setup,79.026,27301240,0,0,false,min
UC4,label_compact_mb,DB1,512,10,precomp,0.000,0,0,0,false,min
UC4,label_compact_mb,DB1,512,10,encrypt,10.731,7754992,0,0,false,min
UC4,label_compact_mb,DB1,512,10,eval,225.202,14171704,0,0,false,min
UC4,label_compact_mb,DB1,512,10,decrypt,16.846,10902392,5242880,1,false,min
UC4,label_cf_scalar,DB1,512,10,setup,9.130,3672768,0,0,false,min
UC4,label_cf_scalar,DB1,512,10,precomp,0.000,0,0,0,false,min
UC4,label_cf_scalar,DB1,512,10,encrypt,18.164,8401768,0,0,false,min
UC4,label_cf_scalar,DB1,512,10,eval,9.873,22316016,0,0,false,min
UC4,label_cf_scalar,DB1,512,10,decrypt,6.035,8407728,2097152,1,true,min
UC4,std,DB1,512,11,setup,87.117,21511408,0,0,false,min
UC4,std,DB1,512,11,precomp,0.000,0,0,0,false,min
UC4,std,DB1,512,11,encrypt,10.208,4245424,0,0,false,min
UC4,std,DB1,512,11,eval,145.311,34353176,0,0,false,min
UC4,std,DB1,512,11,decrypt,6.480,2759336,2097152,1,false,min
UC4,label_compact,DB1,512,11,setup,73.548,21250824,0,0,false,min
UC4,label_compact,DB1,512,11,precomp,0.000,0,0,0,false,min
UC4,label_compact,DB1,512,11,encrypt,11.505,8385232,0,0,false,min
UC4,label_compact,DB1,512,11,eval,232.425,14171352,0,0,false,min
UC4,label_compact,DB1,512,11,decrypt,14.985,10902408,5242880,1,false,min
UC4,label_compact_max,DB1,512,11,setup,74.220,22567000,0,0,false,min
UC4,label_compact_max,DB1,512,11,precomp,0.000,0,0,0,false,min
UC4,label_compact_max,DB1,512,11,encrypt,11.543,8385136,0,0,false,min
UC4,label_compact_max,DB1,512,11,eval,229.792,14171896,0,0,false,min
UC4,label_compact_max,DB1,512,11,decrypt,15.358,10902408,5242880,1,false,min
UC4,label_compact_mb,DB1,512,11,setup,74.637,27301128,0,0,false,min
UC4,label_compact_mb,DB1,512,11,precomp,0.000,0,0,0,false,min
UC4,label_compact_mb,DB1,512,11,encrypt,11.584,7754848,0,0,false,min
UC4,label_compact_mb,DB1,512,11,eval,224.255,37412608,0,0,false,min
UC4,label_compact_mb,DB1,512,11,decrypt,14.245,10903752,5242880,1,false,min
UC4,label_cf_scalar,DB1,512,11,setup,7.305,8681552,0,0,false,min
UC4,label_cf_scalar,DB1,512,11,precomp,0.000,0,0,0,false,min
UC4,label_cf_scalar,DB1,512,11,encrypt,20.790,8401784,0,0,false,min
UC4,label_cf_scalar,DB1,512,11,eval,6.769,11156256,0,0,false,min
UC4,label_cf_scalar,DB1,512,11,decrypt,6.672,8407968,2097152,1,true,min
UC4,std,DB1,512,12,setup,93.015,28880920,0,0,false,min
UC4,std,DB1,512,12,precomp,0.000,0,0,0,false,min
UC4,std,DB1,512,12,encrypt,11.792,4245424,0,0,false,min
UC4,std,DB1,512,12,eval,140.411,34353176,0,0,false,min
UC4,std,DB1,512,12,decrypt,6.295,2759784,2097152,1,false,min
UC4,label_compact,DB1,512,12,setup,74.764,23622552,0,0,false,min
UC4,label_compact,DB1,512,12,precomp,0.000,0,0,0,false,min
UC4,label_compact,DB1,512,12,encrypt,13.197,8385024,0,0,false,min
UC4,label_compact,DB1,512,12,eval,240.449,25594280,0,0,false,min
UC4,label_compact,DB1,512,12,decrypt,16.193,10902632,5242880,1,false,min
UC4,label_compact_max,DB1,512,12,setup,74.624,23619400,0,0,false,min
UC4,label_compact_max,DB1,512,12,precomp,0.000,0,0,0,false,min
UC4,label_compact_max,DB1,512,12,encrypt,11.329,8384912,0,0,false,min
UC4,label_compact_max,DB1,512,12,eval,225.616,25594472,0,0,false,min
UC4,label_compact_max,DB1,512,12,decrypt,14.242,10902072,5242880,1,false,min
UC4,label_compact_mb,DB1,512,12,setup,79.059,23619336,0,0,false,min
UC4,label_compact_mb,DB1,512,12,precomp,0.000,0,0,0,false,min
UC4,label_compact_mb,DB1,512,12,encrypt,11.180,7756000,0,0,false,min
UC4,label_compact_mb,DB1,512,12,eval,229.352,14171576,0,0,false,min
UC4,label_compact_mb,DB1,512,12,decrypt,17.623,-784624,5242880,1,false,min
UC4,label_cf_scalar,DB1,512,12,setup,7.186,3697440,0,0,false,min
UC4,label_cf_scalar,DB1,512,12,precomp,0.000,0,0,0,false,min
UC4,label_cf_scalar,DB1,512,12,encrypt,18.746,8401768,0,0,false,min
UC4,label_cf_scalar,DB1,512,12,eval,7.075,11156256,0,0,false,min
UC4,label_cf_scalar,DB1,512,12,decrypt,7.508,8407968,2097152,1,true,min
UC4,std,DB1,512,13,setup,90.591,24140920,0,0,false,min
UC4,std,DB1,512,13,precomp,0.000,0,0,0,false,min
UC4,std,DB1,512,13,encrypt,9.929,4245424,0,0,false,min
UC4,std,DB1,512,13,eval,144.999,33825848,0,0,false,min
UC4,std,DB1,512,13,decrypt,5.522,2759336,2097152,1,false,min
UC4,label_compact,DB1,512,13,setup,77.517,19015184,0,0,false,min
UC4,label_compact,DB1,512,13,precomp,0.000,0,0,0,false,min
UC4,label_compact,DB1,512,13,encrypt,11.640,8385392,0,0,false,min
UC4,label_compact,DB1,512,13,eval,228.374,22180568,0,0,false,min
UC4,label_compact,DB1,512,13,decrypt,17.619,10903304,5242880,1,false,min
UC4,label_compact_max,DB1,512,13,setup,74.038,26776248,0,0,false,min
UC4,label_compact_max,DB1,512,13,precomp,0.001,0,0,0,false,min
UC4,label_compact_max,DB1,512,13,encrypt,10.856,8385152,0,0,false,min
UC4,label_compact_max,DB1,512,13,eval,229.815,25593864,0,0,false,min
UC4,label_compact_max,DB1,512,13,decrypt,17.045,10902632,5242880,1,false,min
UC4,label_compact_mb,DB1,512,13,setup,76.455,23619336,0,0,false,min
UC4,label_compact_mb,DB1,512,13,precomp,0.000,0,0,0,false,min
UC4,label_compact_mb,DB1,512,13,encrypt,13.926,7755088,0,0,false,min
UC4,label_compact_mb,DB1,512,13,eval,228.520,37412608,0,0,false,min
UC4,label_compact_mb,DB1,512,13,decrypt,15.741,10902408,5242880,1,false,min
UC4,label_cf_scalar,DB1,512,13,setup,8.665,3673440,0,0,false,min
UC4,label_cf_scalar,DB1,512,13,precomp,0.000,0,0,0,false,min
UC4,label_cf_scalar,DB1,512,13,encrypt,20.254,8401768,0,0,false,min
UC4,label_cf_scalar,DB1,512,13,eval,9.329,22316000,0,0,false,min
UC4,label_cf_scalar,DB1,512,13,decrypt,6.005,8407968,2097152,1,true,min
UC4,std,DB1,512,14,setup,85.843,22300408,0,0,false,min
UC4,std,DB1,512,14,precomp,0.000,0,0,0,false,min
UC4,std,DB1,512,14,encrypt,8.984,4245424,0,0,false,min
UC4,std,DB1,512,14,eval,147.375,33825832,0,0,false,min
UC4,std,DB1,512,14,decrypt,5.395,2759336,2097152,1,false,min
UC4,label_compact,DB1,512,14,setup,78.602,20462288,0,0,false,min
UC4,label_compact,DB1,512,14,precomp,0.000,0,0,0,false,min
UC4,label_compact,DB1,512,14,encrypt,11.659,8385296,0,0,false,min
UC4,label_compact,DB1,512,14,eval,232.835,37412832,0,0,false,min
UC4,label_compact,DB1,512,14,decrypt,15.180,9062720,5242880,1,false,min
UC4,label_compact_max,DB1,512,14,setup,71.517,23619416,0,0,false,min
UC4,label_compact_max,DB1,512,14,precomp,0.000,0,0,0,false,min
UC4,label_compact_max,DB1,512,14,encrypt,12.839,8385264,0,0,false,min
UC4,label_compact_max,DB1,512,14,eval,222.553,25593928,0,0,false,min
UC4,label_compact_max,DB1,512,14,decrypt,16.781,10902632,5242880,1,false,min
UC4,label_compact_mb,DB1,512,14,setup,79.797,25724016,0,0,false,min
UC4,label_compact_mb,DB1,512,14,precomp,0.000,0,0,0,false,min
UC4,label_compact_mb,DB1,512,14,encrypt,12.056,7752928,0,0,false,min
UC4,label_compact_mb,DB1,512,14,eval,231.206,14172232,0,0,false,min
UC4,label_compact_mb,DB1,512,14,decrypt,16.388,10903304,5242880,1,false,min
UC4,label_cf_scalar,DB1,512,14,setup,8.308,3673440,0,0,false,min
UC4,label_cf_scalar,DB1,512,14,precomp,0.000,0,0,0,false,min
UC4,label_cf_scalar,DB1,512,14,encrypt,18.441,8401208,0,0,false,min
UC4,label_cf_scalar,DB1,512,14,eval,7.150,11156560,0,0,false,min
UC4,label_cf_scalar,DB1,512,14,decrypt,5.684,8407952,2097152,1,true,min
UC4,std,DB1,512,15,setup,88.668,24140920,0,0,false,min
UC4,std,DB1,512,15,precomp,0.000,0,0,0,false,min
UC4,std,DB1,512,15,encrypt,9.669,4245424,0,0,false,min
UC4,std,DB1,512,15,eval,142.009,33825832,0,0,false,min
UC4,std,DB1,512,15,decrypt,4.900,2759336,2097152,1,false,min
UC4,label_compact,DB1,512,15,setup,77.743,27301272,0,0,false,min
UC4,label_compact,DB1,512,15,precomp,0.000,0,0,0,false,min
UC4,label_compact,DB1,512,15,encrypt,11.682,8385152,0,0,false,min
UC4,label_compact,DB1,512,15,eval,230.211,15750968,0,0,false,min
UC4,label_compact,DB1,512,15,decrypt,17.805,-785184,5242880,1,false,min
UC4,label_compact_max,DB1,512,15,setup,73.247,24671680,0,0,false,min
UC4,label_compact_max,DB1,512,15,precomp,0.000,0,0,0,false,min
UC4,label_compact_max,DB1,512,15,encrypt,12.758,8385248,0,0,false,min
UC4,label_compact_max,DB1,512,15,eval,234.214,25594472,0,0,false,min
UC4,label_compact_max,DB1,512,15,decrypt,14.980,10902632,5242880,1,false,min
UC4,label_compact_mb,DB1,512,15,setup,77.774,22559880,0,0,false,min
UC4,label_compact_mb,DB1,512,15,precomp,0.000,0,0,0,false,min
UC4,label_compact_mb,DB1,512,15,encrypt,12.822,7754416,0,0,false,min
UC4,label_compact_mb,DB1,512,15,eval,229.902,37407648,0,0,false,min
UC4,label_compact_mb,DB1,512,15,decrypt,16.489,10902856,5242880,1,false,min
UC4,label_cf_scalar,DB1,512,15,setup,8.289,3673552,0,0,false,min
UC4,label_cf_scalar,DB1,512,15,precomp,0.000,0,0,0,false,min
UC4,label_cf_scalar,DB1,512,15,encrypt,18.401,8401768,0,0,false,min
UC4,label_cf_scalar,DB1,512,15,eval,8.134,11156256,0,0,false,min
UC4,label_cf_scalar,DB1,512,15,decrypt,6.226,8408416,2097152,1,true,min
UC4,std,DB1,512,16,setup,90.426,22566880,0,0,false,min
UC4,std,DB1,512,16,precomp,0.000,0,0,0,false,min
UC4,std,DB1,512,16,encrypt,10.202,4245424,0,0,false,min
UC4,std,DB1,512,16,eval,141.215,34353176,0,0,false,min
UC4,std,DB1,512,16,decrypt,6.917,2759784,2097152,1,false,min
UC4,label_compact,DB1,512,16,setup,76.133,23356080,0,0,false,min
UC4,label_compact,DB1,512,16,precomp,0.000,0,0,0,false,min
UC4,label_compact,DB1,512,16,encrypt,13.623,8385200,0,0,false,min
UC4,label_compact,DB1,512,16,eval,221.949,25594584,0,0,false,min
UC4,label_compact,DB1,512,16,decrypt,16.991,10902408,5242880,1,false,min
UC4,label_compact_max,DB1,512,16,setup,75.082,26776248,0,0,false,min
UC4,label_compact_max,DB1,512,16,precomp,0.000,0,0,0,false,min
UC4,label_compact_max,DB1,512,16,encrypt,10.277,8384832,0,0,false,min
UC4,label_compact_max,DB1,512,16,eval,229.866,25594920,0,0,false,min
UC4,label_compact_max,DB1,512,16,decrypt,16.512,10902408,5242880,1,false,min
UC4,label_compact_mb,DB1,512,16,setup,74.594,27301128,0,0,false,min
UC4,label_compact_mb,DB1,512,16,precomp,0.000,0,0,0,false,min
UC4,label_compact_mb,DB1,512,16,encrypt,14.149,7754176,0,0,false,min
UC4,label_compact_mb,DB1,512,16,eval,224.047,48800104,0,0,false,min
UC4,label_compact_mb,DB1,512,16,decrypt,14.403,10903288,5242880,1,false,min
UC4,label_cf_scalar,DB1,512,16,setup,7.798,8678336,0,0,false,min
UC4,label_cf_scalar,DB1,512,16,precomp,0.000,0,0,0,false,min
UC4,label_cf_scalar,DB1,512,16,encrypt,19.138,8401208,0,0,false,min
UC4,label_cf_scalar,DB1,512,16,eval,8.160,31358144,0,0,false,min
UC4,label_cf_scalar,DB1,512,16,decrypt,5.722,8407968,2097152,1,true,min
UC4,std,DB1,512,17,setup,90.215,25720544,0,0,false,min
UC4,std,DB1,512,17,precomp,0.000,0,0,0,false,min
UC4,std,DB1,512,17,encrypt,8.351,4245424,0,0,false,min
UC4,std,DB1,512,17,eval,143.122,34353176,0,0,false,min
UC4,std,DB1,512,17,decrypt,5.678,2759784,2097152,1,false,min
UC4,label_compact,DB1,512,17,setup,69.606,23355808,0,0,false,min
UC4,label_compact,DB1,512,17,precomp,0.000,0,0,0,false,min
UC4,label_compact,DB1,512,17,encrypt,13.508,8385072,0,0,false,min
UC4,label_compact,DB1,512,17,eval,227.761,14202216,0,0,false,min
UC4,label_compact,DB1,512,17,decrypt,16.762,10902408,5242880,1,false,min
UC4,label_compact_max,DB1,512,17,setup,80.810,23619624,0,0,false,min
UC4,label_compact_max,DB1,512,17,precomp,0.000,0,0,0,false,min
UC4,label_compact_max,DB1,512,17,encrypt,12.344,8385072,0,0,false,min
UC4,label_compact_max,DB1,512,17,eval,228.552,14171704,0,0,false,min
UC4,label_compact_max,DB1,512,17,decrypt,14.064,10902632,5242880,1,false,min
UC4,label_compact_mb,DB1,512,17,setup,80.589,27301128,0,0,false,min
UC4,label_compact_mb,DB1,512,17,precomp,0.000,0,0,0,false,min
UC4,label_compact_mb,DB1,512,17,encrypt,11.564,7756048,0,0,false,min
UC4,label_compact_mb,DB1,512,17,eval,229.108,25594584,0,0,false,min
UC4,label_compact_mb,DB1,512,17,decrypt,16.960,10903080,5242880,1,false,min
UC4,label_cf_scalar,DB1,512,17,setup,8.193,6583912,0,0,false,min
UC4,label_cf_scalar,DB1,512,17,precomp,0.000,0,0,0,false,min
UC4,label_cf_scalar,DB1,512,17,encrypt,18.979,8401768,0,0,false,min
UC4,label_cf_scalar,DB1,512,17,eval,8.480,11149504,0,0,false,min
UC4,label_cf_scalar,DB1,512,17,decrypt,6.269,6307104,2097152,1,true,min
UC4,std,DB1,512,18,setup,90.523,26773456,0,0,false,min
UC4,std,DB1,512,18,precomp,0.000,0,0,0,false,min
UC4,std,DB1,512,18,encrypt,10.955,4245424,0,0,false,min
UC4,std,DB1,512,18,eval,145.646,34880856,0,0,false,min
UC4,std,DB1,512,18,decrypt,6.600,2759784,2097152,1,false,min
UC4,label_compact,DB1,512,18,setup,78.137,27829128,0,0,false,min
UC4,label_compact,DB1,512,18,precomp,0.000,0,0,0,false,min
UC4,label_compact,DB1,512,18,encrypt,11.392,8385408,0,0,false,min
UC4,label_compact,DB1,512,18,eval,228.015,14171896,0,0,false,min
UC4,label_compact,DB1,512,18,decrypt,16.649,9325600,5242880,1,false,min
UC4,label_compact_max,DB1,512,18,setup,75.802,23622584,0,0,false,min
UC4,label_compact_max,DB1,512,18,precomp,0.000,0,0,0,false,min
UC4,label_compact_max,DB1,512,18,encrypt,11.256,8385120,0,0,false,min
UC4,label_compact_max,DB1,512,18,eval,226.754,25594664,0,0,false,min
UC4,label_compact_max,DB1,512,18,decrypt,17.220,10902632,5242880,1,false,min
UC4,label_compact_mb,DB1,512,18,setup,80.520,27301240,0,0,false,min
UC4,label_compact_mb,DB1,512,18,precomp,0.000,0,0,0,false,min
UC4,label_compact_mb,DB1,512,18,encrypt,11.915,7753120,0,0,false,min
UC4,label_compact_mb,DB1,512,18,eval,226.084,14172232,0,0,false,min
UC4,label_compact_mb,DB1,512,18,decrypt,14.578,10902408,5242880,1,false,min
UC4,label_cf_scalar,DB1,512,18,setup,7.990,8680352,0,0,false,min
UC4,label_cf_scalar,DB1,512,18,precomp,0.000,0,0,0,false,min
UC4,label_cf_scalar,DB1,512,18,encrypt,19.870,8401768,0,0,false,min
UC4,label_cf_scalar,DB1,512,18,eval,7.930,31358144,0,0,false,min
UC4,label_cf_scalar,DB1,512,18,decrypt,6.242,8407968,2097152,1,true,min
UC4,std,DB1,512,19,setup,86.196,28614080,0,0,false,min
UC4,std,DB1,512,19,precomp,0.000,0,0,0,false,min
UC4,std,DB1,512,19,encrypt,8.642,4245424,0,0,false,min
UC4,std,DB1,512,19,eval,142.522,36463224,0,0,false,min
UC4,std,DB1,512,19,decrypt,6.213,2759784,2097152,1,false,min
UC4,label_compact,DB1,512,19,setup,81.460,19015072,0,0,false,min
UC4,label_compact,DB1,512,19,precomp,0.000,0,0,0,false,min
UC4,label_compact,DB1,512,19,encrypt,12.072,8385344,0,0,false,min
UC4,label_compact,DB1,512,19,eval,226.143,14171352,0,0,false,min
UC4,label_compact,DB1,512,19,decrypt,16.175,10902408,5242880,1,false,min
UC4,label_compact_max,DB1,512,19,setup,73.295,23619208,0,0,false,min
UC4,label_compact_max,DB1,512,19,precomp,0.000,0,0,0,false,min
UC4,label_compact_max,DB1,512,19,encrypt,12.106,8385104,0,0,false,min
UC4,label_compact_max,DB1,512,19,eval,230.115,25593816,0,0,false,min
UC4,label_compact_max,DB1,512,19,decrypt,16.652,10903304,5242880,1,false,min
UC4,label_compact_mb,DB1,512,19,setup,75.574,27301128,0,0,false,min
UC4,label_compact_mb,DB1,512,19,precomp,0.000,0,0,0,false,min
UC4,label_compact_mb,DB1,512,19,encrypt,10.350,7754880,0,0,false,min
UC4,label_compact_mb,DB1,512,19,eval,223.657,37413376,0,0,false,min
UC4,label_compact_mb,DB1,512,19,decrypt,16.629,10903304,5242880,1,false,min
UC4,label_cf_scalar,DB1,512,19,setup,8.431,6601152,0,0,false,min
UC4,label_cf_scalar,DB1,512,19,precomp,0.000,0,0,0,false,min
UC4,label_cf_scalar,DB1,512,19,encrypt,19.526,8401768,0,0,false,min
UC4,label_cf_scalar,DB1,512,19,eval,9.092,22316000,0,0,false,min
UC4,label_cf_scalar,DB1,512,19,decrypt,5.493,6307552,2097152,1,true,min
UC4,std,DB1,512,20,setup,84.895,27825224,0,0,false,min
UC4,std,DB1,512,20,precomp,0.000,0,0,0,false,min
UC4,std,DB1,512,20,encrypt,8.701,4245424,0,0,false,min
UC4,std,DB1,512,20,eval,145.946,34353176,0,0,false,min
UC4,std,DB1,512,20,decrypt,6.500,2759784,2097152,1,false,min
UC4,label_compact,DB1,512,20,setup,73.721,24671536,0,0,false,min
UC4,label_compact,DB1,512,20,precomp,0.000,0,0,0,false,min
UC4,label_compact,DB1,512,20,encrypt,10.967,8384848,0,0,false,min
UC4,label_compact,DB1,512,20,eval,228.098,37412720,0,0,false,min
UC4,label_compact,DB1,512,20,decrypt,17.447,-785184,5242880,1,false,min
UC4,label_compact_max,DB1,512,20,setup,81.262,27829144,0,0,false,min
UC4,label_compact_max,DB1,512,20,precomp,0.000,0,0,0,false,min
UC4,label_compact_max,DB1,512,20,encrypt,11.105,8385168,0,0,false,min
UC4,label_compact_max,DB1,512,20,eval,234.592,25594584,0,0,false,min
UC4,label_compact_max,DB1,512,20,decrypt,17.867,10902408,5242880,1,false,min
UC4,label_compact_mb,DB1,512,20,setup,70.875,19409992,0,0,false,min
UC4,label_compact_mb,DB1,512,20,precomp,0.000,0,0,0,false,min
UC4,label_compact_mb,DB1,512,20,encrypt,11.756,7754464,0,0,false,min
UC4,label_compact_mb,DB1,512,20,eval,225.619,37412832,0,0,false,min
UC4,label_compact_mb,DB1,512,20,decrypt,16.643,10902408,5242880,1,false,min
UC4,label_cf_scalar,DB1,512,20,setup,7.463,3673440,0,0,false,min
UC4,label_cf_scalar,DB1,512,20,precomp,0.000,0,0,0,false,min
UC4,label_cf_scalar,DB1,512,20,encrypt,18.151,8401208,0,0,false,min
UC4,label_cf_scalar,DB1,512,20,eval,8.979,31358256,0,0,false,min
UC4,label_cf_scalar,DB1,512,20,decrypt,6.450,6307552,2097152,1,true,min
UC4,std,DB2,100000,1,setup,91.930,28877592,0,0,false,min
UC4,std,DB2,100000,1,precomp,0.000,0,0,0,false,min
UC4,std,DB2,100000,1,encrypt,59.713,13913392,0,0,false,min
UC4,std,DB2,100000,1,eval,941.414,43061672,0,0,false,min
UC4,std,DB2,100000,1,decrypt,6.184,134208,2097152,1,false,min
UC4,label_compact,DB2,100000,1,setup,74.871,27301160,0,0,false,min
UC4,label_compact,DB2,100000,1,precomp,0.000,0,0,0,false,min
UC4,label_compact,DB2,100000,1,encrypt,82.412,22173192,0,0,false,min
UC4,label_compact,DB2,100000,1,eval,1496.872,26766120,0,0,false,min
UC4,label_compact,DB2,100000,1,decrypt,84.380,-12584104,30408704,1,false,min
UC4,label_compact_max,DB2,100000,1,setup,74.620,22566888,0,0,false,min
UC4,label_compact_max,DB2,100000,1,precomp,0.000,0,0,0,false,min
UC4,label_compact_max,DB2,100000,1,encrypt,79.145,22173496,0,0,false,min
UC4,label_compact_max,DB2,100000,1,eval,1508.401,61419568,0,0,false,min
UC4,label_compact_max,DB2,100000,1,decrypt,84.061,-9957168,30408704,1,false,min
UC4,label_compact_mb,DB2,100000,1,setup,74.686,23355728,0,0,false,min
UC4,label_compact_mb,DB2,100000,1,precomp,0.000,0,0,0,false,min
UC4,label_compact_mb,DB2,100000,1,encrypt,81.627,19056264,0,0,false,min
UC4,label_compact_mb,DB2,100000,1,eval,1501.286,61425984,0,0,false,min
UC4,label_compact_mb,DB2,100000,1,decrypt,86.325,21808520,30408704,1,false,min
UC4,label_cf_scalar,DB2,100000,1,setup,7.062,6602352,0,0,false,min
UC4,label_cf_scalar,DB2,100000,1,precomp,0.000,0,0,0,false,min
UC4,label_cf_scalar,DB2,100000,1,encrypt,121.544,27995344,0,0,false,min
UC4,label_cf_scalar,DB2,100000,1,eval,39.777,41211648,0,0,false,min
UC4,label_cf_scalar,DB2,100000,1,decrypt,7.315,12353840,2097152,1,true,min
UC4,std,DB2,100000,2,setup,85.053,26776240,0,0,false,min
UC4,std,DB2,100000,2,precomp,0.001,0,0,0,false,min
UC4,std,DB2,100000,2,encrypt,60.121,13913392,0,0,false,min
UC4,std,DB2,100000,2,eval,934.536,44644360,0,0,false,min
UC4,std,DB2,100000,2,decrypt,7.098,134208,2097152,1,false,min
UC4,label_compact,DB2,100000,2,setup,76.608,19146368,0,0,false,min
UC4,label_compact,DB2,100000,2,precomp,0.000,0,0,0,false,min
UC4,label_compact,DB2,100000,2,encrypt,85.258,19621928,0,0,false,min
UC4,label_compact,DB2,100000,2,eval,1488.693,50003504,0,0,false,min
UC4,label_compact,DB2,100000,2,decrypt,88.387,10903304,30408704,1,false,min
UC4,label_compact_max,DB2,100000,2,setup,76.049,27829144,0,0,false,min
UC4,label_compact_max,DB2,100000,2,precomp,0.000,0,0,0,false,min
UC4,label_compact_max,DB2,100000,2,encrypt,79.486,22173128,0,0,false,min
UC4,label_compact_max,DB2,100000,2,eval,1500.374,61425552,0,0,false,min
UC4,label_compact_max,DB2,100000,2,decrypt,87.085,-11532928,30408704,1,false,min
UC4,label_compact_mb,DB2,100000,2,setup,72.717,27564880,0,0,false,min
UC4,label_compact_mb,DB2,100000,2,precomp,0.000,0,0,0,false,min
UC4,label_compact_mb,DB2,100000,2,encrypt,85.287,18791720,0,0,false,min
UC4,label_compact_mb,DB2,100000,2,eval,1498.071,50003280,0,0,false,min
UC4,label_compact_mb,DB2,100000,2,decrypt,85.493,19179048,30408704,1,false,min
UC4,label_cf_scalar,DB2,100000,2,setup,7.300,6602352,0,0,false,min
UC4,label_cf_scalar,DB2,100000,2,precomp,0.000,0,0,0,false,min
UC4,label_cf_scalar,DB2,100000,2,encrypt,127.101,27055568,0,0,false,min
UC4,label_cf_scalar,DB2,100000,2,eval,36.501,41205552,0,0,false,min
UC4,label_cf_scalar,DB2,100000,2,decrypt,5.410,12353840,2097152,1,true,min
UC4,std,DB2,100000,3,setup,86.555,26776352,0,0,false,min
UC4,std,DB2,100000,3,precomp,0.001,0,0,0,false,min
UC4,std,DB2,100000,3,encrypt,59.006,13913392,0,0,false,min
UC4,std,DB2,100000,3,eval,953.064,44644248,0,0,false,min
UC4,std,DB2,100000,3,decrypt,5.451,2758584,2097152,1,false,min
UC4,label_compact,DB2,100000,3,setup,70.056,27301160,0,0,false,min
UC4,label_compact,DB2,100000,3,precomp,0.000,0,0,0,false,min
UC4,label_compact,DB2,100000,3,encrypt,75.783,22174024,0,0,false,min
UC4,label_compact,DB2,100000,3,eval,1497.164,38177672,0,0,false,min
UC4,label_compact,DB2,100000,3,decrypt,87.146,19179720,30408704,1,false,min
UC4,label_compact_max,DB2,100000,3,setup,72.885,19146368,0,0,false,min
UC4,label_compact_max,DB2,100000,3,precomp,0.000,0,0,0,false,min
UC4,label_compact_max,DB2,100000,3,encrypt,79.613,19670808,0,0,false,min
UC4,label_compact_max,DB2,100000,3,eval,1523.148,51582576,0,0,false,min
UC4,label_compact_max,DB2,100000,3,decrypt,84.626,10904776,30408704,1,false,min
UC4,label_compact_mb,DB2,100000,3,setup,75.224,29405968,0,0,false,min
UC4,label_compact_mb,DB2,100000,3,precomp,0.000,0,0,0,false,min
UC4,label_compact_mb,DB2,100000,3,encrypt,82.804,18129728,0,0,false,min
UC4,label_compact_mb,DB2,100000,3,eval,1513.818,61421696,0,0,false,min
UC4,label_compact_mb,DB2,100000,3,decrypt,83.730,-13375520,30408704,1,false,min
UC4,label_cf_scalar,DB2,100000,3,setup,7.696,6312752,0,0,false,min
UC4,label_cf_scalar,DB2,100000,3,precomp,0.000,0,0,0,false,min
UC4,label_cf_scalar,DB2,100000,3,encrypt,126.753,31219560,0,0,false,min
UC4,label_cf_scalar,DB2,100000,3,eval,39.467,17456000,0,0,false,min
UC4,label_cf_scalar,DB2,100000,3,decrypt,4.744,12353840,2097152,1,true,min
UC4,std,DB2,100000,4,setup,89.469,22036128,0,0,false,min
UC4,std,DB2,100000,4,precomp,0.000,0,0,0,false,min
UC4,std,DB2,100000,4,encrypt,62.369,13913392,0,0,false,min
UC4,std,DB2,100000,4,eval,965.219,43061720,0,0,false,min
UC4,std,DB2,100000,4,decrypt,6.685,134208,2097152,1,false,min
UC4,label_compact,DB2,100000,4,setup,73.093,25460488,0,0,false,min
UC4,label_compact,DB2,100000,4,precomp,0.001,0,0,0,false,min
UC4,label_compact,DB2,100000,4,encrypt,79.825,19621544,0,0,false,min
UC4,label_compact,DB2,100000,4,eval,1532.078,50003168,0,0,false,min
UC4,label_compact,DB2,100000,4,decrypt,85.788,14583568,30408704,1,false,min
UC4,label_compact_max,DB2,100000,4,setup,78.884,19410440,0,0,false,min
UC4,label_compact_max,DB2,100000,4,precomp,0.000,0,0,0,false,min
UC4,label_compact_max,DB2,100000,4,encrypt,82.714,19663032,0,0,false,min
UC4,label_compact_max,DB2,100000,4,eval,1529.460,38184488,0,0,false,min
UC4,label_compact_max,DB2,100000,4,decrypt,83.843,-12584104,30408704,1,false,min
UC4,label_compact_mb,DB2,100000,4,setup,73.270,27565088,0,0,false,min
UC4,label_compact_mb,DB2,100000,4,precomp,0.000,0,0,0,false,min
UC4,label_compact_mb,DB2,100000,4,encrypt,86.154,18127344,0,0,false,min
UC4,label_compact_mb,DB2,100000,4,eval,1517.528,49997888,0,0,false,min
UC4,label_compact_mb,DB2,100000,4,decrypt,86.005,-9432736,30408704,1,false,min
UC4,label_cf_scalar,DB2,100000,4,setup,7.354,6602352,0,0,false,min
UC4,label_cf_scalar,DB2,100000,4,precomp,0.000,0,0,0,false,min
UC4,label_cf_scalar,DB2,100000,4,encrypt,127.885,27995392,0,0,false,min
UC4,label_cf_scalar,DB2,100000,4,eval,36.790,35429456,0,0,false,min
UC4,label_cf_scalar,DB2,100000,4,decrypt,5.794,12353840,2097152,1,true,min
UC4,std,DB2,100000,5,setup,86.932,22300040,0,0,false,min
UC4,std,DB2,100000,5,precomp,0.000,0,0,0,false,min
UC4,std,DB2,100000,5,encrypt,60.165,13913392,0,0,false,min
UC4,std,DB2,100000,5,eval,947.221,44644248,0,0,false,min
UC4,std,DB2,100000,5,decrypt,5.595,134320,2097152,1,false,min
UC4,label_compact,DB2,100000,5,setup,74.739,27829128,0,0,false,min
UC4,label_compact,DB2,100000,5,precomp,0.000,0,0,0,false,min
UC4,label_compact,DB2,100000,5,encrypt,75.375,19621752,0,0,false,min
UC4,label_compact,DB2,100000,5,eval,1492.595,61418704,0,0,false,min
UC4,label_compact,DB2,100000,5,decrypt,94.875,19179944,30408704,1,false,min
UC4,label_compact_max,DB2,100000,5,setup,75.021,26776248,0,0,false,min
UC4,label_compact_max,DB2,100000,5,precomp,0.000,0,0,0,false,min
UC4,label_compact_max,DB2,100000,5,encrypt,84.399,22173880,0,0,false,min
UC4,label_compact_max,DB2,100000,5,eval,1520.040,61426320,0,0,false,min
UC4,label_compact_max,DB2,100000,5,decrypt,87.472,19178824,30408704,1,false,min
UC4,label_compact_mb,DB2,100000,5,setup,75.033,24671552,0,0,false,min
UC4,label_compact_mb,DB2,100000,5,precomp,0.001,0,0,0,false,min
UC4,label_compact_mb,DB2,100000,5,encrypt,83.853,19054344,0,0,false,min
UC4,label_compact_mb,DB2,100000,5,eval,1510.484,69037288,0,0,false,min
UC4,label_compact_mb,DB2,100000,5,decrypt,92.021,-13374304,30408704,1,false,min
UC4,label_cf_scalar,DB2,100000,5,setup,7.120,6602352,0,0,false,min
UC4,label_cf_scalar,DB2,100000,5,precomp,0.000,0,0,0,false,min
UC4,label_cf_scalar,DB2,100000,5,encrypt,121.605,27995568,0,0,false,min
UC4,label_cf_scalar,DB2,100000,5,eval,39.191,13773808,0,0,false,min
UC4,label_cf_scalar,DB2,100000,5,decrypt,5.139,12353840,2097152,1,true,min
UC4,std,DB2,100000,6,setup,87.789,27825224,0,0,false,min
UC4,std,DB2,100000,6,precomp,0.000,0,0,0,false,min
UC4,std,DB2,100000,6,encrypt,59.959,13913392,0,0,false,min
UC4,std,DB2,100000,6,eval,948.367,44644248,0,0,false,min
UC4,std,DB2,100000,6,decrypt,5.970,134208,2097152,1,false,min
UC4,label_compact,DB2,100000,6,setup,75.960,25460760,0,0,false,min
UC4,label_compact,DB2,100000,6,precomp,0.000,0,0,0,false,min
UC4,label_compact,DB2,100000,6,encrypt,80.404,19670712,0,0,false,min
UC4,label_compact,DB2,100000,6,eval,1505.641,38184056,0,0,false,min
UC4,label_compact,DB2,100000,6,decrypt,88.655,-8380960,30408704,1,false,min
UC4,label_compact_max,DB2,100000,6,setup,76.607,24671568,0,0,false,min
UC4,label_compact_max,DB2,100000,6,precomp,0.000,0,0,0,false,min
UC4,label_compact_max,DB2,100000,6,encrypt,76.901,19620776,0,0,false,min
UC4,label_compact_max,DB2,100000,6,eval,1531.123,73244232,0,0,false,min
UC4,label_compact_max,DB2,100000,6,decrypt,88.440,26667744,30408704,1,false,min
UC4,label_compact_mb,DB2,100000,6,setup,75.468,21251544,0,0,false,min
UC4,label_compact_mb,DB2,100000,6,precomp,0.000,0,0,0,false,min
UC4,label_compact_mb,DB2,100000,6,encrypt,90.781,18129472,0,0,false,min
UC4,label_compact_mb,DB2,100000,6,eval,1495.717,38184600,0,0,false,min
UC4,label_compact_mb,DB2,100000,6,decrypt,92.882,17339248,30408704,1,false,min
UC4,label_cf_scalar,DB2,100000,6,setup,8.293,6602240,0,0,false,min
UC4,label_cf_scalar,DB2,100000,6,precomp,0.000,0,0,0,false,min
UC4,label_cf_scalar,DB2,100000,6,encrypt,124.713,27999648,0,0,false,min
UC4,label_cf_scalar,DB2,100000,6,eval,38.404,21772432,0,0,false,min
UC4,label_cf_scalar,DB2,100000,6,decrypt,6.270,12353840,2097152,1,true,min
UC4,std,DB2,100000,7,setup,85.965,28877736,0,0,false,min
UC4,std,DB2,100000,7,precomp,0.000,0,0,0,false,min
UC4,std,DB2,100000,7,encrypt,60.127,13913392,0,0,false,min
UC4,std,DB2,100000,7,eval,962.615,43061720,0,0,false,min
UC4,std,DB2,100000,7,decrypt,6.311,134320,2097152,1,false,min
UC4,label_compact,DB2,100000,7,setup,76.731,27828536,0,0,false,min
UC4,label_compact,DB2,100000,7,precomp,0.000,0,0,0,false,min
UC4,label_compact,DB2,100000,7,encrypt,76.137,22173400,0,0,false,min
UC4,label_compact,DB2,100000,7,eval,1517.750,49990384,0,0,false,min
UC4,label_compact,DB2,100000,7,decrypt,86.957,-13373280,30408704,1,false,min
UC4,label_compact_max,DB2,100000,7,setup,72.965,21514720,0,0,false,min
UC4,label_compact_max,DB2,100000,7,precomp,0.000,0,0,0,false,min
UC4,label_compact_max,DB2,100000,7,encrypt,76.894,19670824,0,0,false,min
UC4,label_compact_max,DB2,100000,7,eval,1521.058,50002736,0,0,false,min
UC4,label_compact_max,DB2,100000,7,decrypt,85.407,-12848128,30408704,1,false,min
UC4,label_compact_mb,DB2,100000,7,setup,72.930,27565184,0,0,false,min
UC4,label_compact_mb,DB2,100000,7,precomp,0.000,0,0,0,false,min
UC4,label_compact_mb,DB2,100000,7,encrypt,80.098,19050968,0,0,false,min
UC4,label_compact_mb,DB2,100000,7,eval,1533.148,26762536,0,0,false,min
UC4,label_compact_mb,DB2,100000,7,decrypt,86.297,-11532928,30408704,1,false,min
UC4,label_cf_scalar,DB2,100000,7,setup,7.477,3673440,0,0,false,min
UC4,label_cf_scalar,DB2,100000,7,precomp,0.000,0,0,0,false,min
UC4,label_cf_scalar,DB2,100000,7,encrypt,122.611,27999664,0,0,false,min
UC4,label_cf_scalar,DB2,100000,7,eval,38.694,41211632,0,0,false,min
UC4,label_cf_scalar,DB2,100000,7,decrypt,7.704,12353840,2097152,1,true,min
UC4,std,DB2,100000,8,setup,86.478,28614176,0,0,false,min
UC4,std,DB2,100000,8,precomp,0.000,0,0,0,false,min
UC4,std,DB2,100000,8,encrypt,58.216,13913392,0,0,false,min
UC4,std,DB2,100000,8,eval,939.910,46226808,0,0,false,min
UC4,std,DB2,100000,8,decrypt,5.869,2759336,2097152,1,false,min
UC4,label_compact,DB2,100000,8,setup,71.505,21514688,0,0,false,min
UC4,label_compact,DB2,100000,8,precomp,0.001,0,0,0,false,min
UC4,label_compact,DB2,100000,8,encrypt,77.917,19670664,0,0,false,min
UC4,label_compact,DB2,100000,8,eval,1512.350,50003280,0,0,false,min
UC4,label_compact,DB2,100000,8,decrypt,86.973,14584480,30408704,1,false,min
UC4,label_compact_max,DB2,100000,8,setup,78.272,27301192,0,0,false,min
UC4,label_compact_max,DB2,100000,8,precomp,0.000,0,0,0,false,min
UC4,label_compact_max,DB2,100000,8,encrypt,77.392,22174008,0,0,false,min
UC4,label_compact_max,DB2,100000,8,eval,1522.504,38184904,0,0,false,min
UC4,label_compact_max,DB2,100000,8,decrypt,88.571,19179720,30408704,1,false,min
UC4,label_compact_mb,DB2,100000,8,setup,77.198,25592800,0,0,false,min
UC4,label_compact_mb,DB2,100000,8,precomp,0.000,0,0,0,false,min
UC4,label_compact_mb,DB2,100000,8,encrypt,83.080,19054856,0,0,false,min
UC4,label_compact_mb,DB2,100000,8,eval,1514.028,49996928,0,0,false,min
UC4,label_compact_mb,DB2,100000,8,decrypt,83.944,19178488,30408704,1,false,min
UC4,label_cf_scalar,DB2,100000,8,setup,7.636,6602352,0,0,false,min
UC4,label_cf_scalar,DB2,100000,8,precomp,0.000,0,0,0,false,min
UC4,label_cf_scalar,DB2,100000,8,encrypt,125.253,30975128,0,0,false,min
UC4,label_cf_scalar,DB2,100000,8,eval,40.629,37529792,0,0,false,min
UC4,label_cf_scalar,DB2,100000,8,decrypt,6.182,12353840,2097152,1,true,min
UC4,std,DB2,100000,9,setup,87.519,24404512,0,0,false,min
UC4,std,DB2,100000,9,precomp,0.000,0,0,0,false,min
UC4,std,DB2,100000,9,encrypt,60.572,13913392,0,0,false,min
UC4,std,DB2,100000,9,eval,940.297,43061720,0,0,false,min
UC4,std,DB2,100000,9,decrypt,5.569,134208,2097152,1,false,min
UC4,label_compact,DB2,100000,9,setup,77.509,27829112,0,0,false,min
UC4,label_compact,DB2,100000,9,precomp,0.000,0,0,0,false,min
UC4,label_compact,DB2,100000,9,encrypt,79.474,19621416,0,0,false,min
UC4,label_compact,DB2,100000,9,eval,1522.185,38184056,0,0,false,min
UC4,label_compact,DB2,100000,9,decrypt,85.758,10903752,30408704,1,false,min
UC4,label_compact_max,DB2,100000,9,setup,74.685,20987152,0,0,false,min
UC4,label_compact_max,DB2,100000,9,precomp,0.000,0,0,0,false,min
UC4,label_compact_max,DB2,100000,9,encrypt,77.538,22173704,0,0,false,min
UC4,label_compact_max,DB2,100000,9,eval,1479.650,49998784,0,0,false,min
UC4,label_compact_max,DB2,100000,9,decrypt,86.272,9062720,30408704,1,false,min
UC4,label_compact_mb,DB2,100000,9,setup,74.722,27433920,0,0,false,min
UC4,label_compact_mb,DB2,100000,9,precomp,0.001,0,0,0,false,min
UC4,label_compact_mb,DB2,100000,9,encrypt,82.993,18789544,0,0,false,min
UC4,label_compact_mb,DB2,100000,9,eval,1511.818,38183944,0,0,false,min
UC4,label_compact_mb,DB2,100000,9,decrypt,83.140,-8380960,30408704,1,false,min
UC4,label_cf_scalar,DB2,100000,9,setup,7.059,6602240,0,0,false,min
UC4,label_cf_scalar,DB2,100000,9,precomp,0.000,0,0,0,false,min
UC4,label_cf_scalar,DB2,100000,9,encrypt,128.866,31255976,0,0,false,min
UC4,label_cf_scalar,DB2,100000,9,eval,37.349,17456112,0,0,false,min
UC4,label_cf_scalar,DB2,100000,9,decrypt,5.511,12353840,2097152,1,true,min
UC4,std,DB2,100000,10,setup,88.359,28880920,0,0,false,min
UC4,std,DB2,100000,10,precomp,0.000,0,0,0,false,min
UC4,std,DB2,100000,10,encrypt,59.408,13913392,0,0,false,min
UC4,std,DB2,100000,10,eval,934.468,43061720,0,0,false,min
UC4,std,DB2,100000,10,decrypt,5.199,134208,2097152,1,false,min
UC4,label_compact,DB2,100000,10,setup,76.271,27301272,0,0,false,min
UC4,label_compact,DB2,100000,10,precomp,0.000,0,0,0,false,min
UC4,label_compact,DB2,100000,10,encrypt,75.684,22156096,0,0,false,min
UC4,label_compact,DB2,100000,10,eval,1514.163,28341096,0,0,false,min
UC4,label_compact,DB2,100000,10,decrypt,88.100,10904776,30408704,1,false,min
UC4,label_compact_max,DB2,100000,10,setup,72.878,27565088,0,0,false,min
UC4,label_compact_max,DB2,100000,10,precomp,0.000,0,0,0,false,min
UC4,label_compact_max,DB2,100000,10,encrypt,81.187,19621656,0,0,false,min
UC4,label_compact_max,DB2,100000,10,eval,1514.628,26762024,0,0,false,min
UC4,label_compact_max,DB2,100000,10,decrypt,89.806,15108880,30408704,1,false,min
UC4,label_compact_mb,DB2,100000,10,setup,79.359,19278712,0,0,false,min
UC4,label_compact_mb,DB2,100000,10,precomp,0.000,0,0,0,false,min
UC4,label_compact_mb,DB2,100000,10,encrypt,86.841,18128608,0,0,false,min
UC4,label_compact_mb,DB2,100000,10,eval,1514.233,46324112,0,0,false,min
UC4,label_compact_mb,DB2,100000,10,decrypt,83.284,-8905392,30408704,1,false,min
UC4,label_cf_scalar,DB2,100000,10,setup,7.279,6602240,0,0,false,min
UC4,label_cf_scalar,DB2,100000,10,precomp,0.000,0,0,0,false,min
UC4,label_cf_scalar,DB2,100000,10,encrypt,128.158,27995344,0,0,false,min
UC4,label_cf_scalar,DB2,100000,10,eval,41.015,17456768,0,0,false,min
UC4,label_cf_scalar,DB2,100000,10,decrypt,4.981,12353840,2097152,1,true,min
UC4,std,DB2,100000,11,setup,86.065,28877544,0,0,false,min
UC4,std,DB2,100000,11,precomp,0.000,0,0,0,false,min
UC4,std,DB2,100000,11,encrypt,60.099,13913392,0,0,false,min
UC4,std,DB2,100000,11,eval,948.301,43589224,0,0,false,min
UC4,std,DB2,100000,11,decrypt,5.349,134208,2097152,1,false,min
UC4,label_compact,DB2,100000,11,setup,71.679,27829112,0,0,false,min
UC4,label_compact,DB2,100000,11,precomp,0.000,0,0,0,false,min
UC4,label_compact,DB2,100000,11,encrypt,78.379,19622152,0,0,false,min
UC4,label_compact,DB2,100000,11,eval,1491.149,26761688,0,0,false,min
UC4,label_compact,DB2,100000,11,decrypt,85.785,12480160,30408704,1,false,min
UC4,label_compact_max,DB2,100000,11,setup,73.201,25196512,0,0,false,min
UC4,label_compact_max,DB2,100000,11,precomp,0.000,0,0,0,false,min
UC4,label_compact_max,DB2,100000,11,encrypt,77.936,19620232,0,0,false,min
UC4,label_compact_max,DB2,100000,11,eval,1525.633,61426432,0,0,false,min
UC4,label_compact_max,DB2,100000,11,decrypt,89.878,10902856,30408704,1,false,min
UC4,label_compact_mb,DB2,100000,11,setup,76.971,27565040,0,0,false,min
UC4,label_compact_mb,DB2,100000,11,precomp,0.000,0,0,0,false,min
UC4,label_compact_mb,DB2,100000,11,encrypt,84.526,18127264,0,0,false,min
UC4,label_compact_mb,DB2,100000,11,eval,1516.039,49996448,0,0,false,min
UC4,label_compact_mb,DB2,100000,11,decrypt,86.115,9851880,30408704,1,false,min
UC4,label_cf_scalar,DB2,100000,11,setup,7.584,3673440,0,0,false,min
UC4,label_cf_scalar,DB2,100000,11,precomp,0.000,0,0,0,false,min
UC4,label_cf_scalar,DB2,100000,11,encrypt,128.141,30383760,0,0,false,min
UC4,label_cf_scalar,DB2,100000,11,eval,36.883,17456656,0,0,false,min
UC4,label_cf_scalar,DB2,100000,11,decrypt,5.478,12353840,2097152,1,true,min
UC4,std,DB2,100000,12,setup,86.609,22036128,0,0,false,min
UC4,std,DB2,100000,12,precomp,0.000,0,0,0,false,min
UC4,std,DB2,100000,12,encrypt,58.856,13913392,0,0,false,min
UC4,std,DB2,100000,12,eval,942.776,43061720,0,0,false,min
UC4,std,DB2,100000,12,decrypt,5.934,134208,2097152,1,false,min
UC4,label_compact,DB2,100000,12,setup,73.967,25727232,0,0,false,min
UC4,label_compact,DB2,100000,12,precomp,0.000,0,0,0,false,min
UC4,label_compact,DB2,100000,12,encrypt,80.083,19621288,0,0,false,min
UC4,label_compact,DB2,100000,12,eval,1527.997,26804248,0,0,false,min
UC4,label_compact,DB2,100000,12,decrypt,87.280,10904664,30408704,1,false,min
UC4,label_compact_max,DB2,100000,12,setup,76.004,19146368,0,0,false,min
UC4,label_compact_max,DB2,100000,12,precomp,0.000,0,0,0,false,min
UC4,label_compact_max,DB2,100000,12,encrypt,79.236,19620296,0,0,false,min
UC4,label_compact_max,DB2,100000,12,eval,1519.270,38184328,0,0,false,min
UC4,label_compact_max,DB2,100000,12,decrypt,89.459,-13375408,30408704,1,false,min
UC4,label_compact_mb,DB2,100000,12,setup,74.219,26776184,0,0,false,min
UC4,label_compact_mb,DB2,100000,12,precomp,0.000,0,0,0,false,min
UC4,label_compact_mb,DB2,100000,12,encrypt,82.108,19051144,0,0,false,min
UC4,label_compact_mb,DB2,100000,12,eval,1516.723,38184056,0,0,false,min
UC4,label_compact_mb,DB2,100000,12,decrypt,89.061,12480160,30408704,1,false,min
UC4,label_cf_scalar,DB2,100000,12,setup,8.990,6602240,0,0,false,min
UC4,label_cf_scalar,DB2,100000,12,precomp,0.000,0,0,0,false,min
UC4,label_cf_scalar,DB2,100000,12,encrypt,123.934,27995376,0,0,false,min
UC4,label_cf_scalar,DB2,100000,12,eval,37.429,41211552,0,0,false,min
UC4,label_cf_scalar,DB2,100000,12,decrypt,4.879,12353840,2097152,1,true,min
UC4,std,DB2,100000,13,setup,88.761,28877736,0,0,false,min
UC4,std,DB2,100000,13,precomp,0.000,0,0,0,false,min
UC4,std,DB2,100000,13,encrypt,61.555,13913392,0,0,false,min
UC4,std,DB2,100000,13,eval,945.809,43589224,0,0,false,min
UC4,std,DB2,100000,13,decrypt,7.225,134208,2097152,1,false,min
UC4,label_compact,DB2,100000,13,setup,77.626,19146560,0,0,false,min
UC4,label_compact,DB2,100000,13,precomp,0.001,0,0,0,false,min
UC4,label_compact,DB2,100000,13,encrypt,80.704,19620216,0,0,false,min
UC4,label_compact,DB2,100000,13,eval,1507.566,38184840,0,0,false,min
UC4,label_compact,DB2,100000,13,decrypt,87.186,9062720,30408704,1,false,min
UC4,label_compact_max,DB2,100000,13,setup,73.588,29405984,0,0,false,min
UC4,label_compact_max,DB2,100000,13,precomp,0.000,0,0,0,false,min
UC4,label_compact_max,DB2,100000,13,encrypt,76.051,19620312,0,0,false,min
UC4,label_compact_max,DB2,100000,13,eval,1528.890,71762184,0,0,false,min
UC4,label_compact_max,DB2,100000,13,decrypt,87.262,9062720,30408704,1,false,min
UC4,label_compact_mb,DB2,100000,13,setup,79.808,21250984,0,0,false,min
UC4,label_compact_mb,DB2,100000,13,precomp,0.000,0,0,0,false,min
UC4,label_compact_mb,DB2,100000,13,encrypt,84.605,19008936,0,0,false,min
UC4,label_compact_mb,DB2,100000,13,eval,1609.790,69564712,0,0,false,min
UC4,label_compact_mb,DB2,100000,13,decrypt,84.787,20756592,30408704,1,false,min
UC4,label_cf_scalar,DB2,100000,13,setup,7.213,6602240,0,0,false,min
UC4,label_cf_scalar,DB2,100000,13,precomp,0.000,0,0,0,false,min
UC4,label_cf_scalar,DB2,100000,13,encrypt,125.106,30383792,0,0,false,min
UC4,label_cf_scalar,DB2,100000,13,eval,36.944,41211536,0,0,false,min
UC4,label_cf_scalar,DB2,100000,13,decrypt,5.844,12353840,2097152,1,true,min
UC4,std,DB2,100000,14,setup,86.044,30697112,0,0,false,min
UC4,std,DB2,100000,14,precomp,0.000,0,0,0,false,min
UC4,std,DB2,100000,14,encrypt,58.663,13913392,0,0,false,min
UC4,std,DB2,100000,14,eval,950.370,43061720,0,0,false,min
UC4,std,DB2,100000,14,decrypt,6.223,658848,2097152,1,false,min
UC4,label_compact,DB2,100000,14,setup,75.736,27301288,0,0,false,min
UC4,label_compact,DB2,100000,14,precomp,0.000,0,0,0,false,min
UC4,label_compact,DB2,100000,14,encrypt,78.051,22173384,0,0,false,min
UC4,label_compact,DB2,100000,14,eval,1495.769,61421136,0,0,false,min
UC4,label_compact,DB2,100000,14,decrypt,89.080,-8643200,30408704,1,false,min
UC4,label_compact_max,DB2,100000,14,setup,73.641,27828760,0,0,false,min
UC4,label_compact_max,DB2,100000,14,precomp,0.000,0,0,0,false,min
UC4,label_compact_max,DB2,100000,14,encrypt,77.436,22173144,0,0,false,min
UC4,label_compact_max,DB2,100000,14,eval,1532.219,46323728,0,0,false,min
UC4,label_compact_max,DB2,100000,14,decrypt,89.410,-12584328,30408704,1,false,min
UC4,label_compact_mb,DB2,100000,14,setup,77.942,29405808,0,0,false,min
UC4,label_compact_mb,DB2,100000,14,precomp,0.000,0,0,0,false,min
UC4,label_compact_mb,DB2,100000,14,encrypt,81.617,19050136,0,0,false,min
UC4,label_compact_mb,DB2,100000,14,eval,1502.261,73244344,0,0,false,min
UC4,label_compact_mb,DB2,100000,14,decrypt,85.801,20756592,30408704,1,false,min
UC4,label_cf_scalar,DB2,100000,14,setup,8.069,6602240,0,0,false,min
UC4,label_cf_scalar,DB2,100000,14,precomp,0.000,0,0,0,false,min
UC4,label_cf_scalar,DB2,100000,14,encrypt,126.701,27995360,0,0,false,min
UC4,label_cf_scalar,DB2,100000,14,eval,36.241,17456768,0,0,false,min
UC4,label_cf_scalar,DB2,100000,14,decrypt,6.482,12353840,2097152,1,true,min
UC4,std,DB2,100000,15,setup,88.296,28350392,0,0,false,min
UC4,std,DB2,100000,15,precomp,0.001,0,0,0,false,min
UC4,std,DB2,100000,15,encrypt,59.955,13913392,0,0,false,min
UC4,std,DB2,100000,15,eval,937.592,44644248,0,0,false,min
UC4,std,DB2,100000,15,decrypt,6.205,134464,2097152,1,false,min
UC4,label_compact,DB2,100000,15,setup,86.482,19278744,0,0,false,min
UC4,label_compact,DB2,100000,15,precomp,0.000,0,0,0,false,min
UC4,label_compact,DB2,100000,15,encrypt,84.310,19709064,0,0,false,min
UC4,label_compact,DB2,100000,15,eval,1504.229,38184488,0,0,false,min
UC4,label_compact,DB2,100000,15,decrypt,87.831,19178824,30408704,1,false,min
UC4,label_compact_max,DB2,100000,15,setup,79.744,27300920,0,0,false,min
UC4,label_compact_max,DB2,100000,15,precomp,0.000,0,0,0,false,min
UC4,label_compact_max,DB2,100000,15,encrypt,76.531,19620152,0,0,false,min
UC4,label_compact_max,DB2,100000,15,eval,1478.654,61426208,0,0,false,min
UC4,label_compact_max,DB2,100000,15,decrypt,86.054,9062832,30408704,1,false,min
UC4,label_compact_mb,DB2,100000,15,setup,78.893,19278744,0,0,false,min
UC4,label_compact_mb,DB2,100000,15,precomp,0.000,0,0,0,false,min
UC4,label_compact_mb,DB2,100000,15,encrypt,85.077,19057192,0,0,false,min
UC4,label_compact_mb,DB2,100000,15,eval,1515.202,73071032,0,0,false,min
UC4,label_compact_mb,DB2,100000,15,decrypt,96.475,9062720,30408704,1,false,min
UC4,label_cf_scalar,DB2,100000,15,setup,8.169,6602240,0,0,false,min
UC4,label_cf_scalar,DB2,100000,15,precomp,0.000,0,0,0,false,min
UC4,label_cf_scalar,DB2,100000,15,encrypt,128.583,27995344,0,0,false,min
UC4,label_cf_scalar,DB2,100000,15,eval,39.056,17456880,0,0,false,min
UC4,label_cf_scalar,DB2,100000,15,decrypt,5.708,12353840,2097152,1,true,min
UC4,std,DB2,100000,16,setup,86.662,22563504,0,0,false,min
UC4,std,DB2,100000,16,precomp,0.000,0,0,0,false,min
UC4,std,DB2,100000,16,encrypt,59.848,13913392,0,0,false,min
UC4,std,DB2,100000,16,eval,945.308,43061720,0,0,false,min
UC4,std,DB2,100000,16,decrypt,6.036,134464,2097152,1,false,min
UC4,label_compact,DB2,100000,16,setup,74.159,25727232,0,0,false,min
UC4,label_compact,DB2,100000,16,precomp,0.000,0,0,0,false,min
UC4,label_compact,DB2,100000,16,encrypt,76.204,19620520,0,0,false,min
UC4,label_compact,DB2,100000,16,eval,1516.248,50003072,0,0,false,min
UC4,label_compact,DB2,100000,16,decrypt,86.903,10903752,30408704,1,false,min
UC4,label_compact_max,DB2,100000,16,setup,76.567,23355536,0,0,false,min
UC4,label_compact_max,DB2,100000,16,precomp,0.000,0,0,0,false,min
UC4,label_compact_max,DB2,100000,16,encrypt,78.228,19789864,0,0,false,min
UC4,label_compact_max,DB2,100000,16,eval,1514.452,49997328,0,0,false,min
UC4,label_compact_max,DB2,100000,16,decrypt,91.834,10904664,30408704,1,false,min
UC4,label_compact_mb,DB2,100000,16,setup,73.742,27564832,0,0,false,min
UC4,label_compact_mb,DB2,100000,16,precomp,0.001,0,0,0,false,min
UC4,label_compact_mb,DB2,100000,16,encrypt,86.208,18126816,0,0,false,min
UC4,label_compact_mb,DB2,100000,16,eval,1498.089,61418880,0,0,false,min
UC4,label_compact_mb,DB2,100000,16,decrypt,88.185,19179832,30408704,1,false,min
UC4,label_cf_scalar,DB2,100000,16,setup,7.533,6602240,0,0,false,min
UC4,label_cf_scalar,DB2,100000,16,precomp,0.000,0,0,0,false,min
UC4,label_cf_scalar,DB2,100000,16,encrypt,129.383,30975144,0,0,false,min
UC4,label_cf_scalar,DB2,100000,16,eval,38.791,17456144,0,0,false,min
UC4,label_cf_scalar,DB2,100000,16,decrypt,5.584,12353840,2097152,1,true,min
UC4,std,DB2,100000,17,setup,87.236,29930016,0,0,false,min
UC4,std,DB2,100000,17,precomp,0.000,0,0,0,false,min
UC4,std,DB2,100000,17,encrypt,60.394,13913392,0,0,false,min
UC4,std,DB2,100000,17,eval,941.053,43589224,0,0,false,min
UC4,std,DB2,100000,17,decrypt,5.932,134208,2097152,1,false,min
UC4,label_compact,DB2,100000,17,setup,79.760,25727232,0,0,false,min
UC4,label_compact,DB2,100000,17,precomp,0.000,0,0,0,false,min
UC4,label_compact,DB2,100000,17,encrypt,78.825,19708968,0,0,false,min
UC4,label_compact,DB2,100000,17,eval,1556.559,73243784,0,0,false,min
UC4,label_compact,DB2,100000,17,decrypt,87.907,-12979312,30408704,1,false,min
UC4,label_compact_max,DB2,100000,17,setup,77.176,28862568,0,0,false,min
UC4,label_compact_max,DB2,100000,17,precomp,0.000,0,0,0,false,min
UC4,label_compact_max,DB2,100000,17,encrypt,81.590,22173064,0,0,false,min
UC4,label_compact_max,DB2,100000,17,eval,1522.891,38183720,0,0,false,min
UC4,label_compact_max,DB2,100000,17,decrypt,86.008,10903304,30408704,1,false,min
UC4,label_compact_mb,DB2,100000,17,setup,70.573,25724016,0,0,false,min
UC4,label_compact_mb,DB2,100000,17,precomp,0.000,0,0,0,false,min
UC4,label_compact_mb,DB2,100000,17,encrypt,82.229,18129280,0,0,false,min
UC4,label_compact_mb,DB2,100000,17,eval,1508.210,38183960,0,0,false,min
UC4,label_compact_mb,DB2,100000,17,decrypt,88.019,-13373504,30408704,1,false,min
UC4,label_cf_scalar,DB2,100000,17,setup,6.866,6602240,0,0,false,min
UC4,label_cf_scalar,DB2,100000,17,precomp,0.000,0,0,0,false,min
UC4,label_cf_scalar,DB2,100000,17,encrypt,124.134,27995392,0,0,false,min
UC4,label_cf_scalar,DB2,100000,17,eval,37.895,17456832,0,0,false,min
UC4,label_cf_scalar,DB2,100000,17,decrypt,5.392,12353840,2097152,1,true,min
UC4,std,DB2,100000,18,setup,89.595,26245488,0,0,false,min
UC4,std,DB2,100000,18,precomp,0.000,0,0,0,false,min
UC4,std,DB2,100000,18,encrypt,59.677,13913392,0,0,false,min
UC4,std,DB2,100000,18,eval,952.321,43061720,0,0,false,min
UC4,std,DB2,100000,18,decrypt,7.451,134688,2097152,1,false,min
UC4,label_compact,DB2,100000,18,setup,77.919,25727232,0,0,false,min
UC4,label_compact,DB2,100000,18,precomp,0.001,0,0,0,false,min
UC4,label_compact,DB2,100000,18,encrypt,77.823,19789848,0,0,false,min
UC4,label_compact,DB2,100000,18,eval,1494.370,38184088,0,0,false,min
UC4,label_compact,DB2,100000,18,decrypt,88.951,14584016,30408704,1,false,min
UC4,label_compact_max,DB2,100000,18,setup,75.379,21251064,0,0,false,min
UC4,label_compact_max,DB2,100000,18,precomp,0.000,0,0,0,false,min
UC4,label_compact_max,DB2,100000,18,encrypt,75.664,22173192,0,0,false,min
UC4,label_compact_max,DB2,100000,18,eval,1488.557,61425648,0,0,false,min
UC4,label_compact_max,DB2,100000,18,decrypt,88.656,19179720,30408704,1,false,min
UC4,label_compact_mb,DB2,100000,18,setup,79.374,27565520,0,0,false,min
UC4,label_compact_mb,DB2,100000,18,precomp,0.000,0,0,0,false,min
UC4,label_compact_mb,DB2,100000,18,encrypt,82.059,19053640,0,0,false,min
UC4,label_compact_mb,DB2,100000,18,eval,1511.591,38184680,0,0,false,min
UC4,label_compact_mb,DB2,100000,18,decrypt,86.445,10114896,30408704,1,false,min
UC4,label_cf_scalar,DB2,100000,18,setup,8.226,6602240,0,0,false,min
UC4,label_cf_scalar,DB2,100000,18,precomp,0.000,0,0,0,false,min
UC4,label_cf_scalar,DB2,100000,18,encrypt,124.103,27995344,0,0,false,min
UC4,label_cf_scalar,DB2,100000,18,eval,38.351,17456656,0,0,false,min
UC4,label_cf_scalar,DB2,100000,18,decrypt,5.569,12353840,2097152,1,true,min
UC4,std,DB2,100000,19,setup,83.088,28614064,0,0,false,min
UC4,std,DB2,100000,19,precomp,0.000,0,0,0,false,min
UC4,std,DB2,100000,19,encrypt,58.532,13913392,0,0,false,min
UC4,std,DB2,100000,19,eval,939.899,43589224,0,0,false,min
UC4,std,DB2,100000,19,decrypt,5.857,134208,2097152,1,false,min
UC4,label_compact,DB2,100000,19,setup,75.181,26776216,0,0,false,min
UC4,label_compact,DB2,100000,19,precomp,0.000,0,0,0,false,min
UC4,label_compact,DB2,100000,19,encrypt,79.358,19620200,0,0,false,min
UC4,label_compact,DB2,100000,19,eval,1514.463,73238824,0,0,false,min
UC4,label_compact,DB2,100000,19,decrypt,89.685,19179048,30408704,1,false,min
UC4,label_compact_max,DB2,100000,19,setup,72.896,20987264,0,0,false,min
UC4,label_compact_max,DB2,100000,19,precomp,0.000,0,0,0,false,min
UC4,label_compact_max,DB2,100000,19,encrypt,79.862,19620184,0,0,false,min
UC4,label_compact_max,DB2,100000,19,eval,1531.514,46323552,0,0,false,min
UC4,label_compact_max,DB2,100000,19,decrypt,86.659,-13373504,30408704,1,false,min
UC4,label_compact_mb,DB2,100000,19,setup,78.559,19949784,0,0,false,min
UC4,label_compact_mb,DB2,100000,19,precomp,0.000,0,0,0,false,min
UC4,label_compact_mb,DB2,100000,19,encrypt,88.076,18128576,0,0,false,min
UC4,label_compact_mb,DB2,100000,19,eval,1519.523,50003968,0,0,false,min
UC4,label_compact_mb,DB2,100000,19,decrypt,88.539,-13375520,30408704,1,false,min
UC4,label_cf_scalar,DB2,100000,19,setup,7.984,6602240,0,0,false,min
UC4,label_cf_scalar,DB2,100000,19,precomp,0.000,0,0,0,false,min
UC4,label_cf_scalar,DB2,100000,19,encrypt,129.219,27995392,0,0,false,min
UC4,label_cf_scalar,DB2,100000,19,eval,36.803,40154688,0,0,false,min
UC4,label_cf_scalar,DB2,100000,19,decrypt,6.173,12353840,2097152,1,true,min
UC4,std,DB2,100000,20,setup,84.440,26773072,0,0,false,min
UC4,std,DB2,100000,20,precomp,0.000,0,0,0,false,min
UC4,std,DB2,100000,20,encrypt,59.520,13913392,0,0,false,min
UC4,std,DB2,100000,20,eval,933.153,44644248,0,0,false,min
UC4,std,DB2,100000,20,decrypt,6.273,134208,2097152,1,false,min
UC4,label_compact,DB2,100000,20,setup,75.792,27301160,0,0,false,min
UC4,label_compact,DB2,100000,20,precomp,0.000,0,0,0,false,min
UC4,label_compact,DB2,100000,20,encrypt,75.742,19619944,0,0,false,min
UC4,label_compact,DB2,100000,20,eval,1519.136,38180104,0,0,false,min
UC4,label_compact,DB2,100000,20,decrypt,91.227,18260240,30408704,1,false,min
UC4,label_compact_max,DB2,100000,20,setup,76.598,20462320,0,0,false,min
UC4,label_compact_max,DB2,100000,20,precomp,0.000,0,0,0,false,min
UC4,label_compact_max,DB2,100000,20,encrypt,78.924,19705880,0,0,false,min
UC4,label_compact_max,DB2,100000,20,eval,1521.107,26762360,0,0,false,min
UC4,label_compact_max,DB2,100000,20,decrypt,85.061,21807920,30408704,1,false,min
UC4,label_compact_mb,DB2,100000,20,setup,78.542,19413176,0,0,false,min
UC4,label_compact_mb,DB2,100000,20,precomp,0.000,0,0,0,false,min
UC4,label_compact_mb,DB2,100000,20,encrypt,84.030,18132496,0,0,false,min
UC4,label_compact_mb,DB2,100000,20,eval,1499.900,73245112,0,0,false,min
UC4,label_compact_mb,DB2,100000,20,decrypt,88.588,10903304,30408704,1,false,min
UC4,label_cf_scalar,DB2,100000,20,setup,7.282,6602352,0,0,false,min
UC4,label_cf_scalar,DB2,100000,20,precomp,0.000,0,0,0,false,min
UC4,label_cf_scalar,DB2,100000,20,encrypt,122.570,30975192,0,0,false,min
UC4,label_cf_scalar,DB2,100000,20,eval,38.742,17456768,0,0,false,min
UC4,label_cf_scalar,DB2,100000,20,decrypt,4.894,12353840,2097152,1,true,min
UC4,std,DB3,1000000,1,setup,85.240,28877672,0,0,false,min
UC4,std,DB3,1000000,1,precomp,0.000,0,0,0,false,min
UC4,std,DB3,1000000,1,encrypt,525.850,68795928,0,0,false,min
UC4,std,DB3,1000000,1,eval,8233.362,70667208,0,0,false,min
UC4,std,DB3,1000000,1,decrypt,5.058,6569568,2097152,1,false,min
UC4,label_compact,DB3,1000000,1,setup,70.857,23091800,0,0,false,min
UC4,label_compact,DB3,1000000,1,precomp,0.000,0,0,0,false,min
UC4,label_compact,DB3,1000000,1,encrypt,658.735,119052320,0,0,false,min
UC4,label_compact,DB3,1000000,1,eval,12361.375,190229096,0,0,false,min
UC4,label_compact,DB3,1000000,1,decrypt,695.174,47164680,261095424,1,false,min
UC4,label_compact_max,DB3,1000000,1,setup,68.091,22566888,0,0,false,min
UC4,label_compact_max,DB3,1000000,1,precomp,0.000,0,0,0,false,min
UC4,label_compact_max,DB3,1000000,1,encrypt,643.380,119051856,0,0,false,min
UC4,label_compact_max,DB3,1000000,1,eval,12331.508,258374032,0,0,false,min
UC4,label_compact_max,DB3,1000000,1,decrypt,680.464,53862272,261095424,1,false,min
UC4,label_compact_mb,DB3,1000000,1,setup,68.298,29936608,0,0,false,min
UC4,label_compact_mb,DB3,1000000,1,precomp,0.000,0,0,0,false,min
UC4,label_compact_mb,DB3,1000000,1,encrypt,691.721,127360992,0,0,false,min
UC4,label_compact_mb,DB3,1000000,1,eval,12333.225,165412832,0,0,false,min
UC4,label_compact_mb,DB3,1000000,1,decrypt,656.401,55441224,261095424,1,false,min
UC4,label_cf_scalar,DB3,1000000,1,setup,6.179,8716408,0,0,false,min
UC4,label_cf_scalar,DB3,1000000,1,precomp,0.000,0,0,0,false,min
UC4,label_cf_scalar,DB3,1000000,1,encrypt,1025.747,186664624,0,0,false,min
UC4,label_cf_scalar,DB3,1000000,1,eval,256.549,225189728,0,0,false,min
UC4,label_cf_scalar,DB3,1000000,1,decrypt,4.783,12353840,2097152,1,true,min
UC4,std,DB3,1000000,2,setup,77.052,30718760,0,0,false,min
UC4,std,DB3,1000000,2,precomp,0.000,0,0,0,false,min
UC4,std,DB3,1000000,2,encrypt,502.611,71044680,0,0,false,min
UC4,std,DB3,1000000,2,eval,7958.796,91767688,0,0,false,min
UC4,std,DB3,1000000,2,decrypt,4.591,6569568,2097152,1,false,min
UC4,label_compact,DB3,1000000,2,setup,67.061,23091800,0,0,false,min
UC4,label_compact,DB3,1000000,2,precomp,0.000,0,0,0,false,min
UC4,label_compact,DB3,1000000,2,encrypt,629.264,119052496,0,0,false,min
UC4,label_compact,DB3,1000000,2,eval,11834.820,328098840,0,0,false,min
UC4,label_compact,DB3,1000000,2,decrypt,661.268,55441112,261095424,1,false,min
UC4,label_compact_max,DB3,1000000,2,setup,64.358,29671104,0,0,false,min
UC4,label_compact_max,DB3,1000000,2,precomp,0.000,0,0,0,false,min
UC4,label_compact_max,DB3,1000000,2,encrypt,628.875,150885416,0,0,false,min
UC4,label_compact_max,DB3,1000000,2,eval,11838.010,200072152,0,0,false,min
UC4,label_compact_max,DB3,1000000,2,decrypt,663.878,47164680,261095424,1,false,min
UC4,label_compact_mb,DB3,1000000,2,setup,65.703,23622680,0,0,false,min
UC4,label_compact_mb,DB3,1000000,2,precomp,0.000,0,0,0,false,min
UC4,label_compact_mb,DB3,1000000,2,encrypt,666.325,169728224,0,0,false,min
UC4,label_compact_mb,DB3,1000000,2,eval,11833.187,304856992,0,0,false,min
UC4,label_compact_mb,DB3,1000000,2,decrypt,654.376,55441112,261095424,1,false,min
UC4,label_cf_scalar,DB3,1000000,2,setup,5.984,8716408,0,0,false,min
UC4,label_cf_scalar,DB3,1000000,2,precomp,0.000,0,0,0,false,min
UC4,label_cf_scalar,DB3,1000000,2,encrypt,1025.632,216270776,0,0,false,min
UC4,label_cf_scalar,DB3,1000000,2,eval,257.840,225189744,0,0,false,min
UC4,label_cf_scalar,DB3,1000000,2,decrypt,4.767,12353840,2097152,1,true,min
UC4,std,DB3,1000000,3,setup,75.969,28877752,0,0,false,min
UC4,std,DB3,1000000,3,precomp,0.000,0,0,0,false,min
UC4,std,DB3,1000000,3,encrypt,498.969,67952352,0,0,false,min
UC4,std,DB3,1000000,3,eval,7927.459,78052424,0,0,false,min
UC4,std,DB3,1000000,3,decrypt,4.478,6569568,2097152,1,false,min
UC4,label_compact,DB3,1000000,3,setup,65.064,23091800,0,0,false,min
UC4,label_compact,DB3,1000000,3,precomp,0.000,0,0,0,false,min
UC4,label_compact,DB3,1000000,3,encrypt,622.368,119051840,0,0,false,min
UC4,label_compact,DB3,1000000,3,eval,11721.131,258371280,0,0,false,min
UC4,label_compact,DB3,1000000,3,decrypt,664.603,55441112,261095424,1,false,min
UC4,label_compact_max,DB3,1000000,3,setup,64.439,25724480,0,0,false,min
UC4,label_compact_max,DB3,1000000,3,precomp,0.000,0,0,0,false,min
UC4,label_compact_max,DB3,1000000,3,encrypt,608.357,119052016,0,0,false,min
UC4,label_compact_max,DB3,1000000,3,eval,11711.281,176824576,0,0,false,min
UC4,label_compact_max,DB3,1000000,3,decrypt,652.892,47164792,261095424,1,false,min
UC4,label_compact_mb,DB3,1000000,3,setup,64.046,23356096,0,0,false,min
UC4,label_compact_mb,DB3,1000000,3,precomp,0.000,0,0,0,false,min
UC4,label_compact_mb,DB3,1000000,3,encrypt,654.567,169713584,0,0,false,min
UC4,label_compact_mb,DB3,1000000,3,eval,11726.319,281616728,0,0,false,min
UC4,label_compact_mb,DB3,1000000,3,decrypt,658.993,47164680,261095424,1,false,min
UC4,label_cf_scalar,DB3,1000000,3,setup,6.464,8716408,0,0,false,min
UC4,label_cf_scalar,DB3,1000000,3,precomp,0.000,0,0,0,false,min
UC4,label_cf_scalar,DB3,1000000,3,encrypt,1010.455,216270680,0,0,false,min
UC4,label_cf_scalar,DB3,1000000,3,eval,249.544,235959264,0,0,false,min
UC4,label_cf_scalar,DB3,1000000,3,decrypt,4.739,12353840,2097152,1,true,min
UC4,std,DB3,1000000,4,setup,75.740,30454464,0,0,false,min
UC4,std,DB3,1000000,4,precomp,0.000,0,0,0,false,min
UC4,std,DB3,1000000,4,encrypt,492.589,89599264,0,0,false,min
UC4,std,DB3,1000000,4,eval,7855.183,70667208,0,0,false,min
UC4,std,DB3,1000000,4,decrypt,5.481,6569568,2097152,1,false,min
UC4,label_compact,DB3,1000000,4,setup,66.724,23091800,0,0,false,min
UC4,label_compact,DB3,1000000,4,precomp,0.000,0,0,0,false,min
UC4,label_compact,DB3,1000000,4,encrypt,630.404,119051792,0,0,false,min
UC4,label_compact,DB3,1000000,4,eval,11716.335,351339968,0,0,false,min
UC4,label_compact,DB3,1000000,4,decrypt,661.787,47164680,261095424,1,false,min
UC4,label_compact_max,DB3,1000000,4,setup,63.263,25460328,0,0,false,min
UC4,label_compact_max,DB3,1000000,4,precomp,0.000,0,0,0,false,min
UC4,label_compact_max,DB3,1000000,4,encrypt,612.234,119051952,0,0,false,min
UC4,label_compact_max,DB3,1000000,4,eval,11698.907,226317464,0,0,false,min
UC4,label_compact_max,DB3,1000000,4,decrypt,650.576,63717528,261095424,1,false,min
UC4,label_compact_mb,DB3,1000000,4,setup,66.056,24671552,0,0,false,min
UC4,label_compact_mb,DB3,1000000,4,precomp,0.000,0,0,0,false,min
UC4,label_compact_mb,DB3,1000000,4,encrypt,660.103,169722784,0,0,false,min
UC4,label_compact_mb,DB3,1000000,4,eval,11683.601,176831232,0,0,false,min
UC4,label_compact_mb,DB3,1000000,4,decrypt,657.393,47164680,261095424,1,false,min
UC4,label_cf_scalar,DB3,1000000,4,setup,6.863,3673456,0,0,false,min
UC4,label_cf_scalar,DB3,1000000,4,precomp,0.000,0,0,0,false,min
UC4,label_cf_scalar,DB3,1000000,4,encrypt,1014.525,216619056,0,0,false,min
UC4,label_cf_scalar,DB3,1000000,4,eval,249.187,225189952,0,0,false,min
UC4,label_cf_scalar,DB3,1000000,4,decrypt,4.736,12353840,2097152,1,true,min
UC4,std,DB3,1000000,5,setup,77.390,28877736,0,0,false,min
UC4,std,DB3,1000000,5,precomp,0.000,0,0,0,false,min
UC4,std,DB3,1000000,5,encrypt,492.723,89318152,0,0,false,min
UC4,std,DB3,1000000,5,eval,7834.865,70667208,0,0,false,min
UC4,std,DB3,1000000,5,decrypt,5.197,6569568,2097152,1,false,min
UC4,label_compact,DB3,1000000,5,setup,65.602,23091800,0,0,false,min
UC4,label_compact,DB3,1000000,5,precomp,0.000,0,0,0,false,min
UC4,label_compact,DB3,1000000,5,encrypt,627.465,119051952,0,0,false,min
UC4,label_compact,DB3,1000000,5,eval,11711.526,281615624,0,0,false,min
UC4,label_compact,DB3,1000000,5,decrypt,648.601,47689264,261095424,1,false,min
UC4,label_compact_max,DB3,1000000,5,setup,64.208,27831944,0,0,false,min
UC4,label_compact_max,DB3,1000000,5,precomp,0.000,0,0,0,false,min
UC4,label_compact_max,DB3,1000000,5,encrypt,618.076,130325616,0,0,false,min
UC4,label_compact_max,DB3,1000000,5,eval,11697.603,211878640,0,0,false,min
UC4,label_compact_max,DB3,1000000,5,decrypt,648.834,47164792,261095424,1,false,min
UC4,label_compact_mb,DB3,1000000,5,setup,68.647,23622568,0,0,false,min
UC4,label_compact_mb,DB3,1000000,5,precomp,0.000,0,0,0,false,min
UC4,label_compact_mb,DB3,1000000,5,encrypt,667.238,83683472,0,0,false,min
UC4,label_compact_mb,DB3,1000000,5,eval,11694.760,339521512,0,0,false,min
UC4,label_compact_mb,DB3,1000000,5,decrypt,660.456,47164680,261095424,1,false,min
UC4,label_cf_scalar,DB3,1000000,5,setup,7.141,3673456,0,0,false,min
UC4,label_cf_scalar,DB3,1000000,5,precomp,0.000,0,0,0,false,min
UC4,label_cf_scalar,DB3,1000000,5,encrypt,1015.182,216270728,0,0,false,min
UC4,label_cf_scalar,DB3,1000000,5,eval,251.507,225185664,0,0,false,min
UC4,label_cf_scalar,DB3,1000000,5,decrypt,5.501,12353840,2097152,1,true,min
UC4,std,DB3,1000000,6,setup,77.458,28880968,0,0,false,min
UC4,std,DB3,1000000,6,precomp,0.000,0,0,0,false,min
UC4,std,DB3,1000000,6,encrypt,491.430,89036360,0,0,false,min
UC4,std,DB3,1000000,6,eval,7824.637,70667208,0,0,false,min
UC4,std,DB3,1000000,6,decrypt,4.496,6569568,2097152,1,false,min
UC4,label_compact,DB3,1000000,6,setup,67.671,23091800,0,0,false,min
UC4,label_compact,DB3,1000000,6,precomp,0.000,0,0,0,false,min
UC4,label_compact,DB3,1000000,6,encrypt,623.585,119051440,0,0,false,min
UC4,label_compact,DB3,1000000,6,eval,11702.905,293037896,0,0,false,min
UC4,label_compact,DB3,1000000,6,decrypt,654.038,55441112,261095424,1,false,min
UC4,label_compact_max,DB3,1000000,6,setup,63.718,27564896,0,0,false,min
UC4,label_compact_max,DB3,1000000,6,precomp,0.000,0,0,0,false,min
UC4,label_compact_max,DB3,1000000,6,encrypt,611.439,129663384,0,0,false,min
UC4,label_compact_max,DB3,1000000,6,eval,11696.582,153590056,0,0,false,min
UC4,label_compact_max,DB3,1000000,6,decrypt,653.324,47164680,261095424,1,false,min
UC4,label_compact_mb,DB3,1000000,6,setup,65.927,23622568,0,0,false,min
UC4,label_compact_mb,DB3,1000000,6,precomp,0.000,0,0,0,false,min
UC4,label_compact_mb,DB3,1000000,6,encrypt,656.317,169731040,0,0,false,min
UC4,label_compact_mb,DB3,1000000,6,eval,11713.546,165408896,0,0,false,min
UC4,label_compact_mb,DB3,1000000,6,decrypt,653.675,55441112,261095424,1,false,min
UC4,label_cf_scalar,DB3,1000000,6,setup,6.053,8716408,0,0,false,min
UC4,label_cf_scalar,DB3,1000000,6,precomp,0.000,0,0,0,false,min
UC4,label_cf_scalar,DB3,1000000,6,encrypt,1018.752,216270744,0,0,false,min
UC4,label_cf_scalar,DB3,1000000,6,eval,248.786,225189744,0,0,false,min
UC4,label_cf_scalar,DB3,1000000,6,decrypt,4.712,12353840,2097152,1,true,min
UC4,std,DB3,1000000,7,setup,75.355,28877752,0,0,false,min
UC4,std,DB3,1000000,7,precomp,0.000,0,0,0,false,min
UC4,std,DB3,1000000,7,encrypt,492.281,71888032,0,0,false,min
UC4,std,DB3,1000000,7,eval,7876.384,95987784,0,0,false,min
UC4,std,DB3,1000000,7,decrypt,4.897,6569568,2097152,1,false,min
UC4,label_compact,DB3,1000000,7,setup,64.921,23091800,0,0,false,min
UC4,label_compact,DB3,1000000,7,precomp,0.001,0,0,0,false,min
UC4,label_compact,DB3,1000000,7,encrypt,626.432,119052624,0,0,false,min
UC4,label_compact,DB3,1000000,7,eval,11700.682,328098392,0,0,false,min
UC4,label_compact,DB3,1000000,7,decrypt,652.215,47164680,261095424,1,false,min
UC4,label_compact_max,DB3,1000000,7,setup,66.131,23091832,0,0,false,min
UC4,label_compact_max,DB3,1000000,7,precomp,0.000,0,0,0,false,min
UC4,label_compact_max,DB3,1000000,7,encrypt,613.956,119051680,0,0,false,min
UC4,label_compact_max,DB3,1000000,7,eval,11719.199,281614776,0,0,false,min
UC4,label_compact_max,DB3,1000000,7,decrypt,648.834,47164680,261095424,1,false,min
UC4,label_compact_mb,DB3,1000000,7,setup,64.313,31510536,0,0,false,min
UC4,label_compact_mb,DB3,1000000,7,precomp,0.000,0,0,0,false,min
UC4,label_compact_mb,DB3,1000000,7,encrypt,653.506,100889296,0,0,false,min
UC4,label_compact_mb,DB3,1000000,7,eval,11735.601,385996568,0,0,false,min
UC4,label_compact_mb,DB3,1000000,7,decrypt,652.806,47164680,261095424,1,false,min
UC4,label_cf_scalar,DB3,1000000,7,setup,6.982,8716408,0,0,false,min
UC4,label_cf_scalar,DB3,1000000,7,precomp,0.000,0,0,0,false,min
UC4,label_cf_scalar,DB3,1000000,7,encrypt,1015.224,223274496,0,0,false,min
UC4,label_cf_scalar,DB3,1000000,7,eval,254.158,214420896,0,0,false,min
UC4,label_cf_scalar,DB3,1000000,7,decrypt,4.742,12353840,2097152,1,true,min
UC4,std,DB3,1000000,8,setup,75.933,28877736,0,0,false,min
UC4,std,DB3,1000000,8,precomp,0.000,0,0,0,false,min
UC4,std,DB3,1000000,8,encrypt,492.997,70764232,0,0,false,min
UC4,std,DB3,1000000,8,eval,7857.867,95987784,0,0,false,min
UC4,std,DB3,1000000,8,decrypt,4.868,6569568,2097152,1,false,min
UC4,label_compact,DB3,1000000,8,setup,64.223,21517920,0,0,false,min
UC4,label_compact,DB3,1000000,8,precomp,0.000,0,0,0,false,min
UC4,label_compact,DB3,1000000,8,encrypt,625.598,119052816,0,0,false,min
UC4,label_compact,DB3,1000000,8,eval,11717.027,246552840,0,0,false,min
UC4,label_compact,DB3,1000000,8,decrypt,651.476,55441224,261095424,1,false,min
UC4,label_compact_max,DB3,1000000,8,setup,63.948,23622584,0,0,false,min
UC4,label_compact_max,DB3,1000000,8,precomp,0.001,0,0,0,false,min
UC4,label_compact_max,DB3,1000000,8,encrypt,619.278,119052688,0,0,false,min
UC4,label_compact_max,DB3,1000000,8,eval,11705.372,304856592,0,0,false,min
UC4,label_compact_max,DB3,1000000,8,decrypt,650.072,55441112,261095424,1,false,min
UC4,label_compact_mb,DB3,1000000,8,setup,63.581,23619496,0,0,false,min
UC4,label_compact_mb,DB3,1000000,8,precomp,0.000,0,0,0,false,min
UC4,label_compact_mb,DB3,1000000,8,encrypt,651.499,169725296,0,0,false,min
UC4,label_compact_mb,DB3,1000000,8,eval,11726.576,223313648,0,0,false,min
UC4,label_compact_mb,DB3,1000000,8,decrypt,647.396,63190632,261095424,1,false,min
UC4,label_cf_scalar,DB3,1000000,8,setup,6.150,8716408,0,0,false,min
UC4,label_cf_scalar,DB3,1000000,8,precomp,0.000,0,0,0,false,min
UC4,label_cf_scalar,DB3,1000000,8,encrypt,1015.764,133414880,0,0,false,min
UC4,label_cf_scalar,DB3,1000000,8,eval,252.979,235820248,0,0,false,min
UC4,label_cf_scalar,DB3,1000000,8,decrypt,4.741,12353840,2097152,1,true,min
UC4,std,DB3,1000000,9,setup,76.629,26245488,0,0,false,min
UC4,std,DB3,1000000,9,precomp,0.000,0,0,0,false,min
UC4,std,DB3,1000000,9,encrypt,492.720,89036360,0,0,false,min
UC4,std,DB3,1000000,9,eval,7845.019,70667208,0,0,false,min
UC4,std,DB3,1000000,9,decrypt,4.492,6569568,2097152,1,false,min
UC4,label_compact,DB3,1000000,9,setup,64.469,23091800,0,0,false,min
UC4,label_compact,DB3,1000000,9,precomp,0.000,0,0,0,false,min
UC4,label_compact,DB3,1000000,9,encrypt,630.781,119051344,0,0,false,min
UC4,label_compact,DB3,1000000,9,eval,11703.681,304851264,0,0,false,min
UC4,label_compact,DB3,1000000,9,decrypt,652.458,38888264,261095424,1,false,min
UC4,label_compact_max,DB3,1000000,9,setup,65.397,23488168,0,0,false,min
UC4,label_compact_max,DB3,1000000,9,precomp,0.000,0,0,0,false,min
UC4,label_compact_max,DB3,1000000,9,encrypt,612.000,119052368,0,0,false,min
UC4,label_compact_max,DB3,1000000,9,eval,11719.994,397744264,0,0,false,min
UC4,label_compact_max,DB3,1000000,9,decrypt,657.834,88019464,261095424,1,false,min
UC4,label_compact_mb,DB3,1000000,9,setup,67.154,23622568,0,0,false,min
UC4,label_compact_mb,DB3,1000000,9,precomp,0.000,0,0,0,false,min
UC4,label_compact_mb,DB3,1000000,9,encrypt,658.657,169720640,0,0,false,min
UC4,label_compact_mb,DB3,1000000,9,eval,11702.377,200072056,0,0,false,min
UC4,label_compact_mb,DB3,1000000,9,decrypt,653.322,47164792,261095424,1,false,min
UC4,label_cf_scalar,DB3,1000000,9,setup,6.925,8716408,0,0,false,min
UC4,label_cf_scalar,DB3,1000000,9,precomp,0.000,0,0,0,false,min
UC4,label_cf_scalar,DB3,1000000,9,encrypt,1013.532,216270728,0,0,false,min
UC4,label_cf_scalar,DB3,1000000,9,eval,250.253,225189536,0,0,false,min
UC4,label_cf_scalar,DB3,1000000,9,decrypt,4.708,12353840,2097152,1,true,min
UC4,std,DB3,1000000,10,setup,79.548,28613904,0,0,false,min
UC4,std,DB3,1000000,10,precomp,0.000,0,0,0,false,min
UC4,std,DB3,1000000,10,encrypt,494.152,89599264,0,0,false,min
UC4,std,DB3,1000000,10,eval,7826.926,70667208,0,0,false,min
UC4,std,DB3,1000000,10,decrypt,4.661,6569568,2097152,1,false,min
UC4,label_compact,DB3,1000000,10,setup,63.116,23091800,0,0,false,min
UC4,label_compact,DB3,1000000,10,precomp,0.000,0,0,0,false,min
UC4,label_compact,DB3,1000000,10,encrypt,624.482,119052080,0,0,false,min
UC4,label_compact,DB3,1000000,10,eval,11698.926,258374032,0,0,false,min
UC4,label_compact,DB3,1000000,10,decrypt,651.141,47164680,261095424,1,false,min
UC4,label_compact_max,DB3,1000000,10,setup,64.575,25329176,0,0,false,min
UC4,label_compact_max,DB3,1000000,10,precomp,0.000,0,0,0,false,min
UC4,label_compact_max,DB3,1000000,10,encrypt,617.318,129663128,0,0,false,min
UC4,label_compact_max,DB3,1000000,10,eval,11735.882,246555448,0,0,false,min
UC4,label_compact_max,DB3,1000000,10,decrypt,648.909,53862288,261095424,1,false,min
UC4,label_compact_mb,DB3,1000000,10,setup,62.969,25196448,0,0,false,min
UC4,label_compact_mb,DB3,1000000,10,precomp,0.000,0,0,0,false,min
UC4,label_compact_mb,DB3,1000000,10,encrypt,657.345,83683472,0,0,false,min
UC4,label_compact_mb,DB3,1000000,10,eval,11719.574,258370416,0,0,false,min
UC4,label_compact_mb,DB3,1000000,10,decrypt,650.610,55441112,261095424,1,false,min
UC4,label_cf_scalar,DB3,1000000,10,setup,7.344,3673456,0,0,false,min
UC4,label_cf_scalar,DB3,1000000,10,precomp,0.000,0,0,0,false,min
UC4,label_cf_scalar,DB3,1000000,10,encrypt,1014.901,226603632,0,0,false,min
UC4,label_cf_scalar,DB3,1000000,10,eval,249.348,225189728,0,0,false,min
UC4,label_cf_scalar,DB3,1000000,10,decrypt,4.761,12353840,2097152,1,true,min
UC4,std,DB3,1000000,11,setup,77.355,26776352,0,0,false,min
UC4,std,DB3,1000000,11,precomp,0.000,0,0,0,false,min
UC4,std,DB3,1000000,11,encrypt,493.871,89879712,0,0,false,min
UC4,std,DB3,1000000,11,eval,7838.681,78579864,0,0,false,min
UC4,std,DB3,1000000,11,decrypt,4.710,6569568,2097152,1,false,min
UC4,label_compact,DB3,1000000,11,setup,65.748,31510520,0,0,false,min
UC4,label_compact,DB3,1000000,11,precomp,0.000,0,0,0,false,min
UC4,label_compact,DB3,1000000,11,encrypt,629.678,119052096,0,0,false,min
UC4,label_compact,DB3,1000000,11,eval,11710.375,258361632,0,0,false,min
UC4,label_compact,DB3,1000000,11,decrypt,648.806,55441112,261095424,1,false,min
UC4,label_compact_max,DB3,1000000,11,setup,62.835,25724096,0,0,false,min
UC4,label_compact_max,DB3,1000000,11,precomp,0.000,0,0,0,false,min
UC4,label_compact_max,DB3,1000000,11,encrypt,616.040,140273936,0,0,false,min
UC4,label_compact_max,DB3,1000000,11,eval,11713.575,293037320,0,0,false,min
UC4,label_compact_max,DB3,1000000,11,decrypt,657.491,47164792,261095424,1,false,min
UC4,label_compact_mb,DB3,1000000,11,setup,63.834,23488104,0,0,false,min
UC4,label_compact_mb,DB3,1000000,11,precomp,0.000,0,0,0,false,min
UC4,label_compact_mb,DB3,1000000,11,encrypt,656.102,169724784,0,0,false,min
UC4,label_compact_mb,DB3,1000000,11,eval,11715.276,235127032,0,0,false,min
UC4,label_compact_mb,DB3,1000000,11,decrypt,653.918,47164680,261095424,1,false,min
UC4,label_cf_scalar,DB3,1000000,11,setup,7.354,3673456,0,0,false,min
UC4,label_cf_scalar,DB3,1000000,11,precomp,0.000,0,0,0,false,min
UC4,label_cf_scalar,DB3,1000000,11,encrypt,1015.646,223274832,0,0,false,min
UC4,label_cf_scalar,DB3,1000000,11,eval,247.647,225189856,0,0,false,min
UC4,label_cf_scalar,DB3,1000000,11,decrypt,4.747,12353840,2097152,1,true,min
UC4,std,DB3,1000000,12,setup,77.064,28877864,0,0,false,min
UC4,std,DB3,1000000,12,precomp,0.000,0,0,0,false,min
UC4,std,DB3,1000000,12,encrypt,492.655,67952352,0,0,false,min
UC4,std,DB3,1000000,12,eval,7835.306,6838248,0,0,false,min
UC4,std,DB3,1000000,12,decrypt,4.527,6569568,2097152,1,false,min
UC4,label_compact,DB3,1000000,12,setup,64.171,31774416,0,0,false,min
UC4,label_compact,DB3,1000000,12,precomp,0.000,0,0,0,false,min
UC4,label_compact,DB3,1000000,12,encrypt,627.357,119052720,0,0,false,min
UC4,label_compact,DB3,1000000,12,eval,11709.836,223313744,0,0,false,min
UC4,label_compact,DB3,1000000,12,decrypt,655.856,55441112,261095424,1,false,min
UC4,label_compact_max,DB3,1000000,12,setup,63.945,23091832,0,0,false,min
UC4,label_compact_max,DB3,1000000,12,precomp,0.000,0,0,0,false,min
UC4,label_compact_max,DB3,1000000,12,encrypt,617.624,119052016,0,0,false,min
UC4,label_compact_max,DB3,1000000,12,eval,11700.034,258373600,0,0,false,min
UC4,label_compact_max,DB3,1000000,12,decrypt,654.412,55441112,261095424,1,false,min
UC4,label_compact_mb,DB3,1000000,12,setup,66.844,27301128,0,0,false,min
UC4,label_compact_mb,DB3,1000000,12,precomp,0.000,0,0,0,false,min
UC4,label_compact_mb,DB3,1000000,12,encrypt,661.461,100893456,0,0,false,min
UC4,label_compact_mb,DB3,1000000,12,eval,11716.205,200072504,0,0,false,min
UC4,label_compact_mb,DB3,1000000,12,decrypt,653.298,47164680,261095424,1,false,min
UC4,label_cf_scalar,DB3,1000000,12,setup,6.394,8678360,0,0,false,min
UC4,label_cf_scalar,DB3,1000000,12,precomp,0.000,0,0,0,false,min
UC4,label_cf_scalar,DB3,1000000,12,encrypt,1010.917,216270888,0,0,false,min
UC4,label_cf_scalar,DB3,1000000,12,eval,254.117,225117640,0,0,false,min
UC4,label_cf_scalar,DB3,1000000,12,decrypt,5.643,12353840,2097152,1,true,min
UC4,std,DB3,1000000,13,setup,73.887,28614064,0,0,false,min
UC4,std,DB3,1000000,13,precomp,0.000,0,0,0,false,min
UC4,std,DB3,1000000,13,encrypt,491.829,67952352,0,0,false,min
UC4,std,DB3,1000000,13,eval,7873.854,6838248,0,0,false,min
UC4,std,DB3,1000000,13,decrypt,5.295,6569568,2097152,1,false,min
UC4,label_compact,DB3,1000000,13,setup,62.897,32037896,0,0,false,min
UC4,label_compact,DB3,1000000,13,precomp,0.000,0,0,0,false,min
UC4,label_compact,DB3,1000000,13,encrypt,623.963,119052192,0,0,false,min
UC4,label_compact,DB3,1000000,13,eval,11710.079,252268776,0,0,false,min
UC4,label_compact,DB3,1000000,13,decrypt,652.908,71993960,261095424,1,false,min
UC4,label_compact_max,DB3,1000000,13,setup,65.262,25461728,0,0,false,min
UC4,label_compact_max,DB3,1000000,13,precomp,0.000,0,0,0,false,min
UC4,label_compact_max,DB3,1000000,13,encrypt,615.762,137720688,0,0,false,min
UC4,label_compact_max,DB3,1000000,13,eval,11711.469,386003928,0,0,false,min
UC4,label_compact_max,DB3,1000000,13,decrypt,653.258,47164792,261095424,1,false,min
UC4,label_compact_mb,DB3,1000000,13,setup,68.083,23356048,0,0,false,min
UC4,label_compact_mb,DB3,1000000,13,precomp,0.000,0,0,0,false,min
UC4,label_compact_mb,DB3,1000000,13,encrypt,662.522,169738224,0,0,false,min
UC4,label_compact_mb,DB3,1000000,13,eval,11724.980,246554696,0,0,false,min
UC4,label_compact_mb,DB3,1000000,13,decrypt,648.780,96823224,261095424,1,false,min
UC4,label_cf_scalar,DB3,1000000,13,setup,6.220,8716408,0,0,false,min
UC4,label_cf_scalar,DB3,1000000,13,precomp,0.000,0,0,0,false,min
UC4,label_cf_scalar,DB3,1000000,13,encrypt,1012.225,216618208,0,0,false,min
UC4,label_cf_scalar,DB3,1000000,13,eval,251.744,214420240,0,0,false,min
UC4,label_cf_scalar,DB3,1000000,13,decrypt,4.753,12353840,2097152,1,true,min
UC4,std,DB3,1000000,14,setup,77.725,28877752,0,0,false,min
UC4,std,DB3,1000000,14,precomp,0.000,0,0,0,false,min
UC4,std,DB3,1000000,14,encrypt,494.873,67952352,0,0,false,min
UC4,std,DB3,1000000,14,eval,7843.110,75942328,0,0,false,min
UC4,std,DB3,1000000,14,decrypt,4.697,6569568,2097152,1,false,min
UC4,label_compact,DB3,1000000,14,setup,65.021,23091800,0,0,false,min
UC4,label_compact,DB3,1000000,14,precomp,0.000,0,0,0,false,min
UC4,label_compact,DB3,1000000,14,encrypt,626.784,119052352,0,0,false,min
UC4,label_compact,DB3,1000000,14,eval,11711.510,304856224,0,0,false,min
UC4,label_compact,DB3,1000000,14,decrypt,648.724,80270488,261095424,1,false,min
UC4,label_compact_max,DB3,1000000,14,setup,64.373,23091832,0,0,false,min
UC4,label_compact_max,DB3,1000000,14,precomp,0.000,0,0,0,false,min
UC4,label_compact_max,DB3,1000000,14,encrypt,610.352,119051792,0,0,false,min
UC4,label_compact_max,DB3,1000000,14,eval,11759.837,385996120,0,0,false,min
UC4,label_compact_max,DB3,1000000,14,decrypt,655.979,88546808,261095424,1,false,min
UC4,label_compact_mb,DB3,1000000,14,setup,65.197,23091768,0,0,false,min
UC4,label_compact_mb,DB3,1000000,14,precomp,0.000,0,0,0,false,min
UC4,label_compact_mb,DB3,1000000,14,encrypt,656.466,169712592,0,0,false,min
UC4,label_compact_mb,DB3,1000000,14,eval,11710.638,235132232,0,0,false,min
UC4,label_compact_mb,DB3,1000000,14,decrypt,651.401,55441112,261095424,1,false,min
UC4,label_cf_scalar,DB3,1000000,14,setup,6.278,8716408,0,0,false,min
UC4,label_cf_scalar,DB3,1000000,14,precomp,0.000,0,0,0,false,min
UC4,label_cf_scalar,DB3,1000000,14,encrypt,1014.560,219598856,0,0,false,min
UC4,label_cf_scalar,DB3,1000000,14,eval,250.684,235959248,0,0,false,min
UC4,label_cf_scalar,DB3,1000000,14,decrypt,4.706,12353840,2097152,1,true,min
UC4,std,DB3,1000000,15,setup,76.883,26509208,0,0,false,min
UC4,std,DB3,1000000,15,precomp,0.000,0,0,0,false,min
UC4,std,DB3,1000000,15,encrypt,493.453,89036360,0,0,false,min
UC4,std,DB3,1000000,15,eval,7866.982,70667256,0,0,false,min
UC4,std,DB3,1000000,15,decrypt,5.364,6569568,2097152,1,false,min
UC4,label_compact,DB3,1000000,15,setup,65.615,23091912,0,0,false,min
UC4,label_compact,DB3,1000000,15,precomp,0.001,0,0,0,false,min
UC4,label_compact,DB3,1000000,15,encrypt,628.131,119052000,0,0,false,min
UC4,label_compact,DB3,1000000,15,eval,11699.325,200073368,0,0,false,min
UC4,label_compact,DB3,1000000,15,decrypt,650.699,47164680,261095424,1,false,min
UC4,label_compact_max,DB3,1000000,15,setup,66.758,25196512,0,0,false,min
UC4,label_compact_max,DB3,1000000,15,precomp,0.001,0,0,0,false,min
UC4,label_compact_max,DB3,1000000,15,encrypt,613.123,119052352,0,0,false,min
UC4,label_compact_max,DB3,1000000,15,eval,11726.596,165408416,0,0,false,min
UC4,label_compact_max,DB3,1000000,15,decrypt,650.130,47164680,261095424,1,false,min
UC4,label_compact_mb,DB3,1000000,15,setup,63.124,23355776,0,0,false,min
UC4,label_compact_mb,DB3,1000000,15,precomp,0.000,0,0,0,false,min
UC4,label_compact_mb,DB3,1000000,15,encrypt,652.800,169726112,0,0,false,min
UC4,label_compact_mb,DB3,1000000,15,eval,11693.771,258373808,0,0,false,min
UC4,label_compact_mb,DB3,1000000,15,decrypt,651.413,47164680,261095424,1,false,min
UC4,label_cf_scalar,DB3,1000000,15,setup,6.556,8716408,0,0,false,min
UC4,label_cf_scalar,DB3,1000000,15,precomp,0.000,0,0,0,false,min
UC4,label_cf_scalar,DB3,1000000,15,encrypt,1009.194,216270856,0,0,false,min
UC4,label_cf_scalar,DB3,1000000,15,eval,248.592,225185664,0,0,false,min
UC4,label_cf_scalar,DB3,1000000,15,decrypt,4.741,12353840,2097152,1,true,min
UC4,std,DB3,1000000,16,setup,79.983,30454848,0,0,false,min
UC4,std,DB3,1000000,16,precomp,0.000,0,0,0,false,min
UC4,std,DB3,1000000,16,encrypt,493.587,89317472,0,0,false,min
UC4,std,DB3,1000000,16,eval,7873.655,70667208,0,0,false,min
UC4,std,DB3,1000000,16,decrypt,4.505,6569568,2097152,1,false,min
UC4,label_compact,DB3,1000000,16,setup,62.976,23091800,0,0,false,min
UC4,label_compact,DB3,1000000,16,precomp,0.000,0,0,0,false,min
UC4,label_compact,DB3,1000000,16,encrypt,626.410,119051808,0,0,false,min
UC4,label_compact,DB3,1000000,16,eval,11714.558,223314304,0,0,false,min
UC4,label_compact,DB3,1000000,16,decrypt,653.886,47164680,261095424,1,false,min
UC4,label_compact_max,DB3,1000000,16,setup,65.701,29538536,0,0,false,min
UC4,label_compact_max,DB3,1000000,16,precomp,0.000,0,0,0,false,min
UC4,label_compact_max,DB3,1000000,16,encrypt,609.513,119052160,0,0,false,min
UC4,label_compact_max,DB3,1000000,16,eval,11704.200,176831008,0,0,false,min
UC4,label_compact_max,DB3,1000000,16,decrypt,651.094,47164680,261095424,1,false,min
UC4,label_compact_mb,DB3,1000000,16,setup,65.737,23619352,0,0,false,min
UC4,label_compact_mb,DB3,1000000,16,precomp,0.000,0,0,0,false,min
UC4,label_compact_mb,DB3,1000000,16,encrypt,657.571,169722928,0,0,false,min
UC4,label_compact_mb,DB3,1000000,16,eval,11697.107,211891392,0,0,false,min
UC4,label_compact_mb,DB3,1000000,16,decrypt,653.043,47164680,261095424,1,false,min
UC4,label_cf_scalar,DB3,1000000,16,setup,6.511,3673456,0,0,false,min
UC4,label_cf_scalar,DB3,1000000,16,precomp,0.000,0,0,0,false,min
UC4,label_cf_scalar,DB3,1000000,16,encrypt,1018.855,216270664,0,0,false,min
UC4,label_cf_scalar,DB3,1000000,16,eval,252.897,214420896,0,0,false,min
UC4,label_cf_scalar,DB3,1000000,16,decrypt,4.924,12353840,2097152,1,true,min
UC4,std,DB3,1000000,17,setup,75.154,28877752,0,0,false,min
UC4,std,DB3,1000000,17,precomp,0.000,0,0,0,false,min
UC4,std,DB3,1000000,17,encrypt,494.006,68795720,0,0,false,min
UC4,std,DB3,1000000,17,eval,7843.720,74887256,0,0,false,min
UC4,std,DB3,1000000,17,decrypt,4.485,6569568,2097152,1,false,min
UC4,label_compact,DB3,1000000,17,setup,66.745,23091800,0,0,false,min
UC4,label_compact,DB3,1000000,17,precomp,0.000,0,0,0,false,min
UC4,label_compact,DB3,1000000,17,encrypt,621.851,119051968,0,0,false,min
UC4,label_compact,DB3,1000000,17,eval,11707.773,339518776,0,0,false,min
UC4,label_compact,DB3,1000000,17,decrypt,655.140,47164680,261095424,1,false,min
UC4,label_compact_max,DB3,1000000,17,setup,65.706,23488152,0,0,false,min
UC4,label_compact_max,DB3,1000000,17,precomp,0.000,0,0,0,false,min
UC4,label_compact_max,DB3,1000000,17,encrypt,608.271,119052128,0,0,false,min
UC4,label_compact_max,DB3,1000000,17,eval,11698.855,293037672,0,0,false,min
UC4,label_compact_max,DB3,1000000,17,decrypt,650.089,63717640,261095424,1,false,min
UC4,label_compact_mb,DB3,1000000,17,setup,66.234,25460184,0,0,false,min
UC4,label_compact_mb,DB3,1000000,17,precomp,0.000,0,0,0,false,min
UC4,label_compact_mb,DB3,1000000,17,encrypt,652.346,96921136,0,0,false,min
UC4,label_compact_mb,DB3,1000000,17,eval,11735.911,246555784,0,0,false,min
UC4,label_compact_mb,DB3,1000000,17,decrypt,655.506,96823224,261095424,1,false,min
UC4,label_cf_scalar,DB3,1000000,17,setup,6.250,8678472,0,0,false,min
UC4,label_cf_scalar,DB3,1000000,17,precomp,0.000,0,0,0,false,min
UC4,label_cf_scalar,DB3,1000000,17,encrypt,1012.039,223274144,0,0,false,min
UC4,label_cf_scalar,DB3,1000000,17,eval,249.555,214420368,0,0,false,min
UC4,label_cf_scalar,DB3,1000000,17,decrypt,5.873,12353840,2097152,1,true,min
UC4,std,DB3,1000000,18,setup,75.919,28877736,0,0,false,min
UC4,std,DB3,1000000,18,precomp,0.000,0,0,0,false,min
UC4,std,DB3,1000000,18,encrypt,494.759,68233480,0,0,false,min
UC4,std,DB3,1000000,18,eval,8050.252,70667208,0,0,false,min
UC4,std,DB3,1000000,18,decrypt,4.689,6569568,2097152,1,false,min
UC4,label_compact,DB3,1000000,18,setup,69.280,23091800,0,0,false,min
UC4,label_compact,DB3,1000000,18,precomp,0.000,0,0,0,false,min
UC4,label_compact,DB3,1000000,18,encrypt,654.082,119051136,0,0,false,min
UC4,label_compact,DB3,1000000,18,eval,12320.290,165409072,0,0,false,min
UC4,label_compact,DB3,1000000,18,decrypt,683.178,63717528,261095424,1,false,min
UC4,label_compact_max,DB3,1000000,18,setup,68.026,23091832,0,0,false,min
UC4,label_compact_max,DB3,1000000,18,precomp,0.000,0,0,0,false,min
UC4,label_compact_max,DB3,1000000,18,encrypt,647.214,119052544,0,0,false,min
UC4,label_compact_max,DB3,1000000,18,eval,12401.787,208212208,0,0,false,min
UC4,label_compact_max,DB3,1000000,18,decrypt,681.552,47164680,261095424,1,false,min
UC4,label_compact_mb,DB3,1000000,18,setup,67.226,23622520,0,0,false,min
UC4,label_compact_mb,DB3,1000000,18,precomp,0.000,0,0,0,false,min
UC4,label_compact_mb,DB3,1000000,18,encrypt,691.563,169728768,0,0,false,min
UC4,label_compact_mb,DB3,1000000,18,eval,12367.174,165406000,0,0,false,min
UC4,label_compact_mb,DB3,1000000,18,decrypt,686.067,80795408,261095424,1,false,min
UC4,label_cf_scalar,DB3,1000000,18,setup,6.727,8716408,0,0,false,min
UC4,label_cf_scalar,DB3,1000000,18,precomp,0.000,0,0,0,false,min
UC4,label_cf_scalar,DB3,1000000,18,encrypt,1067.503,150054368,0,0,false,min
UC4,label_cf_scalar,DB3,1000000,18,eval,270.015,225189728,0,0,false,min
UC4,label_cf_scalar,DB3,1000000,18,decrypt,5.682,12353840,2097152,1,true,min
UC4,std,DB3,1000000,19,setup,82.382,28482800,0,0,false,min
UC4,std,DB3,1000000,19,precomp,0.000,0,0,0,false,min
UC4,std,DB3,1000000,19,encrypt,517.973,71044680,0,0,false,min
UC4,std,DB3,1000000,19,eval,8246.237,21608584,0,0,false,min
UC4,std,DB3,1000000,19,decrypt,5.209,6569568,2097152,1,false,min
UC4,label_compact,DB3,1000000,19,setup,65.963,23091800,0,0,false,min
UC4,label_compact,DB3,1000000,19,precomp,0.000,0,0,0,false,min
UC4,label_compact,DB3,1000000,19,encrypt,652.478,119052896,0,0,false,min
UC4,label_compact,DB3,1000000,19,eval,12381.582,235127256,0,0,false,min
UC4,label_compact,DB3,1000000,19,decrypt,690.230,47164680,261095424,1,false,min
UC4,label_compact_max,DB3,1000000,19,setup,68.855,23091832,0,0,false,min
UC4,label_compact_max,DB3,1000000,19,precomp,0.000,0,0,0,false,min
UC4,label_compact_max,DB3,1000000,19,encrypt,642.117,119052608,0,0,false,min
UC4,label_compact_max,DB3,1000000,19,eval,12379.847,200071944,0,0,false,min
UC4,label_compact_max,DB3,1000000,19,decrypt,684.091,47164680,261095424,1,false,min
UC4,label_compact_mb,DB3,1000000,19,setup,66.212,25460744,0,0,false,min
UC4,label_compact_mb,DB3,1000000,19,precomp,0.000,0,0,0,false,min
UC4,label_compact_mb,DB3,1000000,19,encrypt,688.814,169731792,0,0,false,min
UC4,label_compact_mb,DB3,1000000,19,eval,12342.915,293037448,0,0,false,min
UC4,label_compact_mb,DB3,1000000,19,decrypt,683.593,47164680,261095424,1,false,min
UC4,label_cf_scalar,DB3,1000000,19,setup,6.319,8716408,0,0,false,min
UC4,label_cf_scalar,DB3,1000000,19,precomp,0.000,0,0,0,false,min
UC4,label_cf_scalar,DB3,1000000,19,encrypt,1074.336,140071232,0,0,false,min
UC4,label_cf_scalar,DB3,1000000,19,eval,271.937,214420384,0,0,false,min
UC4,label_cf_scalar,DB3,1000000,19,decrypt,5.033,12353840,2097152,1,true,min
UC4,std,DB3,1000000,20,setup,79.883,28878120,0,0,false,min
UC4,std,DB3,1000000,20,precomp,0.000,0,0,0,false,min
UC4,std,DB3,1000000,20,encrypt,515.647,68514592,0,0,false,min
UC4,std,DB3,1000000,20,eval,8243.747,70667208,0,0,false,min
UC4,std,DB3,1000000,20,decrypt,5.651,6569568,2097152,1,false,min
UC4,label_compact,DB3,1000000,20,setup,67.666,23091800,0,0,false,min
UC4,label_compact,DB3,1000000,20,precomp,0.000,0,0,0,false,min
UC4,label_compact,DB3,1000000,20,encrypt,666.429,119052112,0,0,false,min
UC4,label_compact,DB3,1000000,20,eval,12398.308,293037672,0,0,false,min
UC4,label_compact,DB3,1000000,20,decrypt,687.018,55441112,261095424,1,false,min
UC4,label_compact_max,DB3,1000000,20,setup,67.056,23091832,0,0,false,min
UC4,label_compact_max,DB3,1000000,20,precomp,0.000,0,0,0,false,min
UC4,label_compact_max,DB3,1000000,20,encrypt,649.381,119052400,0,0,false,min
UC4,label_compact_max,DB3,1000000,20,eval,12371.836,316279264,0,0,false,min
UC4,label_compact_max,DB3,1000000,20,decrypt,681.721,47164792,261095424,1,false,min
UC4,label_compact_mb,DB3,1000000,20,setup,66.704,23091768,0,0,false,min
UC4,label_compact_mb,DB3,1000000,20,precomp,0.000,0,0,0,false,min
UC4,label_compact_mb,DB3,1000000,20,encrypt,689.051,169724448,0,0,false,min
UC4,label_compact_mb,DB3,1000000,20,eval,12304.622,258374144,0,0,false,min
UC4,label_compact_mb,DB3,1000000,20,decrypt,685.038,55441112,261095424,1,false,min
UC4,label_cf_scalar,DB3,1000000,20,setup,6.393,8716408,0,0,false,min
UC4,label_cf_scalar,DB3,1000000,20,precomp,0.000,0,0,0,false,min
UC4,label_cf_scalar,DB3,1000000,20,encrypt,1060.551,216618464,0,0,false,min
UC4,label_cf_scalar,DB3,1000000,20,eval,262.254,225189744,0,0,false,min
UC4,label_cf_scalar,DB3,1000000,20,decrypt,4.982,12353840,2097152,1,true,min
