use_case,variant,db_label,n,run_id,phase,elapsed_ms,heap_b,comm_bytes,rounds,correct,param_profile
UC4,std,DB1,512,1,setup,244.718,68469272,0,0,false,full
UC4,std,DB1,512,1,precomp,0.000,0,0,0,false,full
UC4,std,DB1,512,1,encrypt,14.521,7139128,0,0,false,full
UC4,std,DB1,512,1,eval,281.474,53245048,0,0,false,full
UC4,std,DB1,512,1,decrypt,9.366,6309208,4194304,1,true,full
UC4,label_compact,DB1,512,1,setup,214.827,51134816,0,0,false,full
UC4,label_compact,DB1,512,1,precomp,0.000,0,0,0,false,full
UC4,label_compact,DB1,512,1,encrypt,15.383,12598480,0,0,false,full
UC4,label_compact,DB1,512,1,eval,256.393,44513768,0,0,false,full
UC4,label_compact,DB1,512,1,decrypt,17.778,-1570352,7340032,1,true,full
UC4,label_compact_max,DB1,512,1,setup,215.422,51267448,0,0,false,full
UC4,label_compact_max,DB1,512,1,precomp,0.000,0,0,0,false,full
UC4,label_compact_max,DB1,512,1,encrypt,16.113,12598448,0,0,false,full
UC4,label_compact_max,DB1,512,1,eval,403.438,48184152,0,0,false,full
UC4,label_compact_max,DB1,512,1,decrypt,23.854,-1832496,10485760,1,true,full
UC4,label_compact_mb,DB1,512,1,setup,213.324,72410152,0,0,false,full
UC4,label_compact_mb,DB1,512,1,precomp,0.000,0,0,0,false,full
UC4,label_compact_mb,DB1,512,1,encrypt,15.498,11967856,0,0,false,full
UC4,label_compact_mb,DB1,512,1,eval,264.823,85637584,0,0,false,full
UC4,label_compact_mb,DB1,512,1,decrypt,22.180,-1570464,7340032,1,true,full
UC4,std,DB1,512,2,setup,238.110,68471576,0,0,false,full
UC4,std,DB1,512,2,precomp,0.000,0,0,0,false,full
UC4,std,DB1,512,2,encrypt,13.547,7139128,0,0,false,full
UC4,std,DB1,512,2,eval,280.625,54298520,0,0,false,full
UC4,std,DB1,512,2,decrypt,8.752,4860792,4194304,1,true,full
UC4,label_compact,DB1,512,2,setup,215.487,72145776,0,0,false,full
UC4,label_compact,DB1,512,2,precomp,0.000,0,0,0,false,full
UC4,label_compact,DB1,512,2,encrypt,14.625,12598608,0,0,false,full
UC4,label_compact,DB1,512,2,eval,265.301,65273904,0,0,false,full
UC4,label_compact,DB1,512,2,decrypt,22.016,-1570448,7340032,1,true,full
UC4,label_compact_max,DB1,512,2,setup,217.034,51134720,0,0,false,full
UC4,label_compact_max,DB1,512,2,precomp,0.000,0,0,0,false,full
UC4,label_compact_max,DB1,512,2,encrypt,15.881,12598496,0,0,false,full
UC4,label_compact_max,DB1,512,2,eval,395.870,48184360,0,0,false,full
UC4,label_compact_max,DB1,512,2,decrypt,25.000,5258064,10485760,1,true,full
UC4,label_compact_mb,DB1,512,2,setup,218.726,70571856,0,0,false,full
UC4,label_compact_mb,DB1,512,2,precomp,0.000,0,0,0,false,full
UC4,label_compact_mb,DB1,512,2,encrypt,15.325,11966928,0,0,false,full
UC4,label_compact_mb,DB1,512,2,eval,261.360,44513448,0,0,false,full
UC4,label_compact_mb,DB1,512,2,decrypt,19.245,16675624,7340032,1,true,full
UC4,std,DB1,512,3,setup,246.118,68465664,0,0,false,full
UC4,std,DB1,512,3,precomp,0.000,0,0,0,false,full
UC4,std,DB1,512,3,encrypt,13.158,7139128,0,0,false,full
UC4,std,DB1,512,3,eval,279.469,52191448,0,0,false,full
UC4,std,DB1,512,3,decrypt,8.410,6306136,4194304,1,true,full
UC4,label_compact,DB1,512,3,setup,214.044,51134688,0,0,false,full
UC4,label_compact,DB1,512,3,precomp,0.000,0,0,0,false,full
UC4,label_compact,DB1,512,3,encrypt,15.962,12598256,0,0,false,full
UC4,label_compact,DB1,512,3,eval,261.811,24150312,0,0,false,full
UC4,label_compact,DB1,512,3,decrypt,19.274,-1570464,7340032,1,true,full
UC4,label_compact_max,DB1,512,3,setup,212.436,51398632,0,0,false,full
UC4,label_compact_max,DB1,512,3,precomp,0.000,0,0,0,false,full
UC4,label_compact_max,DB1,512,3,encrypt,15.395,12598384,0,0,false,full
UC4,label_compact_max,DB1,512,3,eval,396.644,26772344,0,0,false,full
UC4,label_compact_max,DB1,512,3,decrypt,23.998,1846800,10485760,1,true,full
UC4,label_compact_mb,DB1,512,3,setup,211.191,51134704,0,0,false,full
UC4,label_compact_mb,DB1,512,3,precomp,0.000,0,0,0,false,full
UC4,label_compact_mb,DB1,512,3,encrypt,16.000,11968032,0,0,false,full
UC4,label_compact_mb,DB1,512,3,eval,264.540,44513464,0,0,false,full
UC4,label_compact_mb,DB1,512,3,decrypt,18.223,4733296,7340032,1,true,full
UC4,std,DB1,512,4,setup,242.692,54414104,0,0,false,full
UC4,std,DB1,512,4,precomp,0.000,0,0,0,false,full
UC4,std,DB1,512,4,encrypt,15.123,7139128,0,0,false,full
UC4,std,DB1,512,4,eval,281.379,54298568,0,0,false,full
UC4,std,DB1,512,4,decrypt,8.874,4860792,4194304,1,true,full
UC4,label_compact,DB1,512,4,setup,208.659,61640048,0,0,false,full
UC4,label_compact,DB1,512,4,precomp,0.000,0,0,0,false,full
UC4,label_compact,DB1,512,4,encrypt,15.093,12598272,0,0,false,full
UC4,label_compact,DB1,512,4,eval,267.003,24150312,0,0,false,full
UC4,label_compact,DB1,512,4,decrypt,18.236,16679576,7340032,1,true,full
UC4,label_compact_max,DB1,512,4,setup,217.789,51134608,0,0,false,full
UC4,label_compact_max,DB1,512,4,precomp,0.000,0,0,0,false,full
UC4,label_compact_max,DB1,512,4,encrypt,18.202,12598448,0,0,false,full
UC4,label_compact_max,DB1,512,4,eval,394.595,48184488,0,0,false,full
UC4,label_compact_max,DB1,512,4,decrypt,25.180,-1833488,10485760,1,true,full
UC4,label_compact_mb,DB1,512,4,setup,214.528,72145792,0,0,false,full
UC4,label_compact_mb,DB1,512,4,precomp,0.000,0,0,0,false,full
UC4,label_compact_mb,DB1,512,4,encrypt,15.462,11968960,0,0,false,full
UC4,label_compact_mb,DB1,512,4,eval,255.952,65273792,0,0,false,full
UC4,label_compact_mb,DB1,512,4,decrypt,19.047,16676408,7340032,1,true,full
UC4,std,DB1,512,5,setup,240.212,70304344,0,0,false,full
UC4,std,DB1,512,5,precomp,0.000,0,0,0,false,full
UC4,std,DB1,512,5,encrypt,13.215,7139128,0,0,false,full
UC4,std,DB1,512,5,eval,282.276,54298568,0,0,false,full
UC4,std,DB1,512,5,decrypt,8.411,-2223168,4194304,1,true,full
UC4,label_compact,DB1,512,5,setup,214.114,72145888,0,0,false,full
UC4,label_compact,DB1,512,5,precomp,0.000,0,0,0,false,full
UC4,label_compact,DB1,512,5,encrypt,14.809,12598368,0,0,false,full
UC4,label_compact,DB1,512,5,eval,261.178,65273776,0,0,false,full
UC4,label_compact,DB1,512,5,decrypt,18.920,19303840,7340032,1,true,full
UC4,label_compact_max,DB1,512,5,setup,213.133,51267448,0,0,false,full
UC4,label_compact_max,DB1,512,5,precomp,0.000,0,0,0,false,full
UC4,label_compact_max,DB1,512,5,encrypt,17.122,12598512,0,0,false,full
UC4,label_compact_max,DB1,512,5,eval,394.970,48184136,0,0,false,full
UC4,label_compact_max,DB1,512,5,decrypt,24.586,-1832384,10485760,1,true,full
UC4,label_compact_mb,DB1,512,5,setup,211.254,70571968,0,0,false,full
UC4,label_compact_mb,DB1,512,5,precomp,0.000,0,0,0,false,full
UC4,label_compact_mb,DB1,512,5,encrypt,14.174,11968272,0,0,false,full
UC4,label_compact_mb,DB1,512,5,eval,257.030,44513688,0,0,false,full
UC4,label_compact_mb,DB1,512,5,decrypt,17.576,16675624,7340032,1,true,full
UC4,std,DB1,512,6,setup,238.774,70568848,0,0,false,full
UC4,std,DB1,512,6,precomp,0.000,0,0,0,false,full
UC4,std,DB1,512,6,encrypt,15.248,7139128,0,0,false,full
UC4,std,DB1,512,6,eval,283.311,52191448,0,0,false,full
UC4,std,DB1,512,6,decrypt,8.568,6305944,4194304,1,true,full
UC4,label_compact,DB1,512,6,setup,202.627,62169072,0,0,false,full
UC4,label_compact,DB1,512,6,precomp,0.000,0,0,0,false,full
UC4,label_compact,DB1,512,6,encrypt,17.555,12598496,0,0,false,full
UC4,label_compact,DB1,512,6,eval,264.873,44513560,0,0,false,full
UC4,label_compact,DB1,512,6,decrypt,17.922,16676408,7340032,1,true,full
UC4,label_compact_max,DB1,512,6,setup,208.993,70572096,0,0,false,full
UC4,label_compact_max,DB1,512,6,precomp,0.000,0,0,0,false,full
UC4,label_compact_max,DB1,512,6,encrypt,15.802,12598448,0,0,false,full
UC4,label_compact_max,DB1,512,6,eval,407.499,48184904,0,0,false,full
UC4,label_compact_max,DB1,512,6,decrypt,25.483,-1832832,10485760,1,true,full
UC4,label_compact_mb,DB1,512,6,setup,211.704,72145792,0,0,false,full
UC4,label_compact_mb,DB1,512,6,precomp,0.000,0,0,0,false,full
UC4,label_compact_mb,DB1,512,6,encrypt,14.420,11967520,0,0,false,full
UC4,label_compact_mb,DB1,512,6,eval,266.072,37090264,0,0,false,full
UC4,label_compact_mb,DB1,512,6,decrypt,17.529,16675400,7340032,1,true,full
UC4,std,DB1,512,7,setup,242.461,70039696,0,0,false,full
UC4,std,DB1,512,7,precomp,0.000,0,0,0,false,full
UC4,std,DB1,512,7,encrypt,13.633,7139128,0,0,false,full
UC4,std,DB1,512,7,eval,282.002,53244984,0,0,false,full
UC4,std,DB1,512,7,decrypt,11.105,137008,4194304,1,true,full
UC4,label_compact,DB1,512,7,setup,213.555,72146112,0,0,false,full
UC4,label_compact,DB1,512,7,precomp,0.000,0,0,0,false,full
UC4,label_compact,DB1,512,7,encrypt,15.333,12598448,0,0,false,full
UC4,label_compact,DB1,512,7,eval,256.525,24149544,0,0,false,full
UC4,label_compact,DB1,512,7,decrypt,17.981,19303856,7340032,1,true,full
UC4,label_compact_max,DB1,512,7,setup,217.950,51398632,0,0,false,full
UC4,label_compact_max,DB1,512,7,precomp,0.000,0,0,0,false,full
UC4,label_compact_max,DB1,512,7,encrypt,17.566,12598400,0,0,false,full
UC4,label_compact_max,DB1,512,7,eval,403.005,48184440,0,0,false,full
UC4,label_compact_max,DB1,512,7,decrypt,23.423,19298088,10485760,1,true,full
UC4,label_compact_mb,DB1,512,7,setup,213.364,72145792,0,0,false,full
UC4,label_compact_mb,DB1,512,7,precomp,0.000,0,0,0,false,full
UC4,label_compact_mb,DB1,512,7,encrypt,14.961,11968576,0,0,false,full
UC4,label_compact_mb,DB1,512,7,eval,265.927,44513448,0,0,false,full
UC4,label_compact_mb,DB1,512,7,decrypt,21.066,-253368,7340032,1,true,full
UC4,std,DB1,512,8,setup,243.819,68465888,0,0,false,full
UC4,std,DB1,512,8,precomp,0.000,0,0,0,false,full
UC4,std,DB1,512,8,encrypt,14.040,7139128,0,0,false,full
UC4,std,DB1,512,8,eval,284.251,54298568,0,0,false,full
UC4,std,DB1,512,8,decrypt,8.267,4860792,4194304,1,true,full
UC4,label_compact,DB1,512,8,setup,213.459,51267528,0,0,false,full
UC4,label_compact,DB1,512,8,precomp,0.000,0,0,0,false,full
UC4,label_compact,DB1,512,8,encrypt,16.005,12598368,0,0,false,full
UC4,label_compact,DB1,512,8,eval,261.430,65273568,0,0,false,full
UC4,label_compact,DB1,512,8,decrypt,18.516,16675400,7340032,1,true,full
UC4,label_compact_max,DB1,512,8,setup,209.013,61640176,0,0,false,full
UC4,label_compact_max,DB1,512,8,precomp,0.000,0,0,0,false,full
UC4,label_compact_max,DB1,512,8,encrypt,14.961,12598272,0,0,false,full
UC4,label_compact_max,DB1,512,8,eval,398.025,26772136,0,0,false,full
UC4,label_compact_max,DB1,512,8,decrypt,23.734,22450704,10485760,1,true,full
UC4,label_compact_mb,DB1,512,8,setup,214.291,51267768,0,0,false,full
UC4,label_compact_mb,DB1,512,8,precomp,0.000,0,0,0,false,full
UC4,label_compact_mb,DB1,512,8,encrypt,15.172,11967968,0,0,false,full
UC4,label_compact_mb,DB1,512,8,eval,262.280,44513576,0,0,false,full
UC4,label_compact_mb,DB1,512,8,decrypt,20.574,4733744,7340032,1,true,full
UC4,std,DB1,512,9,setup,244.701,65319072,0,0,false,full
UC4,std,DB1,512,9,precomp,0.000,0,0,0,false,full
UC4,std,DB1,512,9,encrypt,13.223,7139128,0,0,false,full
UC4,std,DB1,512,9,eval,281.129,53244936,0,0,false,full
UC4,std,DB1,512,9,decrypt,9.986,4860792,4194304,1,true,full
UC4,label_compact,DB1,512,9,setup,208.947,72145776,0,0,false,full
UC4,label_compact,DB1,512,9,precomp,0.000,0,0,0,false,full
UC4,label_compact,DB1,512,9,encrypt,15.064,12598448,0,0,false,full
UC4,label_compact,DB1,512,9,eval,260.176,37947688,0,0,false,full
UC4,label_compact,DB1,512,9,decrypt,18.359,19303840,7340032,1,true,full
UC4,label_compact_max,DB1,512,9,setup,214.312,51398712,0,0,false,full
UC4,label_compact_max,DB1,512,9,precomp,0.000,0,0,0,false,full
UC4,label_compact_max,DB1,512,9,encrypt,16.534,12598544,0,0,false,full
UC4,label_compact_max,DB1,512,9,eval,392.332,26788328,0,0,false,full
UC4,label_compact_max,DB1,512,9,decrypt,24.291,-1832384,10485760,1,true,full
UC4,label_compact_mb,DB1,512,9,setup,209.027,51267432,0,0,false,full
UC4,label_compact_mb,DB1,512,9,precomp,0.000,0,0,0,false,full
UC4,label_compact_mb,DB1,512,9,encrypt,16.133,11967232,0,0,false,full
UC4,label_compact_mb,DB1,512,9,eval,267.474,44513448,0,0,false,full
UC4,label_compact_mb,DB1,512,9,decrypt,20.024,16676296,7340032,1,true,full
UC4,std,DB1,512,10,setup,235.864,54545736,0,0,false,full
UC4,std,DB1,512,10,precomp,0.000,0,0,0,false,full
UC4,std,DB1,512,10,encrypt,14.997,7139128,0,0,false,full
UC4,std,DB1,512,10,eval,281.796,54298568,0,0,false,full
UC4,std,DB1,512,10,decrypt,8.439,4860792,4194304,1,true,full
UC4,label_compact,DB1,512,10,setup,213.782,67425360,0,0,false,full
UC4,label_compact,DB1,512,10,precomp,0.001,0,0,0,false,full
UC4,label_compact,DB1,512,10,encrypt,17.054,12598288,0,0,false,full
UC4,label_compact,DB1,512,10,eval,262.189,44513448,0,0,false,full
UC4,label_compact,DB1,512,10,decrypt,20.624,-1570464,7340032,1,true,full
UC4,label_compact_max,DB1,512,10,setup,216.536,51398632,0,0,false,full
UC4,label_compact_max,DB1,512,10,precomp,0.000,0,0,0,false,full
UC4,label_compact_max,DB1,512,10,encrypt,16.033,12598496,0,0,false,full
UC4,label_compact_max,DB1,512,10,eval,403.948,26772120,0,0,false,full
UC4,label_compact_max,DB1,512,10,decrypt,26.015,-1832272,10485760,1,true,full
UC4,label_compact_mb,DB1,512,10,setup,213.871,51399256,0,0,false,full
UC4,label_compact_mb,DB1,512,10,precomp,0.000,0,0,0,false,full
UC4,label_compact_mb,DB1,512,10,encrypt,15.515,11967856,0,0,false,full
UC4,label_compact_mb,DB1,512,10,eval,261.009,44513560,0,0,false,full
UC4,label_compact_mb,DB1,512,10,decrypt,21.859,-253416,7340032,1,true,full
UC4,std,DB1,512,11,setup,243.102,70304344,0,0,false,full
UC4,std,DB1,512,11,precomp,0.000,0,0,0,false,full
UC4,std,DB1,512,11,encrypt,14.208,7139128,0,0,false,full
UC4,std,DB1,512,11,eval,281.120,54298568,0,0,false,full
UC4,std,DB1,512,11,decrypt,9.462,6306136,4194304,1,true,full
UC4,label_compact,DB1,512,11,setup,214.808,72410968,0,0,false,full
UC4,label_compact,DB1,512,11,precomp,0.000,0,0,0,false,full
UC4,label_compact,DB1,512,11,encrypt,16.781,12598528,0,0,false,full
UC4,label_compact,DB1,512,11,eval,258.790,65274224,0,0,false,full
UC4,label_compact,DB1,512,11,decrypt,20.526,-1570464,7340032,1,true,full
UC4,label_compact_max,DB1,512,11,setup,214.078,70572096,0,0,false,full
UC4,label_compact_max,DB1,512,11,precomp,0.000,0,0,0,false,full
UC4,label_compact_max,DB1,512,11,encrypt,16.641,12598480,0,0,false,full
UC4,label_compact_max,DB1,512,11,eval,403.577,26772456,0,0,false,full
UC4,label_compact_max,DB1,512,11,decrypt,24.001,-1832384,10485760,1,true,full
UC4,label_compact_mb,DB1,512,11,setup,216.325,70571808,0,0,false,full
UC4,label_compact_mb,DB1,512,11,precomp,0.001,0,0,0,false,full
UC4,label_compact_mb,DB1,512,11,encrypt,15.866,11969184,0,0,false,full
UC4,label_compact_mb,DB1,512,11,eval,268.552,44513560,0,0,false,full
UC4,label_compact_mb,DB1,512,11,decrypt,18.970,16675752,7340032,1,true,full
UC4,std,DB1,512,12,setup,245.474,59534096,0,0,false,full
UC4,std,DB1,512,12,precomp,0.000,0,0,0,false,full
UC4,std,DB1,512,12,encrypt,13.443,7139128,0,0,false,full
UC4,std,DB1,512,12,eval,276.321,52191448,0,0,false,full
UC4,std,DB1,512,12,decrypt,7.875,4860792,4194304,1,true,full
UC4,label_compact,DB1,512,12,setup,218.711,72146000,0,0,false,full
UC4,label_compact,DB1,512,12,precomp,0.001,0,0,0,false,full
UC4,label_compact,DB1,512,12,encrypt,16.769,12598560,0,0,false,full
UC4,label_compact,DB1,512,12,eval,260.264,65274144,0,0,false,full
UC4,label_compact,DB1,512,12,decrypt,19.366,-1570448,7340032,1,true,full
UC4,label_compact_max,DB1,512,12,setup,213.881,72145920,0,0,false,full
UC4,label_compact_max,DB1,512,12,precomp,0.000,0,0,0,false,full
UC4,label_compact_max,DB1,512,12,encrypt,14.392,12598736,0,0,false,full
UC4,label_compact_max,DB1,512,12,eval,394.543,26771576,0,0,false,full
UC4,label_compact_max,DB1,512,12,decrypt,24.239,5258400,10485760,1,true,full
UC4,label_compact_mb,DB1,512,12,setup,214.871,72145952,0,0,false,full
UC4,label_compact_mb,DB1,512,12,precomp,0.000,0,0,0,false,full
UC4,label_compact_mb,DB1,512,12,encrypt,15.331,11967552,0,0,false,full
UC4,label_compact_mb,DB1,512,12,eval,262.564,24150488,0,0,false,full
UC4,label_compact_mb,DB1,512,12,decrypt,20.891,16675736,7340032,1,true,full
UC4,std,DB1,512,13,setup,246.545,70304808,0,0,false,full
UC4,std,DB1,512,13,precomp,0.000,0,0,0,false,full
UC4,std,DB1,512,13,encrypt,14.221,7139128,0,0,false,full
UC4,std,DB1,512,13,eval,284.713,54298744,0,0,false,full
UC4,std,DB1,512,13,decrypt,8.740,6305944,4194304,1,true,full
UC4,label_compact,DB1,512,13,setup,214.036,51134688,0,0,false,full
UC4,label_compact,DB1,512,13,precomp,0.001,0,0,0,false,full
UC4,label_compact,DB1,512,13,encrypt,17.750,12598720,0,0,false,full
UC4,label_compact,DB1,512,13,eval,267.047,24150120,0,0,false,full
UC4,label_compact,DB1,512,13,decrypt,20.026,-1570688,7340032,1,true,full
UC4,label_compact_max,DB1,512,13,setup,217.617,51134832,0,0,false,full
UC4,label_compact_max,DB1,512,13,precomp,0.000,0,0,0,false,full
UC4,label_compact_max,DB1,512,13,encrypt,15.069,12598464,0,0,false,full
UC4,label_compact_max,DB1,512,13,eval,400.271,26771576,0,0,false,full
UC4,label_compact_max,DB1,512,13,decrypt,22.618,19297976,10485760,1,true,full
UC4,label_compact_mb,DB1,512,13,setup,211.042,70572032,0,0,false,full
UC4,label_compact_mb,DB1,512,13,precomp,0.000,0,0,0,false,full
UC4,label_compact_mb,DB1,512,13,encrypt,14.374,11968976,0,0,false,full
UC4,label_compact_mb,DB1,512,13,eval,263.041,24149688,0,0,false,full
UC4,label_compact_mb,DB1,512,13,decrypt,19.853,16679784,7340032,1,true,full
UC4,std,DB1,512,14,setup,242.988,60062720,0,0,false,full
UC4,std,DB1,512,14,precomp,0.000,0,0,0,false,full
UC4,std,DB1,512,14,encrypt,13.361,7139128,0,0,false,full
UC4,std,DB1,512,14,eval,279.644,52191448,0,0,false,full
UC4,std,DB1,512,14,decrypt,9.082,6309192,4194304,1,true,full
UC4,label_compact,DB1,512,14,setup,206.747,61639936,0,0,false,full
UC4,label_compact,DB1,512,14,precomp,0.000,0,0,0,false,full
UC4,label_compact,DB1,512,14,encrypt,16.361,12598704,0,0,false,full
UC4,label_compact,DB1,512,14,eval,268.544,44514440,0,0,false,full
UC4,label_compact,DB1,512,14,decrypt,17.277,16676296,7340032,1,true,full
UC4,label_compact_max,DB1,512,14,setup,212.109,72145696,0,0,false,full
UC4,label_compact_max,DB1,512,14,precomp,0.000,0,0,0,false,full
UC4,label_compact_max,DB1,512,14,encrypt,14.316,12598400,0,0,false,full
UC4,label_compact_max,DB1,512,14,eval,397.848,48184136,0,0,false,full
UC4,label_compact_max,DB1,512,14,decrypt,22.666,19297752,10485760,1,true,full
UC4,label_compact_mb,DB1,512,14,setup,212.588,51134656,0,0,false,full
UC4,label_compact_mb,DB1,512,14,precomp,0.000,0,0,0,false,full
UC4,label_compact_mb,DB1,512,14,encrypt,17.212,11966928,0,0,false,full
UC4,label_compact_mb,DB1,512,14,eval,263.558,29292072,0,0,false,full
UC4,label_compact_mb,DB1,512,14,decrypt,18.719,19303840,7340032,1,true,full
UC4,std,DB1,512,15,setup,245.259,75292672,0,0,false,full
UC4,std,DB1,512,15,precomp,0.000,0,0,0,false,full
UC4,std,DB1,512,15,encrypt,13.342,7139128,0,0,false,full
UC4,std,DB1,512,15,eval,279.447,52191624,0,0,false,full
UC4,std,DB1,512,15,decrypt,8.232,-2226432,4194304,1,true,full
UC4,label_compact,DB1,512,15,setup,216.417,72145664,0,0,false,full
UC4,label_compact,DB1,512,15,precomp,0.000,0,0,0,false,full
UC4,label_compact,DB1,512,15,encrypt,18.406,12598464,0,0,false,full
UC4,label_compact,DB1,512,15,eval,256.449,85629552,0,0,false,full
UC4,label_compact,DB1,512,15,decrypt,20.395,-1570464,7340032,1,true,full
UC4,label_compact_max,DB1,512,15,setup,212.024,70571872,0,0,false,full
UC4,label_compact_max,DB1,512,15,precomp,0.000,0,0,0,false,full
UC4,label_compact_max,DB1,512,15,encrypt,14.836,12598608,0,0,false,full
UC4,label_compact_max,DB1,512,15,eval,396.956,48184152,0,0,false,full
UC4,label_compact_max,DB1,512,15,decrypt,22.787,-253368,10485760,1,true,full
UC4,label_compact_mb,DB1,512,15,setup,212.915,56387408,0,0,false,full
UC4,label_compact_mb,DB1,512,15,precomp,0.001,0,0,0,false,full
UC4,label_compact_mb,DB1,512,15,encrypt,14.892,11969072,0,0,false,full
UC4,label_compact_mb,DB1,512,15,eval,266.838,44514104,0,0,false,full
UC4,label_compact_mb,DB1,512,15,decrypt,18.025,16674952,7340032,1,true,full
UC4,std,DB1,512,16,setup,232.512,68465888,0,0,false,full
UC4,std,DB1,512,16,precomp,0.000,0,0,0,false,full
UC4,std,DB1,512,16,encrypt,12.444,7139128,0,0,false,full
UC4,std,DB1,512,16,eval,280.436,54298744,0,0,false,full
UC4,std,DB1,512,16,decrypt,7.556,6305944,4194304,1,true,full
UC4,label_compact,DB1,512,16,setup,211.780,70571952,0,0,false,full
UC4,label_compact,DB1,512,16,precomp,0.000,0,0,0,false,full
UC4,label_compact,DB1,512,16,encrypt,14.515,12598368,0,0,false,full
UC4,label_compact,DB1,512,16,eval,262.271,44514328,0,0,false,full
UC4,label_compact,DB1,512,16,decrypt,19.221,16675400,7340032,1,true,full
UC4,label_compact_max,DB1,512,16,setup,211.545,70572096,0,0,false,full
UC4,label_compact_max,DB1,512,16,precomp,0.000,0,0,0,false,full
UC4,label_compact_max,DB1,512,16,encrypt,15.407,12598592,0,0,false,full
UC4,label_compact_max,DB1,512,16,eval,398.205,26772232,0,0,false,full
UC4,label_compact_max,DB1,512,16,decrypt,22.130,19297752,10485760,1,true,full
UC4,label_compact_mb,DB1,512,16,setup,214.951,70571920,0,0,false,full
UC4,label_compact_mb,DB1,512,16,precomp,0.000,0,0,0,false,full
UC4,label_compact_mb,DB1,512,16,encrypt,15.263,11967376,0,0,false,full
UC4,label_compact_mb,DB1,512,16,eval,260.019,65274672,0,0,false,full
UC4,label_compact_mb,DB1,512,16,decrypt,21.098,16675736,7340032,1,true,full
UC4,std,DB1,512,17,setup,243.338,70571824,0,0,false,full
UC4,std,DB1,512,17,precomp,0.000,0,0,0,false,full
UC4,std,DB1,512,17,encrypt,12.898,7139128,0,0,false,full
UC4,std,DB1,512,17,eval,287.391,53244984,0,0,false,full
UC4,std,DB1,512,17,decrypt,9.338,6309192,4194304,1,true,full
UC4,label_compact,DB1,512,17,setup,213.158,70571952,0,0,false,full
UC4,label_compact,DB1,512,17,precomp,0.000,0,0,0,false,full
UC4,label_compact,DB1,512,17,encrypt,15.077,12598768,0,0,false,full
UC4,label_compact,DB1,512,17,eval,261.623,65273920,0,0,false,full
UC4,label_compact,DB1,512,17,decrypt,21.955,-1570464,7340032,1,true,full
UC4,label_compact_max,DB1,512,17,setup,222.176,56387472,0,0,false,full
UC4,label_compact_max,DB1,512,17,precomp,0.000,0,0,0,false,full
UC4,label_compact_max,DB1,512,17,encrypt,16.350,12598544,0,0,false,full
UC4,label_compact_max,DB1,512,17,eval,400.060,26771592,0,0,false,full
UC4,label_compact_max,DB1,512,17,decrypt,26.035,-1832832,10485760,1,true,full
UC4,label_compact_mb,DB1,512,17,setup,214.123,51267608,0,0,false,full
UC4,label_compact_mb,DB1,512,17,precomp,0.000,0,0,0,false,full
UC4,label_compact_mb,DB1,512,17,encrypt,17.177,11967744,0,0,false,full
UC4,label_compact_mb,DB1,512,17,eval,262.292,24150312,0,0,false,full
UC4,label_compact_mb,DB1,512,17,decrypt,17.726,16676296,7340032,1,true,full
UC4,std,DB1,512,18,setup,249.950,54810480,0,0,false,full
UC4,std,DB1,512,18,precomp,0.000,0,0,0,false,full
UC4,std,DB1,512,18,encrypt,14.163,7139128,0,0,false,full
UC4,std,DB1,512,18,eval,281.941,54298568,0,0,false,full
UC4,std,DB1,512,18,decrypt,10.003,6306136,4194304,1,true,full
UC4,label_compact,DB1,512,18,setup,215.323,70571952,0,0,false,full
UC4,label_compact,DB1,512,18,precomp,0.000,0,0,0,false,full
UC4,label_compact,DB1,512,18,encrypt,14.922,12598384,0,0,false,full
UC4,label_compact,DB1,512,18,eval,263.635,64849128,0,0,false,full
UC4,label_compact,DB1,512,18,decrypt,20.671,6572096,7340032,1,true,full
UC4,label_compact_max,DB1,512,18,setup,213.432,60066256,0,0,false,full
UC4,label_compact_max,DB1,512,18,precomp,0.000,0,0,0,false,full
UC4,label_compact_max,DB1,512,18,encrypt,15.827,12598544,0,0,false,full
UC4,label_compact_max,DB1,512,18,eval,398.949,26772392,0,0,false,full
UC4,label_compact_max,DB1,512,18,decrypt,25.174,-1832496,10485760,1,true,full
UC4,label_compact_mb,DB1,512,18,setup,207.996,70571920,0,0,false,full
UC4,label_compact_mb,DB1,512,18,precomp,0.001,0,0,0,false,full
UC4,label_compact_mb,DB1,512,18,encrypt,14.209,11968288,0,0,false,full
UC4,label_compact_mb,DB1,512,18,eval,260.064,65274336,0,0,false,full
UC4,label_compact_mb,DB1,512,18,decrypt,19.559,-1570688,7340032,1,true,full
UC4,std,DB1,512,19,setup,237.342,70039600,0,0,false,full
UC4,std,DB1,512,19,precomp,0.001,0,0,0,false,full
UC4,std,DB1,512,19,encrypt,13.064,7139128,0,0,false,full
UC4,std,DB1,512,19,eval,281.900,52191624,0,0,false,full
UC4,std,DB1,512,19,decrypt,8.603,6306136,4194304,1,true,full
UC4,label_compact,DB1,512,19,setup,213.302,70572176,0,0,false,full
UC4,label_compact,DB1,512,19,precomp,0.000,0,0,0,false,full
UC4,label_compact,DB1,512,19,encrypt,15.104,12598704,0,0,false,full
UC4,label_compact,DB1,512,19,eval,256.706,85637584,0,0,false,full
UC4,label_compact,DB1,512,19,decrypt,20.088,4733296,7340032,1,true,full
UC4,label_compact_max,DB1,512,19,setup,210.211,70571984,0,0,false,full
UC4,label_compact_max,DB1,512,19,precomp,0.000,0,0,0,false,full
UC4,label_compact_max,DB1,512,19,encrypt,16.425,12598336,0,0,false,full
UC4,label_compact_max,DB1,512,19,eval,397.616,68938896,0,0,false,full
UC4,label_compact_max,DB1,512,19,decrypt,21.648,19297640,10485760,1,true,full
UC4,label_compact_mb,DB1,512,19,setup,214.610,51398568,0,0,false,full
UC4,label_compact_mb,DB1,512,19,precomp,0.000,0,0,0,false,full
UC4,label_compact_mb,DB1,512,19,encrypt,15.368,11968752,0,0,false,full
UC4,label_compact_mb,DB1,512,19,eval,255.412,65273568,0,0,false,full
UC4,label_compact_mb,DB1,512,19,decrypt,18.514,16675512,7340032,1,true,full
UC4,std,DB1,512,20,setup,241.244,68465664,0,0,false,full
UC4,std,DB1,512,20,precomp,0.000,0,0,0,false,full
UC4,std,DB1,512,20,encrypt,13.746,7139128,0,0,false,full
UC4,std,DB1,512,20,eval,282.858,52191624,0,0,false,full
UC4,std,DB1,512,20,decrypt,11.193,-2226432,4194304,1,true,full
UC4,label_compact,DB1,512,20,setup,213.017,51134688,0,0,false,full
UC4,label_compact,DB1,512,20,precomp,0.000,0,0,0,false,full
UC4,label_compact,DB1,512,20,encrypt,17.282,12598368,0,0,false,full
UC4,label_compact,DB1,512,20,eval,261.166,44513448,0,0,false,full
UC4,label_compact,DB1,512,20,decrypt,19.119,-253416,7340032,1,true,full
UC4,label_compact_max,DB1,512,20,setup,213.311,61639968,0,0,false,full
UC4,label_compact_max,DB1,512,20,precomp,0.000,0,0,0,false,full
UC4,label_compact_max,DB1,512,20,encrypt,17.965,12598288,0,0,false,full
UC4,label_compact_max,DB1,512,20,eval,403.792,26771576,0,0,false,full
UC4,label_compact_max,DB1,512,20,decrypt,23.979,5258624,10485760,1,true,full
UC4,label_compact_mb,DB1,512,20,setup,215.824,51399272,0,0,false,full
UC4,label_compact_mb,DB1,512,20,precomp,0.000,0,0,0,false,full
UC4,label_compact_mb,DB1,512,20,encrypt,17.179,11969024,0,0,false,full
UC4,label_compact_mb,DB1,512,20,eval,262.446,65273744,0,0,false,full
UC4,label_compact_mb,DB1,512,20,decrypt,20.680,-1570688,7340032,1,true,full
UC4,std,DB2,100000,1,setup,246.693,54281040,0,0,false,full
UC4,std,DB2,100000,1,precomp,0.000,0,0,0,false,full
UC4,std,DB2,100000,1,encrypt,93.374,26251768,0,0,false,full
UC4,std,DB2,100000,1,eval,1908.496,38767000,0,0,false,full
UC4,std,DB2,100000,1,decrypt,7.980,4860344,4194304,1,true,full
UC4,label_compact,DB2,100000,1,setup,213.545,56387280,0,0,false,full
UC4,label_compact,DB2,100000,1,precomp,0.000,0,0,0,false,full
UC4,label_compact,DB2,100000,1,encrypt,110.767,50931912,0,0,false,full
UC4,label_compact,DB2,100000,1,eval,1723.041,104520768,0,0,false,full
UC4,label_compact,DB2,100000,1,decrypt,110.159,34403296,45088768,1,true,full
UC4,label_compact_max,DB2,100000,1,setup,211.058,66893040,0,0,false,full
UC4,label_compact_max,DB2,100000,1,precomp,0.000,0,0,0,false,full
UC4,label_compact_max,DB2,100000,1,encrypt,114.150,50932088,0,0,false,full
UC4,label_compact_max,DB2,100000,1,eval,2654.723,51947352,0,0,false,full
UC4,label_compact_max,DB2,100000,1,decrypt,128.820,34132952,60817408,1,true,full
UC4,label_compact_mb,DB2,100000,1,setup,211.359,61640176,0,0,false,full
UC4,label_compact_mb,DB2,100000,1,precomp,0.000,0,0,0,false,full
UC4,label_compact_mb,DB2,100000,1,encrypt,115.947,49507640,0,0,false,full
UC4,label_compact_mb,DB2,100000,1,eval,1729.783,117918200,0,0,false,full
UC4,label_compact_mb,DB2,100000,1,decrypt,111.032,-19135592,45088768,1,true,full
UC4,std,DB2,100000,2,setup,247.295,54281376,0,0,false,full
UC4,std,DB2,100000,2,precomp,0.000,0,0,0,false,full
UC4,std,DB2,100000,2,encrypt,93.654,26251768,0,0,false,full
UC4,std,DB2,100000,2,eval,1921.181,38766904,0,0,false,full
UC4,std,DB2,100000,2,decrypt,7.966,4860344,4194304,1,true,full
UC4,label_compact,DB2,100000,2,setup,215.036,51134688,0,0,false,full
UC4,label_compact,DB2,100000,2,precomp,0.000,0,0,0,false,full
UC4,label_compact,DB2,100000,2,encrypt,113.354,50931976,0,0,false,full
UC4,label_compact,DB2,100000,2,eval,1740.906,125268552,0,0,false,full
UC4,label_compact,DB2,100000,2,decrypt,111.640,16679560,45088768,1,true,full
UC4,label_compact_max,DB2,100000,2,setup,216.838,51134608,0,0,false,full
UC4,label_compact_max,DB2,100000,2,precomp,0.000,0,0,0,false,full
UC4,label_compact_max,DB2,100000,2,encrypt,113.606,50932008,0,0,false,full
UC4,label_compact_max,DB2,100000,2,eval,2644.440,73359160,0,0,false,full
UC4,label_compact_max,DB2,100000,2,decrypt,125.264,22450688,60817408,1,true,full
UC4,label_compact_mb,DB2,100000,2,setup,211.402,56919536,0,0,false,full
UC4,label_compact_mb,DB2,100000,2,precomp,0.000,0,0,0,false,full
UC4,label_compact_mb,DB2,100000,2,encrypt,112.895,49518424,0,0,false,full
UC4,label_compact_mb,DB2,100000,2,eval,1750.147,104520320,0,0,false,full
UC4,label_compact_mb,DB2,100000,2,decrypt,109.402,-17560144,45088768,1,true,full
UC4,std,DB2,100000,3,setup,248.456,54545288,0,0,false,full
UC4,std,DB2,100000,3,precomp,0.000,0,0,0,false,full
UC4,std,DB2,100000,3,encrypt,94.287,26251768,0,0,false,full
UC4,std,DB2,100000,3,eval,1930.311,38766888,0,0,false,full
UC4,std,DB2,100000,3,decrypt,8.503,4860344,4194304,1,true,full
UC4,label_compact,DB2,100000,3,setup,208.885,56919408,0,0,false,full
UC4,label_compact,DB2,100000,3,precomp,0.000,0,0,0,false,full
UC4,label_compact,DB2,100000,3,encrypt,111.995,50931784,0,0,false,full
UC4,label_compact,DB2,100000,3,eval,1729.876,84144640,0,0,false,full
UC4,label_compact,DB2,100000,3,decrypt,108.162,-19135688,45088768,1,true,full
UC4,label_compact_max,DB2,100000,3,setup,211.001,56915840,0,0,false,full
UC4,label_compact_max,DB2,100000,3,precomp,0.000,0,0,0,false,full
UC4,label_compact_max,DB2,100000,3,encrypt,113.950,50931896,0,0,false,full
UC4,label_compact_max,DB2,100000,3,eval,2632.755,51947240,0,0,false,full
UC4,label_compact_max,DB2,100000,3,decrypt,127.174,37285776,60817408,1,true,full
UC4,label_compact_mb,DB2,100000,3,setup,214.953,51662976,0,0,false,full
UC4,label_compact_mb,DB2,100000,3,precomp,0.000,0,0,0,false,full
UC4,label_compact_mb,DB2,100000,3,encrypt,119.723,49513400,0,0,false,full
UC4,label_compact_mb,DB2,100000,3,eval,1728.139,43033272,0,0,false,full
UC4,label_compact_mb,DB2,100000,3,decrypt,107.615,-20449376,45088768,1,true,full
UC4,std,DB2,100000,4,setup,244.917,75292720,0,0,false,full
UC4,std,DB2,100000,4,precomp,0.000,0,0,0,false,full
UC4,std,DB2,100000,4,encrypt,91.142,26251768,0,0,false,full
UC4,std,DB2,100000,4,eval,1918.844,38766888,0,0,false,full
UC4,std,DB2,100000,4,decrypt,8.732,4860344,4194304,1,true,full
UC4,label_compact,DB2,100000,4,setup,204.350,51134416,0,0,false,full
UC4,label_compact,DB2,100000,4,precomp,0.000,0,0,0,false,full
UC4,label_compact,DB2,100000,4,encrypt,115.446,50931864,0,0,false,full
UC4,label_compact,DB2,100000,4,eval,1730.935,84144640,0,0,false,full
UC4,label_compact,DB2,100000,4,decrypt,110.630,-19135704,45088768,1,true,full
UC4,label_compact_max,DB2,100000,4,setup,209.569,56784576,0,0,false,full
UC4,label_compact_max,DB2,100000,4,precomp,0.000,0,0,0,false,full
UC4,label_compact_max,DB2,100000,4,encrypt,113.285,50931944,0,0,false,full
UC4,label_compact_max,DB2,100000,4,eval,2648.909,73359256,0,0,false,full
UC4,label_compact_max,DB2,100000,4,decrypt,131.080,-27008384,60817408,1,true,full
UC4,label_compact_mb,DB2,100000,4,setup,210.974,56919424,0,0,false,full
UC4,label_compact_mb,DB2,100000,4,precomp,0.000,0,0,0,false,full
UC4,label_compact_mb,DB2,100000,4,encrypt,117.112,49510184,0,0,false,full
UC4,label_compact_mb,DB2,100000,4,eval,1728.576,117911256,0,0,false,full
UC4,label_compact_mb,DB2,100000,4,decrypt,107.059,13524832,45088768,1,true,full
UC4,std,DB2,100000,5,setup,243.007,70571936,0,0,false,full
UC4,std,DB2,100000,5,precomp,0.000,0,0,0,false,full
UC4,std,DB2,100000,5,encrypt,95.189,26251768,0,0,false,full
UC4,std,DB2,100000,5,eval,1920.703,38766888,0,0,false,full
UC4,std,DB2,100000,5,decrypt,8.272,4860344,4194304,1,true,full
UC4,label_compact,DB2,100000,5,setup,208.854,56919408,0,0,false,full
UC4,label_compact,DB2,100000,5,precomp,0.000,0,0,0,false,full
UC4,label_compact,DB2,100000,5,encrypt,112.698,50931976,0,0,false,full
UC4,label_compact,DB2,100000,5,eval,1726.830,92268480,0,0,false,full
UC4,label_compact,DB2,100000,5,decrypt,110.350,13261840,45088768,1,true,full
UC4,label_compact_max,DB2,100000,5,setup,212.249,56784576,0,0,false,full
UC4,label_compact_max,DB2,100000,5,precomp,0.000,0,0,0,false,full
UC4,label_compact_max,DB2,100000,5,encrypt,113.728,50932552,0,0,false,full
UC4,label_compact_max,DB2,100000,5,eval,2643.312,136284712,0,0,false,full
UC4,label_compact_max,DB2,100000,5,decrypt,126.336,37286000,60817408,1,true,full
UC4,label_compact_mb,DB2,100000,5,setup,213.616,67425264,0,0,false,full
UC4,label_compact_mb,DB2,100000,5,precomp,0.001,0,0,0,false,full
UC4,label_compact_mb,DB2,100000,5,encrypt,118.152,49513464,0,0,false,full
UC4,label_compact_mb,DB2,100000,5,eval,1740.607,63397176,0,0,false,full
UC4,label_compact_mb,DB2,100000,5,decrypt,107.430,32565392,45088768,1,true,full
UC4,std,DB2,100000,6,setup,251.193,54281488,0,0,false,full
UC4,std,DB2,100000,6,precomp,0.000,0,0,0,false,full
UC4,std,DB2,100000,6,encrypt,93.324,26251768,0,0,false,full
UC4,std,DB2,100000,6,eval,1912.624,38767112,0,0,false,full
UC4,std,DB2,100000,6,decrypt,7.651,4860344,4194304,1,true,full
UC4,label_compact,DB2,100000,6,setup,213.419,51134688,0,0,false,full
UC4,label_compact,DB2,100000,6,precomp,0.000,0,0,0,false,full
UC4,label_compact,DB2,100000,6,encrypt,112.999,50932184,0,0,false,full
UC4,label_compact,DB2,100000,6,eval,1726.344,84156736,0,0,false,full
UC4,label_compact,DB2,100000,6,decrypt,106.385,-19135592,45088768,1,true,full
UC4,label_compact_max,DB2,100000,6,setup,215.626,56915776,0,0,false,full
UC4,label_compact_max,DB2,100000,6,precomp,0.000,0,0,0,false,full
UC4,label_compact_max,DB2,100000,6,encrypt,113.233,50931848,0,0,false,full
UC4,label_compact_max,DB2,100000,6,eval,2646.735,73359608,0,0,false,full
UC4,label_compact_max,DB2,100000,6,decrypt,128.826,40962224,60817408,1,true,full
UC4,label_compact_mb,DB2,100000,6,setup,211.077,56784576,0,0,false,full
UC4,label_compact_mb,DB2,100000,6,precomp,0.000,0,0,0,false,full
UC4,label_compact_mb,DB2,100000,6,encrypt,118.376,49508568,0,0,false,full
UC4,label_compact_mb,DB2,100000,6,eval,1712.772,44886840,0,0,false,full
UC4,label_compact_mb,DB2,100000,6,decrypt,105.994,-19135704,45088768,1,true,full
UC4,std,DB2,100000,7,setup,242.328,54281264,0,0,false,full
UC4,std,DB2,100000,7,precomp,0.000,0,0,0,false,full
UC4,std,DB2,100000,7,encrypt,94.978,26251768,0,0,false,full
UC4,std,DB2,100000,7,eval,1907.931,38766888,0,0,false,full
UC4,std,DB2,100000,7,decrypt,9.915,4860344,4194304,1,true,full
UC4,label_compact,DB2,100000,7,setup,206.468,51399464,0,0,false,full
UC4,label_compact,DB2,100000,7,precomp,0.000,0,0,0,false,full
UC4,label_compact,DB2,100000,7,encrypt,112.792,50931576,0,0,false,full
UC4,label_compact,DB2,100000,7,eval,1742.368,84140976,0,0,false,full
UC4,label_compact,DB2,100000,7,decrypt,105.917,21141896,45088768,1,true,full
UC4,label_compact_max,DB2,100000,7,setup,210.308,70571984,0,0,false,full
UC4,label_compact_max,DB2,100000,7,precomp,0.000,0,0,0,false,full
UC4,label_compact_max,DB2,100000,7,encrypt,113.343,50931976,0,0,false,full
UC4,label_compact_max,DB2,100000,7,eval,2638.513,51947128,0,0,false,full
UC4,label_compact_max,DB2,100000,7,decrypt,126.714,26127248,60817408,1,true,full
UC4,label_compact_mb,DB2,100000,7,setup,209.766,62172400,0,0,false,full
UC4,label_compact_mb,DB2,100000,7,precomp,0.000,0,0,0,false,full
UC4,label_compact_mb,DB2,100000,7,encrypt,118.437,49517160,0,0,false,full
UC4,label_compact_mb,DB2,100000,7,eval,1741.587,63395752,0,0,false,full
UC4,label_compact_mb,DB2,100000,7,decrypt,103.619,-14148880,45088768,1,true,full
UC4,std,DB2,100000,8,setup,242.979,54545384,0,0,false,full
UC4,std,DB2,100000,8,precomp,0.000,0,0,0,false,full
UC4,std,DB2,100000,8,encrypt,96.185,26251768,0,0,false,full
UC4,std,DB2,100000,8,eval,1933.055,38766888,0,0,false,full
UC4,std,DB2,100000,8,decrypt,8.939,4860344,4194304,1,true,full
UC4,label_compact,DB2,100000,8,setup,213.927,67425136,0,0,false,full
UC4,label_compact,DB2,100000,8,precomp,0.001,0,0,0,false,full
UC4,label_compact,DB2,100000,8,encrypt,113.716,50932184,0,0,false,full
UC4,label_compact,DB2,100000,8,eval,1741.746,104520640,0,0,false,full
UC4,label_compact,DB2,100000,8,decrypt,108.017,34141056,45088768,1,true,full
UC4,label_compact_max,DB2,100000,8,setup,208.484,60066144,0,0,false,full
UC4,label_compact_max,DB2,100000,8,precomp,0.000,0,0,0,false,full
UC4,label_compact_max,DB2,100000,8,encrypt,113.696,50931944,0,0,false,full
UC4,label_compact_max,DB2,100000,8,eval,2630.377,94122096,0,0,false,full
UC4,label_compact_max,DB2,100000,8,decrypt,123.469,24288968,60817408,1,true,full
UC4,label_compact_mb,DB2,100000,8,setup,214.351,70572304,0,0,false,full
UC4,label_compact_mb,DB2,100000,8,precomp,0.000,0,0,0,false,full
UC4,label_compact_mb,DB2,100000,8,encrypt,117.843,49507960,0,0,false,full
UC4,label_compact_mb,DB2,100000,8,eval,1732.616,63388792,0,0,false,full
UC4,label_compact_mb,DB2,100000,8,decrypt,108.019,34403448,45088768,1,true,full
UC4,std,DB2,100000,9,setup,241.737,54281104,0,0,false,full
UC4,std,DB2,100000,9,precomp,0.000,0,0,0,false,full
UC4,std,DB2,100000,9,encrypt,94.347,26251768,0,0,false,full
UC4,std,DB2,100000,9,eval,1909.296,38766888,0,0,false,full
UC4,std,DB2,100000,9,decrypt,8.752,4860456,4194304,1,true,full
UC4,label_compact,DB2,100000,9,setup,209.689,56784656,0,0,false,full
UC4,label_compact,DB2,100000,9,precomp,0.000,0,0,0,false,full
UC4,label_compact,DB2,100000,9,encrypt,111.761,50932280,0,0,false,full
UC4,label_compact,DB2,100000,9,eval,1722.682,63396296,0,0,false,full
UC4,label_compact,DB2,100000,9,decrypt,109.739,-14148880,45088768,1,true,full
UC4,label_compact_max,DB2,100000,9,setup,211.615,56919440,0,0,false,full
UC4,label_compact_max,DB2,100000,9,precomp,0.000,0,0,0,false,full
UC4,label_compact_max,DB2,100000,9,encrypt,113.610,50931848,0,0,false,full
UC4,label_compact_max,DB2,100000,9,eval,2642.181,73359480,0,0,false,full
UC4,label_compact_max,DB2,100000,9,decrypt,127.849,34133400,60817408,1,true,full
UC4,label_compact_mb,DB2,100000,9,setup,212.268,56919536,0,0,false,full
UC4,label_compact_mb,DB2,100000,9,precomp,0.000,0,0,0,false,full
UC4,label_compact_mb,DB2,100000,9,encrypt,118.095,49512344,0,0,false,full
UC4,label_compact_mb,DB2,100000,9,eval,1716.140,145644440,0,0,false,full
UC4,label_compact_mb,DB2,100000,9,decrypt,107.080,-19135704,45088768,1,true,full
UC4,std,DB2,100000,10,setup,240.956,54813232,0,0,false,full
UC4,std,DB2,100000,10,precomp,0.000,0,0,0,false,full
UC4,std,DB2,100000,10,encrypt,98.055,26251768,0,0,false,full
UC4,std,DB2,100000,10,eval,1928.565,38766888,0,0,false,full
UC4,std,DB2,100000,10,decrypt,7.706,4860344,4194304,1,true,full
UC4,label_compact,DB2,100000,10,setup,209.968,72146032,0,0,false,full
UC4,label_compact,DB2,100000,10,precomp,0.000,0,0,0,false,full
UC4,label_compact,DB2,100000,10,encrypt,112.335,50931896,0,0,false,full
UC4,label_compact,DB2,100000,10,eval,1729.386,104520752,0,0,false,full
UC4,label_compact,DB2,100000,10,decrypt,108.664,19303840,45088768,1,true,full
UC4,label_compact_max,DB2,100000,10,setup,213.362,67026040,0,0,false,full
UC4,label_compact_max,DB2,100000,10,precomp,0.000,0,0,0,false,full
UC4,label_compact_max,DB2,100000,10,encrypt,112.711,50932168,0,0,false,full
UC4,label_compact_max,DB2,100000,10,eval,2650.651,115534272,0,0,false,full
UC4,label_compact_max,DB2,100000,10,decrypt,127.377,19302248,60817408,1,true,full
UC4,label_compact_mb,DB2,100000,10,setup,208.138,61640016,0,0,false,full
UC4,label_compact_mb,DB2,100000,10,precomp,0.000,0,0,0,false,full
UC4,label_compact_mb,DB2,100000,10,encrypt,116.378,49511160,0,0,false,full
UC4,label_compact_mb,DB2,100000,10,eval,1737.213,104519984,0,0,false,full
UC4,label_compact_mb,DB2,100000,10,decrypt,109.725,-17560144,45088768,1,true,full
UC4,std,DB2,100000,11,setup,235.581,73718528,0,0,false,full
UC4,std,DB2,100000,11,precomp,0.000,0,0,0,false,full
UC4,std,DB2,100000,11,encrypt,94.276,26251768,0,0,false,full
UC4,std,DB2,100000,11,eval,1917.689,38767000,0,0,false,full
UC4,std,DB2,100000,11,decrypt,8.652,4860344,4194304,1,true,full
UC4,label_compact,DB2,100000,11,setup,217.368,72411032,0,0,false,full
UC4,label_compact,DB2,100000,11,precomp,0.000,0,0,0,false,full
UC4,label_compact,DB2,100000,11,encrypt,116.927,50932216,0,0,false,full
UC4,label_compact,DB2,100000,11,eval,1729.989,76003024,0,0,false,full
UC4,label_compact,DB2,100000,11,decrypt,109.055,-17560144,45088768,1,true,full
UC4,label_compact_max,DB2,100000,11,setup,209.331,66893200,0,0,false,full
UC4,label_compact_max,DB2,100000,11,precomp,0.000,0,0,0,false,full
UC4,label_compact_max,DB2,100000,11,encrypt,113.654,50932136,0,0,false,full
UC4,label_compact_max,DB2,100000,11,eval,2653.574,96499624,0,0,false,full
UC4,label_compact_max,DB2,100000,11,decrypt,123.758,19302136,60817408,1,true,full
UC4,label_compact_mb,DB2,100000,11,setup,216.856,72145632,0,0,false,full
UC4,label_compact_mb,DB2,100000,11,precomp,0.000,0,0,0,false,full
UC4,label_compact_mb,DB2,100000,11,encrypt,118.657,49509992,0,0,false,full
UC4,label_compact_mb,DB2,100000,11,eval,1716.624,125280312,0,0,false,full
UC4,label_compact_mb,DB2,100000,11,decrypt,111.960,21141856,45088768,1,true,full
UC4,std,DB2,100000,12,setup,245.142,64787216,0,0,false,full
UC4,std,DB2,100000,12,precomp,0.000,0,0,0,false,full
UC4,std,DB2,100000,12,encrypt,94.685,26251768,0,0,false,full
UC4,std,DB2,100000,12,eval,1917.935,38766904,0,0,false,full
UC4,std,DB2,100000,12,decrypt,9.356,4860344,4194304,1,true,full
UC4,label_compact,DB2,100000,12,setup,214.739,72146256,0,0,false,full
UC4,label_compact,DB2,100000,12,precomp,0.000,0,0,0,false,full
UC4,label_compact,DB2,100000,12,encrypt,108.911,50932024,0,0,false,full
UC4,label_compact,DB2,100000,12,eval,1730.175,104520320,0,0,false,full
UC4,label_compact,DB2,100000,12,decrypt,107.661,-17567088,45088768,1,true,full
UC4,label_compact_max,DB2,100000,12,setup,209.751,56919552,0,0,false,full
UC4,label_compact_max,DB2,100000,12,precomp,0.000,0,0,0,false,full
UC4,label_compact_max,DB2,100000,12,encrypt,114.861,50931816,0,0,false,full
UC4,label_compact_max,DB2,100000,12,eval,2683.754,115534704,0,0,false,full
UC4,label_compact_max,DB2,100000,12,decrypt,126.006,17198072,60817408,1,true,full
UC4,label_compact_mb,DB2,100000,12,setup,210.468,56784512,0,0,false,full
UC4,label_compact_mb,DB2,100000,12,precomp,0.000,0,0,0,false,full
UC4,label_compact_mb,DB2,100000,12,encrypt,116.865,49511528,0,0,false,full
UC4,label_compact_mb,DB2,100000,12,eval,1682.148,104519984,0,0,false,full
UC4,label_compact_mb,DB2,100000,12,decrypt,104.167,19303952,45088768,1,true,full
UC4,std,DB2,100000,13,setup,230.053,70303880,0,0,false,full
UC4,std,DB2,100000,13,precomp,0.000,0,0,0,false,full
UC4,std,DB2,100000,13,encrypt,91.233,26251768,0,0,false,full
UC4,std,DB2,100000,13,eval,1854.534,38766888,0,0,false,full
UC4,std,DB2,100000,13,decrypt,8.179,4860344,4194304,1,true,full
UC4,label_compact,DB2,100000,13,setup,205.531,51134752,0,0,false,full
UC4,label_compact,DB2,100000,13,precomp,0.001,0,0,0,false,full
UC4,label_compact,DB2,100000,13,encrypt,111.259,50932056,0,0,false,full
UC4,label_compact,DB2,100000,13,eval,1681.978,125268152,0,0,false,full
UC4,label_compact,DB2,100000,13,decrypt,106.536,29937512,45088768,1,true,full
UC4,label_compact_max,DB2,100000,13,setup,202.168,56915648,0,0,false,full
UC4,label_compact_max,DB2,100000,13,precomp,0.000,0,0,0,false,full
UC4,label_compact_max,DB2,100000,13,encrypt,107.474,50931272,0,0,false,full
UC4,label_compact_max,DB2,100000,13,eval,2582.359,115533936,0,0,false,full
UC4,label_compact_max,DB2,100000,13,decrypt,119.858,24289304,60817408,1,true,full
UC4,label_compact_mb,DB2,100000,13,setup,206.986,56919376,0,0,false,full
UC4,label_compact_mb,DB2,100000,13,precomp,0.000,0,0,0,false,full
UC4,label_compact_mb,DB2,100000,13,encrypt,111.980,49510152,0,0,false,full
UC4,label_compact_mb,DB2,100000,13,eval,1657.535,84156192,0,0,false,full
UC4,label_compact_mb,DB2,100000,13,decrypt,108.709,22718008,45088768,1,true,full
UC4,std,DB2,100000,14,setup,234.027,63213024,0,0,false,full
UC4,std,DB2,100000,14,precomp,0.000,0,0,0,false,full
UC4,std,DB2,100000,14,encrypt,88.533,26251768,0,0,false,full
UC4,std,DB2,100000,14,eval,1853.536,38766888,0,0,false,full
UC4,std,DB2,100000,14,decrypt,8.059,4860344,4194304,1,true,full
UC4,label_compact,DB2,100000,14,setup,200.774,51134688,0,0,false,full
UC4,label_compact,DB2,100000,14,precomp,0.000,0,0,0,false,full
UC4,label_compact,DB2,100000,14,encrypt,114.446,50932120,0,0,false,full
UC4,label_compact,DB2,100000,14,eval,1678.645,43032632,0,0,false,full
UC4,label_compact,DB2,100000,14,decrypt,101.208,21141856,45088768,1,true,full
UC4,label_compact_max,DB2,100000,14,setup,206.263,56387472,0,0,false,full
UC4,label_compact_max,DB2,100000,14,precomp,0.000,0,0,0,false,full
UC4,label_compact_max,DB2,100000,14,encrypt,112.345,50931640,0,0,false,full
UC4,label_compact_max,DB2,100000,14,eval,2578.645,73359800,0,0,false,full
UC4,label_compact_max,DB2,100000,14,decrypt,120.866,26127360,60817408,1,true,full
UC4,label_compact_mb,DB2,100000,14,setup,215.961,51134384,0,0,false,full
UC4,label_compact_mb,DB2,100000,14,precomp,0.000,0,0,0,false,full
UC4,label_compact_mb,DB2,100000,14,encrypt,113.824,49510184,0,0,false,full
UC4,label_compact_mb,DB2,100000,14,eval,1686.304,104520096,0,0,false,full
UC4,label_compact_mb,DB2,100000,14,decrypt,103.151,21142008,45088768,1,true,full
UC4,std,DB2,100000,15,setup,235.314,59798712,0,0,false,full
UC4,std,DB2,100000,15,precomp,0.000,0,0,0,false,full
UC4,std,DB2,100000,15,encrypt,89.768,26251768,0,0,false,full
UC4,std,DB2,100000,15,eval,1865.452,38766888,0,0,false,full
UC4,std,DB2,100000,15,decrypt,7.914,4860344,4194304,1,true,full
UC4,label_compact,DB2,100000,15,setup,199.941,72146144,0,0,false,full
UC4,label_compact,DB2,100000,15,precomp,0.000,0,0,0,false,full
UC4,label_compact,DB2,100000,15,encrypt,111.783,50932568,0,0,false,full
UC4,label_compact,DB2,100000,15,eval,1680.397,84144416,0,0,false,full
UC4,label_compact,DB2,100000,15,decrypt,101.311,16675848,45088768,1,true,full
UC4,label_compact_max,DB2,100000,15,setup,201.903,60066368,0,0,false,full
UC4,label_compact_max,DB2,100000,15,precomp,0.000,0,0,0,false,full
UC4,label_compact_max,DB2,100000,15,encrypt,112.204,50931960,0,0,false,full
UC4,label_compact_max,DB2,100000,15,eval,2563.716,94121920,0,0,false,full
UC4,label_compact_max,DB2,100000,15,decrypt,129.205,19298424,60817408,1,true,full
UC4,label_compact_mb,DB2,100000,15,setup,202.641,61640112,0,0,false,full
UC4,label_compact_mb,DB2,100000,15,precomp,0.000,0,0,0,false,full
UC4,label_compact_mb,DB2,100000,15,encrypt,114.851,49511096,0,0,false,full
UC4,label_compact_mb,DB2,100000,15,eval,1672.142,145644568,0,0,false,full
UC4,label_compact_mb,DB2,100000,15,decrypt,102.454,-14411232,45088768,1,true,full
UC4,std,DB2,100000,16,setup,232.161,70039088,0,0,false,full
UC4,std,DB2,100000,16,precomp,0.000,0,0,0,false,full
UC4,std,DB2,100000,16,encrypt,89.734,26251768,0,0,false,full
UC4,std,DB2,100000,16,eval,1855.322,40873832,0,0,false,full
UC4,std,DB2,100000,16,decrypt,7.907,4860344,4194304,1,true,full
UC4,label_compact,DB2,100000,16,setup,206.910,51398680,0,0,false,full
UC4,label_compact,DB2,100000,16,precomp,0.001,0,0,0,false,full
UC4,label_compact,DB2,100000,16,encrypt,106.606,50931352,0,0,false,full
UC4,label_compact,DB2,100000,16,eval,1682.491,63396184,0,0,false,full
UC4,label_compact,DB2,100000,16,decrypt,107.964,16675960,45088768,1,true,full
UC4,label_compact_max,DB2,100000,16,setup,197.826,56919552,0,0,false,full
UC4,label_compact_max,DB2,100000,16,precomp,0.000,0,0,0,false,full
UC4,label_compact_max,DB2,100000,16,encrypt,111.565,50932008,0,0,false,full
UC4,label_compact_max,DB2,100000,16,eval,2563.891,94121264,0,0,false,full
UC4,label_compact_max,DB2,100000,16,decrypt,124.447,37285664,60817408,1,true,full
UC4,label_compact_mb,DB2,100000,16,setup,202.542,66893248,0,0,false,full
UC4,label_compact_mb,DB2,100000,16,precomp,0.000,0,0,0,false,full
UC4,label_compact_mb,DB2,100000,16,encrypt,113.254,49518536,0,0,false,full
UC4,label_compact_mb,DB2,100000,16,eval,1681.865,63396424,0,0,false,full
UC4,label_compact_mb,DB2,100000,16,decrypt,106.012,16676296,45088768,1,true,full
UC4,std,DB2,100000,17,setup,231.165,70572048,0,0,false,full
UC4,std,DB2,100000,17,precomp,0.000,0,0,0,false,full
UC4,std,DB2,100000,17,encrypt,90.756,26251768,0,0,false,full
UC4,std,DB2,100000,17,eval,1855.403,38766952,0,0,false,full
UC4,std,DB2,100000,17,decrypt,7.546,4860344,4194304,1,true,full
UC4,label_compact,DB2,100000,17,setup,205.167,72146000,0,0,false,full
UC4,label_compact,DB2,100000,17,precomp,0.000,0,0,0,false,full
UC4,label_compact,DB2,100000,17,encrypt,108.340,50932056,0,0,false,full
UC4,label_compact,DB2,100000,17,eval,1680.280,84148384,0,0,false,full
UC4,label_compact,DB2,100000,17,decrypt,104.216,-17560032,45088768,1,true,full
UC4,label_compact_max,DB2,100000,17,setup,206.485,72146064,0,0,false,full
UC4,label_compact_max,DB2,100000,17,precomp,0.000,0,0,0,false,full
UC4,label_compact_max,DB2,100000,17,encrypt,107.179,50932344,0,0,false,full
UC4,label_compact_max,DB2,100000,17,eval,2557.175,94114448,0,0,false,full
UC4,label_compact_max,DB2,100000,17,decrypt,127.716,-27007392,60817408,1,true,full
UC4,label_compact_mb,DB2,100000,17,setup,199.831,56784512,0,0,false,full
UC4,label_compact_mb,DB2,100000,17,precomp,0.000,0,0,0,false,full
UC4,label_compact_mb,DB2,100000,17,encrypt,111.793,49508824,0,0,false,full
UC4,label_compact_mb,DB2,100000,17,eval,1668.673,84156784,0,0,false,full
UC4,label_compact_mb,DB2,100000,17,decrypt,104.433,-17560032,45088768,1,true,full
UC4,std,DB2,100000,18,setup,234.219,65319072,0,0,false,full
UC4,std,DB2,100000,18,precomp,0.000,0,0,0,false,full
UC4,std,DB2,100000,18,encrypt,91.052,26251768,0,0,false,full
UC4,std,DB2,100000,18,eval,1849.846,39820584,0,0,false,full
UC4,std,DB2,100000,18,decrypt,8.161,4860344,4194304,1,true,full
UC4,label_compact,DB2,100000,18,setup,201.074,56919632,0,0,false,full
UC4,label_compact,DB2,100000,18,precomp,0.000,0,0,0,false,full
UC4,label_compact,DB2,100000,18,encrypt,108.624,50932008,0,0,false,full
UC4,label_compact,DB2,100000,18,eval,1674.978,125272072,0,0,false,full
UC4,label_compact,DB2,100000,18,decrypt,99.097,-17560032,45088768,1,true,full
UC4,label_compact_max,DB2,100000,18,setup,207.408,67157928,0,0,false,full
UC4,label_compact_max,DB2,100000,18,precomp,0.000,0,0,0,false,full
UC4,label_compact_max,DB2,100000,18,encrypt,107.398,50932472,0,0,false,full
UC4,label_compact_max,DB2,100000,18,eval,2577.658,51947240,0,0,false,full
UC4,label_compact_max,DB2,100000,18,decrypt,123.743,34137000,60817408,1,true,full
UC4,label_compact_mb,DB2,100000,18,setup,206.695,67425376,0,0,false,full
UC4,label_compact_mb,DB2,100000,18,precomp,0.000,0,0,0,false,full
UC4,label_compact_mb,DB2,100000,18,encrypt,111.137,49513688,0,0,false,full
UC4,label_compact_mb,DB2,100000,18,eval,1676.878,63395960,0,0,false,full
UC4,label_compact_mb,DB2,100000,18,decrypt,105.725,21142456,45088768,1,true,full
UC4,std,DB2,100000,19,setup,234.754,68465776,0,0,false,full
UC4,std,DB2,100000,19,precomp,0.000,0,0,0,false,full
UC4,std,DB2,100000,19,encrypt,88.980,26251768,0,0,false,full
UC4,std,DB2,100000,19,eval,1852.371,40874024,0,0,false,full
UC4,std,DB2,100000,19,decrypt,9.284,4860344,4194304,1,true,full
UC4,label_compact,DB2,100000,19,setup,201.993,66893120,0,0,false,full
UC4,label_compact,DB2,100000,19,precomp,0.000,0,0,0,false,full
UC4,label_compact,DB2,100000,19,encrypt,106.665,50932040,0,0,false,full
UC4,label_compact,DB2,100000,19,eval,1648.130,104519984,0,0,false,full
UC4,label_compact,DB2,100000,19,decrypt,100.026,-19135592,45088768,1,true,full
UC4,label_compact_max,DB2,100000,19,setup,206.257,70571872,0,0,false,full
UC4,label_compact_max,DB2,100000,19,precomp,0.000,0,0,0,false,full
UC4,label_compact_max,DB2,100000,19,encrypt,108.447,50932024,0,0,false,full
UC4,label_compact_max,DB2,100000,19,eval,2543.349,94121152,0,0,false,full
UC4,label_compact_max,DB2,100000,19,decrypt,118.023,19302024,60817408,1,true,full
UC4,label_compact_mb,DB2,100000,19,setup,201.970,66893136,0,0,false,full
UC4,label_compact_mb,DB2,100000,19,precomp,0.000,0,0,0,false,full
UC4,label_compact_mb,DB2,100000,19,encrypt,112.121,49513736,0,0,false,full
UC4,label_compact_mb,DB2,100000,19,eval,1658.971,63387400,0,0,false,full
UC4,label_compact_mb,DB2,100000,19,decrypt,102.324,-17560144,45088768,1,true,full
UC4,std,DB2,100000,20,setup,226.886,73718752,0,0,false,full
UC4,std,DB2,100000,20,precomp,0.000,0,0,0,false,full
UC4,std,DB2,100000,20,encrypt,89.722,26251768,0,0,false,full
UC4,std,DB2,100000,20,eval,1832.213,38766712,0,0,false,full
UC4,std,DB2,100000,20,decrypt,8.327,4860344,4194304,1,true,full
UC4,label_compact,DB2,100000,20,setup,200.287,67425248,0,0,false,full
UC4,label_compact,DB2,100000,20,precomp,0.000,0,0,0,false,full
UC4,label_compact,DB2,100000,20,encrypt,108.439,50931848,0,0,false,full
UC4,label_compact,DB2,100000,20,eval,1656.998,84156080,0,0,false,full
UC4,label_compact,DB2,100000,20,decrypt,102.097,13261952,45088768,1,true,full
UC4,label_compact_max,DB2,100000,20,setup,200.884,72145808,0,0,false,full
UC4,label_compact_max,DB2,100000,20,precomp,0.000,0,0,0,false,full
UC4,label_compact_max,DB2,100000,20,encrypt,106.279,50932568,0,0,false,full
UC4,label_compact_max,DB2,100000,20,eval,2528.018,136295832,0,0,false,full
UC4,label_compact_max,DB2,100000,20,decrypt,123.449,15622112,60817408,1,true,full
UC4,label_compact_mb,DB2,100000,20,setup,200.530,56919712,0,0,false,full
UC4,label_compact_mb,DB2,100000,20,precomp,0.000,0,0,0,false,full
UC4,label_compact_mb,DB2,100000,20,encrypt,111.339,49510008,0,0,false,full
UC4,label_compact_mb,DB2,100000,20,eval,1670.670,145643768,0,0,false,full
UC4,label_compact_mb,DB2,100000,20,decrypt,104.611,16674504,45088768,1,true,full
UC4,std,DB3,1000000,1,setup,223.249,75557528,0,0,false,full
UC4,std,DB3,1000000,1,precomp,0.000,0,0,0,false,full
UC4,std,DB3,1000000,1,encrypt,791.365,137270304,0,0,false,full
UC4,std,DB3,1000000,1,eval,16101.290,60002712,0,0,false,full
UC4,std,DB3,1000000,1,decrypt,7.629,11820368,4194304,1,true,full
UC4,label_compact,DB3,1000000,1,setup,184.565,51678336,0,0,false,full
UC4,label_compact,DB3,1000000,1,precomp,0.000,0,0,0,false,full
UC4,label_compact,DB3,1000000,1,encrypt,922.377,226807976,0,0,false,full
UC4,label_compact,DB3,1000000,1,eval,13838.445,565476696,0,0,false,full
UC4,label_compact,DB3,1000000,1,decrypt,843.805,29936056,391118848,1,true,full
UC4,label_compact_max,DB3,1000000,1,setup,191.260,77398944,0,0,false,full
UC4,label_compact_max,DB3,1000000,1,precomp,0.000,0,0,0,false,full
UC4,label_compact_max,DB3,1000000,1,encrypt,928.253,267760888,0,0,false,full
UC4,label_compact_max,DB3,1000000,1,eval,21630.478,451407592,0,0,false,full
UC4,label_compact_max,DB3,1000000,1,decrypt,1000.932,215305376,522190848,1,true,full
UC4,label_compact_mb,DB3,1000000,1,setup,188.992,56919424,0,0,false,full
UC4,label_compact_mb,DB3,1000000,1,precomp,0.000,0,0,0,false,full
UC4,label_compact_mb,DB3,1000000,1,encrypt,963.111,194047160,0,0,false,full
UC4,label_compact_mb,DB3,1000000,1,eval,13857.509,545104520,0,0,false,full
UC4,label_compact_mb,DB3,1000000,1,decrypt,838.738,189074680,391118848,1,true,full
UC4,std,DB3,1000000,2,setup,217.553,70304584,0,0,false,full
UC4,std,DB3,1000000,2,precomp,0.001,0,0,0,false,full
UC4,std,DB3,1000000,2,encrypt,790.531,137270304,0,0,false,full
UC4,std,DB3,1000000,2,eval,16063.069,60002520,0,0,false,full
UC4,std,DB3,1000000,2,decrypt,8.353,11820368,4194304,1,true,full
UC4,label_compact,DB3,1000000,2,setup,190.155,77398896,0,0,false,full
UC4,label_compact,DB3,1000000,2,precomp,0.000,0,0,0,false,full
UC4,label_compact,DB3,1000000,2,encrypt,929.516,221687960,0,0,false,full
UC4,label_compact,DB3,1000000,2,eval,13849.643,339492480,0,0,false,full
UC4,label_compact,DB3,1000000,2,decrypt,839.640,189074680,391118848,1,true,full
UC4,label_compact_max,DB3,1000000,2,setup,187.699,77398560,0,0,false,full
UC4,label_compact_max,DB3,1000000,2,precomp,0.000,0,0,0,false,full
UC4,label_compact_max,DB3,1000000,2,encrypt,922.638,243096464,0,0,false,full
UC4,label_compact_max,DB3,1000000,2,eval,21675.800,324892192,0,0,false,full
UC4,label_compact_max,DB3,1000000,2,decrypt,1001.485,241826680,522190848,1,true,full
UC4,label_compact_mb,DB3,1000000,2,setup,188.725,54813376,0,0,false,full
UC4,label_compact_mb,DB3,1000000,2,precomp,0.000,0,0,0,false,full
UC4,label_compact_mb,DB3,1000000,2,encrypt,967.988,194045304,0,0,false,full
UC4,label_compact_mb,DB3,1000000,2,eval,13869.317,380616920,0,0,false,full
UC4,label_compact_mb,DB3,1000000,2,decrypt,837.312,202336232,391118848,1,true,full
UC4,std,DB3,1000000,3,setup,216.474,70040304,0,0,false,full
UC4,std,DB3,1000000,3,precomp,0.000,0,0,0,false,full
UC4,std,DB3,1000000,3,encrypt,789.557,137270304,0,0,false,full
UC4,std,DB3,1000000,3,eval,16075.955,60002488,0,0,false,full
UC4,std,DB3,1000000,3,decrypt,7.359,11820368,4194304,1,true,full
UC4,label_compact,DB3,1000000,3,setup,184.090,77399008,0,0,false,full
UC4,label_compact,DB3,1000000,3,precomp,0.000,0,0,0,false,full
UC4,label_compact,DB3,1000000,3,encrypt,935.098,221687640,0,0,false,full
UC4,label_compact,DB3,1000000,3,eval,13856.167,565475448,0,0,false,full
UC4,label_compact,DB3,1000000,3,decrypt,843.612,189074680,391118848,1,true,full
UC4,label_compact_max,DB3,1000000,3,setup,191.949,56651592,0,0,false,full
UC4,label_compact_max,DB3,1000000,3,precomp,0.000,0,0,0,false,full
UC4,label_compact_max,DB3,1000000,3,encrypt,926.085,221688232,0,0,false,full
UC4,label_compact_max,DB3,1000000,3,eval,21686.323,304129400,0,0,false,full
UC4,label_compact_max,DB3,1000000,3,decrypt,1001.964,230140352,522190848,1,true,full
UC4,label_compact_mb,DB3,1000000,3,setup,186.472,51663840,0,0,false,full
UC4,label_compact_mb,DB3,1000000,3,precomp,0.000,0,0,0,false,full
UC4,label_compact_mb,DB3,1000000,3,encrypt,965.910,194047384,0,0,false,full
UC4,label_compact_mb,DB3,1000000,3,eval,13845.535,257244464,0,0,false,full
UC4,label_compact_mb,DB3,1000000,3,decrypt,837.813,16674504,391118848,1,true,full
UC4,std,DB3,1000000,4,setup,215.128,64786624,0,0,false,full
UC4,std,DB3,1000000,4,precomp,0.001,0,0,0,false,full
UC4,std,DB3,1000000,4,encrypt,788.259,137270304,0,0,false,full
UC4,std,DB3,1000000,4,eval,16085.478,60002520,0,0,false,full
UC4,std,DB3,1000000,4,decrypt,7.197,11820368,4194304,1,true,full
UC4,label_compact,DB3,1000000,4,setup,185.857,66102256,0,0,false,full
UC4,label_compact,DB3,1000000,4,precomp,0.000,0,0,0,false,full
UC4,label_compact,DB3,1000000,4,encrypt,931.653,221688312,0,0,false,full
UC4,label_compact,DB3,1000000,4,eval,13866.395,339484864,0,0,false,full
UC4,label_compact,DB3,1000000,4,decrypt,836.707,189074680,391118848,1,true,full
UC4,label_compact_max,DB3,1000000,4,setup,185.616,51267448,0,0,false,full
UC4,label_compact_max,DB3,1000000,4,precomp,0.001,0,0,0,false,full
UC4,label_compact_max,DB3,1000000,4,encrypt,921.625,221687688,0,0,false,full
UC4,label_compact_max,DB3,1000000,4,eval,21663.426,662287440,0,0,false,full
UC4,label_compact_max,DB3,1000000,4,decrypt,1002.865,238671824,522190848,1,true,full
UC4,label_compact_mb,DB3,1000000,4,setup,187.150,77398544,0,0,false,full
UC4,label_compact_mb,DB3,1000000,4,precomp,0.000,0,0,0,false,full
UC4,label_compact_mb,DB3,1000000,4,encrypt,966.224,194045672,0,0,false,full
UC4,label_compact_mb,DB3,1000000,4,eval,13874.362,318731912,0,0,false,full
UC4,label_compact_mb,DB3,1000000,4,decrypt,835.524,175813128,391118848,1,true,full
UC4,std,DB3,1000000,5,setup,215.274,75292464,0,0,false,full
UC4,std,DB3,1000000,5,precomp,0.000,0,0,0,false,full
UC4,std,DB3,1000000,5,encrypt,785.979,137270304,0,0,false,full
UC4,std,DB3,1000000,5,eval,16078.905,60002520,0,0,false,full
UC4,std,DB3,1000000,5,decrypt,7.586,11820368,4194304,1,true,full
UC4,label_compact,DB3,1000000,5,setup,190.687,77639616,0,0,false,full
UC4,label_compact,DB3,1000000,5,precomp,0.000,0,0,0,false,full
UC4,label_compact,DB3,1000000,5,encrypt,929.166,221687608,0,0,false,full
UC4,label_compact,DB3,1000000,5,eval,13853.721,627348248,0,0,false,full
UC4,label_compact,DB3,1000000,5,decrypt,849.148,189074680,391118848,1,true,full
UC4,label_compact_max,DB3,1000000,5,setup,188.165,51267448,0,0,false,full
UC4,label_compact_max,DB3,1000000,5,precomp,0.000,0,0,0,false,full
UC4,label_compact_max,DB3,1000000,5,encrypt,925.103,221687944,0,0,false,full
UC4,label_compact_max,DB3,1000000,5,eval,21653.546,346304528,0,0,false,full
UC4,label_compact_max,DB3,1000000,5,decrypt,1009.189,226988424,522190848,1,true,full
UC4,label_compact_mb,DB3,1000000,5,setup,192.536,56919536,0,0,false,full
UC4,label_compact_mb,DB3,1000000,5,precomp,0.000,0,0,0,false,full
UC4,label_compact_mb,DB3,1000000,5,encrypt,968.622,194043928,0,0,false,full
UC4,label_compact_mb,DB3,1000000,5,eval,13854.058,277607888,0,0,false,full
UC4,label_compact_mb,DB3,1000000,5,decrypt,844.192,202336232,391118848,1,true,full
UC4,std,DB3,1000000,6,setup,217.961,70039856,0,0,false,full
UC4,std,DB3,1000000,6,precomp,0.001,0,0,0,false,full
UC4,std,DB3,1000000,6,encrypt,788.734,137270512,0,0,false,full
UC4,std,DB3,1000000,6,eval,16125.291,60002712,0,0,false,full
UC4,std,DB3,1000000,6,decrypt,7.289,11820368,4194304,1,true,full
UC4,label_compact,DB3,1000000,6,setup,183.983,72657632,0,0,false,full
UC4,label_compact,DB3,1000000,6,precomp,0.000,0,0,0,false,full
UC4,label_compact,DB3,1000000,6,encrypt,928.254,221687720,0,0,false,full
UC4,label_compact,DB3,1000000,6,eval,13866.384,359855712,0,0,false,full
UC4,label_compact,DB3,1000000,6,decrypt,844.499,189074680,391118848,1,true,full
UC4,label_compact_max,DB3,1000000,6,setup,185.576,77398560,0,0,false,full
UC4,label_compact_max,DB3,1000000,6,precomp,0.000,0,0,0,false,full
UC4,label_compact_max,DB3,1000000,6,encrypt,924.042,262641800,0,0,false,full
UC4,label_compact_max,DB3,1000000,6,eval,21661.170,662286768,0,0,false,full
UC4,label_compact_max,DB3,1000000,6,decrypt,1012.093,212156712,522190848,1,true,full
UC4,label_compact_mb,DB3,1000000,6,setup,191.174,56387296,0,0,false,full
UC4,label_compact_mb,DB3,1000000,6,precomp,0.000,0,0,0,false,full
UC4,label_compact_mb,DB3,1000000,6,encrypt,964.865,194041784,0,0,false,full
UC4,label_compact_mb,DB3,1000000,6,eval,13850.504,277608144,0,0,false,full
UC4,label_compact_mb,DB3,1000000,6,decrypt,841.144,189074792,391118848,1,true,full
UC4,std,DB3,1000000,7,setup,221.897,70569008,0,0,false,full
UC4,std,DB3,1000000,7,precomp,0.001,0,0,0,false,full
UC4,std,DB3,1000000,7,encrypt,788.727,137270304,0,0,false,full
UC4,std,DB3,1000000,7,eval,16076.919,60002520,0,0,false,full
UC4,std,DB3,1000000,7,decrypt,7.327,11820368,4194304,1,true,full
UC4,label_compact,DB3,1000000,7,setup,193.059,77398528,0,0,false,full
UC4,label_compact,DB3,1000000,7,precomp,0.000,0,0,0,false,full
UC4,label_compact,DB3,1000000,7,encrypt,933.329,221687496,0,0,false,full
UC4,label_compact,DB3,1000000,7,eval,13838.711,565475688,0,0,false,full
UC4,label_compact,DB3,1000000,7,decrypt,841.536,189074680,391118848,1,true,full
UC4,label_compact_max,DB3,1000000,7,setup,188.329,56387104,0,0,false,full
UC4,label_compact_max,DB3,1000000,7,precomp,0.000,0,0,0,false,full
UC4,label_compact_max,DB3,1000000,7,encrypt,915.270,221688392,0,0,false,full
UC4,label_compact_max,DB3,1000000,7,eval,21625.064,535762872,0,0,false,full
UC4,label_compact_max,DB3,1000000,7,decrypt,999.341,215305376,522190848,1,true,full
UC4,label_compact_mb,DB3,1000000,7,setup,189.776,56387408,0,0,false,full
UC4,label_compact_mb,DB3,1000000,7,precomp,0.000,0,0,0,false,full
UC4,label_compact_mb,DB3,1000000,7,encrypt,967.426,194042776,0,0,false,full
UC4,label_compact_mb,DB3,1000000,7,eval,13873.375,586235456,0,0,false,full
UC4,label_compact_mb,DB3,1000000,7,decrypt,837.229,189074680,391118848,1,true,full
UC4,std,DB3,1000000,8,setup,217.720,65318960,0,0,false,full
UC4,std,DB3,1000000,8,precomp,0.000,0,0,0,false,full
UC4,std,DB3,1000000,8,encrypt,829.868,137270304,0,0,false,full
UC4,std,DB3,1000000,8,eval,16118.549,60002520,0,0,false,full
UC4,std,DB3,1000000,8,decrypt,7.152,11820368,4194304,1,true,full
UC4,label_compact,DB3,1000000,8,setup,185.785,51398632,0,0,false,full
UC4,label_compact,DB3,1000000,8,precomp,0.000,0,0,0,false,full
UC4,label_compact,DB3,1000000,8,encrypt,928.469,221688872,0,0,false,full
UC4,label_compact,DB3,1000000,8,eval,13842.210,257243776,0,0,false,full
UC4,label_compact,DB3,1000000,8,decrypt,840.048,189074680,391118848,1,true,full
UC4,label_compact_max,DB3,1000000,8,setup,189.367,54813280,0,0,false,full
UC4,label_compact_max,DB3,1000000,8,precomp,0.000,0,0,0,false,full
UC4,label_compact_max,DB3,1000000,8,encrypt,924.446,226807512,0,0,false,full
UC4,label_compact_max,DB3,1000000,8,eval,22150.042,577930272,0,0,false,full
UC4,label_compact_max,DB3,1000000,8,decrypt,1039.452,212156712,522190848,1,true,full
UC4,label_compact_mb,DB3,1000000,8,setup,196.637,56919424,0,0,false,full
UC4,label_compact_mb,DB3,1000000,8,precomp,0.000,0,0,0,false,full
UC4,label_compact_mb,DB3,1000000,8,encrypt,999.522,194041880,0,0,false,full
UC4,label_compact_mb,DB3,1000000,8,eval,15565.056,421740176,0,0,false,full
UC4,label_compact_mb,DB3,1000000,8,decrypt,946.030,202336552,391118848,1,true,full
UC4,std,DB3,1000000,9,setup,232.505,70568944,0,0,false,full
UC4,std,DB3,1000000,9,precomp,0.000,0,0,0,false,full
UC4,std,DB3,1000000,9,encrypt,837.771,137270512,0,0,false,full
UC4,std,DB3,1000000,9,eval,16957.551,60002536,0,0,false,full
UC4,std,DB3,1000000,9,decrypt,7.281,11820368,4194304,1,true,full
UC4,label_compact,DB3,1000000,9,setup,191.378,77399008,0,0,false,full
UC4,label_compact,DB3,1000000,9,precomp,0.000,0,0,0,false,full
UC4,label_compact,DB3,1000000,9,encrypt,948.965,221687656,0,0,false,full
UC4,label_compact,DB3,1000000,9,eval,14197.623,442103632,0,0,false,full
UC4,label_compact,DB3,1000000,9,decrypt,866.287,215597784,391118848,1,true,full
UC4,label_compact_max,DB3,1000000,9,setup,195.691,51663744,0,0,false,full
UC4,label_compact_max,DB3,1000000,9,precomp,0.000,0,0,0,false,full
UC4,label_compact_max,DB3,1000000,9,encrypt,942.231,221688264,0,0,false,full
UC4,label_compact_max,DB3,1000000,9,eval,22985.527,557176984,0,0,false,full
UC4,label_compact_max,DB3,1000000,9,decrypt,1039.753,248652336,522190848,1,true,full
UC4,label_compact_mb,DB3,1000000,9,setup,198.013,51666672,0,0,false,full
UC4,label_compact_mb,DB3,1000000,9,precomp,0.000,0,0,0,false,full
UC4,label_compact_mb,DB3,1000000,9,encrypt,993.989,194040856,0,0,false,full
UC4,label_compact_mb,DB3,1000000,9,eval,14429.613,298368248,0,0,false,full
UC4,label_compact_mb,DB3,1000000,9,decrypt,872.394,202336456,391118848,1,true,full
UC4,std,DB3,1000000,10,setup,230.330,65318960,0,0,false,full
UC4,std,DB3,1000000,10,precomp,0.000,0,0,0,false,full
UC4,std,DB3,1000000,10,encrypt,823.077,137270304,0,0,false,full
UC4,std,DB3,1000000,10,eval,17423.244,60002712,0,0,false,full
UC4,std,DB3,1000000,10,decrypt,8.578,11820368,4194304,1,true,full
UC4,label_compact,DB3,1000000,10,setup,210.797,51134704,0,0,false,full
UC4,label_compact,DB3,1000000,10,precomp,0.000,0,0,0,false,full
UC4,label_compact,DB3,1000000,10,encrypt,1020.314,221688808,0,0,false,full
UC4,label_compact,DB3,1000000,10,eval,15125.274,359855824,0,0,false,full
UC4,label_compact,DB3,1000000,10,decrypt,865.784,189074680,391118848,1,true,full
UC4,label_compact_max,DB3,1000000,10,setup,199.234,51267448,0,0,false,full
UC4,label_compact_max,DB3,1000000,10,precomp,0.001,0,0,0,false,full
UC4,label_compact_max,DB3,1000000,10,encrypt,953.308,221687576,0,0,false,full
UC4,label_compact_max,DB3,1000000,10,eval,23557.273,430655104,0,0,false,full
UC4,label_compact_max,DB3,1000000,10,decrypt,1028.965,217143432,522190848,1,true,full
UC4,label_compact_mb,DB3,1000000,10,setup,193.967,56651528,0,0,false,full
UC4,label_compact_mb,DB3,1000000,10,precomp,0.001,0,0,0,false,full
UC4,label_compact_mb,DB3,1000000,10,encrypt,1014.915,194041448,0,0,false,full
UC4,label_compact_mb,DB3,1000000,10,eval,14677.148,545112872,0,0,false,full
UC4,label_compact_mb,DB3,1000000,10,decrypt,894.647,202336232,391118848,1,true,full
UC4,std,DB3,1000000,11,setup,226.179,70303880,0,0,false,full
UC4,std,DB3,1000000,11,precomp,0.000,0,0,0,false,full
UC4,std,DB3,1000000,11,encrypt,826.544,137270304,0,0,false,full
UC4,std,DB3,1000000,11,eval,17070.879,60002696,0,0,false,full
UC4,std,DB3,1000000,11,decrypt,9.633,11820368,4194304,1,true,full
UC4,label_compact,DB3,1000000,11,setup,200.822,77398640,0,0,false,full
UC4,label_compact,DB3,1000000,11,precomp,0.000,0,0,0,false,full
UC4,label_compact,DB3,1000000,11,encrypt,972.917,221687880,0,0,false,full
UC4,label_compact,DB3,1000000,11,eval,14310.618,524344176,0,0,false,full
UC4,label_compact,DB3,1000000,11,decrypt,865.076,202336232,391118848,1,true,full
UC4,label_compact_max,DB3,1000000,11,setup,199.187,56387104,0,0,false,full
UC4,label_compact_max,DB3,1000000,11,precomp,0.000,0,0,0,false,full
UC4,label_compact_max,DB3,1000000,11,encrypt,961.245,221688728,0,0,false,full
UC4,label_compact_max,DB3,1000000,11,eval,22285.612,529906248,0,0,false,full
UC4,label_compact_max,DB3,1000000,11,decrypt,1022.623,185635424,522190848,1,true,full
UC4,label_compact_mb,DB3,1000000,11,setup,191.138,61905256,0,0,false,full
UC4,label_compact_mb,DB3,1000000,11,precomp,0.000,0,0,0,false,full
UC4,label_compact_mb,DB3,1000000,11,encrypt,997.302,194044232,0,0,false,full
UC4,label_compact_mb,DB3,1000000,11,eval,14301.374,496626064,0,0,false,full
UC4,label_compact_mb,DB3,1000000,11,decrypt,886.332,175813128,391118848,1,true,full
UC4,std,DB3,1000000,12,setup,226.000,64786736,0,0,false,full
UC4,std,DB3,1000000,12,precomp,0.001,0,0,0,false,full
UC4,std,DB3,1000000,12,encrypt,789.024,137270304,0,0,false,full
UC4,std,DB3,1000000,12,eval,16673.412,60002520,0,0,false,full
UC4,std,DB3,1000000,12,decrypt,7.374,11820368,4194304,1,true,full
UC4,label_compact,DB3,1000000,12,setup,193.403,77399120,0,0,false,full
UC4,label_compact,DB3,1000000,12,precomp,0.000,0,0,0,false,full
UC4,label_compact,DB3,1000000,12,encrypt,966.615,221687144,0,0,false,full
UC4,label_compact,DB3,1000000,12,eval,14364.631,524352096,0,0,false,full
UC4,label_compact,DB3,1000000,12,decrypt,868.547,16674616,391118848,1,true,full
UC4,label_compact_max,DB3,1000000,12,setup,195.708,56387104,0,0,false,full
UC4,label_compact_max,DB3,1000000,12,precomp,0.000,0,0,0,false,full
UC4,label_compact_max,DB3,1000000,12,encrypt,953.248,221688296,0,0,false,full
UC4,label_compact_max,DB3,1000000,12,eval,22279.085,725873560,0,0,false,full
UC4,label_compact_max,DB3,1000000,12,decrypt,1041.529,223836848,522190848,1,true,full
UC4,label_compact_mb,DB3,1000000,12,setup,195.847,56387408,0,0,false,full
UC4,label_compact_mb,DB3,1000000,12,precomp,0.000,0,0,0,false,full
UC4,label_compact_mb,DB3,1000000,12,encrypt,999.274,194040136,0,0,false,full
UC4,label_compact_mb,DB3,1000000,12,eval,14189.230,257244704,0,0,false,full
UC4,label_compact_mb,DB3,1000000,12,decrypt,888.456,189074680,391118848,1,true,full
UC4,std,DB3,1000000,13,setup,223.791,70039856,0,0,false,full
UC4,std,DB3,1000000,13,precomp,0.000,0,0,0,false,full
UC4,std,DB3,1000000,13,encrypt,826.757,137270512,0,0,false,full
UC4,std,DB3,1000000,13,eval,16794.215,60002488,0,0,false,full
UC4,std,DB3,1000000,13,decrypt,8.193,11820368,4194304,1,true,full
UC4,label_compact,DB3,1000000,13,setup,194.049,77640288,0,0,false,full
UC4,label_compact,DB3,1000000,13,precomp,0.001,0,0,0,false,full
UC4,label_compact,DB3,1000000,13,encrypt,963.411,221688616,0,0,false,full
UC4,label_compact,DB3,1000000,13,eval,14507.262,236484232,0,0,false,full
UC4,label_compact,DB3,1000000,13,decrypt,861.862,202336232,391118848,1,true,full
UC4,label_compact_max,DB3,1000000,13,setup,200.145,56387104,0,0,false,full
UC4,label_compact_max,DB3,1000000,13,precomp,0.000,0,0,0,false,full
UC4,label_compact_max,DB3,1000000,13,encrypt,961.631,221688568,0,0,false,full
UC4,label_compact_max,DB3,1000000,13,eval,22263.304,430644288,0,0,false,full
UC4,label_compact_max,DB3,1000000,13,decrypt,1031.393,216881040,522190848,1,true,full
UC4,label_compact_mb,DB3,1000000,13,setup,195.538,56651640,0,0,false,full
UC4,label_compact_mb,DB3,1000000,13,precomp,0.000,0,0,0,false,full
UC4,label_compact_mb,DB3,1000000,13,encrypt,996.137,194045320,0,0,false,full
UC4,label_compact_mb,DB3,1000000,13,eval,14321.685,274612752,0,0,false,full
UC4,label_compact_mb,DB3,1000000,13,decrypt,839.658,202336232,391118848,1,true,full
UC4,std,DB3,1000000,14,setup,224.171,70303768,0,0,false,full
UC4,std,DB3,1000000,14,precomp,0.000,0,0,0,false,full
UC4,std,DB3,1000000,14,encrypt,816.003,137270304,0,0,false,full
UC4,std,DB3,1000000,14,eval,17216.273,60002520,0,0,false,full
UC4,std,DB3,1000000,14,decrypt,8.155,11820368,4194304,1,true,full
UC4,label_compact,DB3,1000000,14,setup,190.647,51162256,0,0,false,full
UC4,label_compact,DB3,1000000,14,precomp,0.000,0,0,0,false,full
UC4,label_compact,DB3,1000000,14,encrypt,975.274,221688504,0,0,false,full
UC4,label_compact,DB3,1000000,14,eval,14541.518,565477448,0,0,false,full
UC4,label_compact,DB3,1000000,14,decrypt,865.713,-193540336,391118848,1,true,full
UC4,label_compact_max,DB3,1000000,14,setup,193.028,61905160,0,0,false,full
UC4,label_compact_max,DB3,1000000,14,precomp,0.000,0,0,0,false,full
UC4,label_compact_max,DB3,1000000,14,encrypt,923.303,221688504,0,0,false,full
UC4,label_compact_max,DB3,1000000,14,eval,22691.156,304129512,0,0,false,full
UC4,label_compact_max,DB3,1000000,14,decrypt,1069.807,210052760,522190848,1,true,full
UC4,label_compact_mb,DB3,1000000,14,setup,206.562,56387264,0,0,false,full
UC4,label_compact_mb,DB3,1000000,14,precomp,0.000,0,0,0,false,full
UC4,label_compact_mb,DB3,1000000,14,encrypt,1005.560,194038648,0,0,false,full
UC4,label_compact_mb,DB3,1000000,14,eval,15633.495,236477144,0,0,false,full
UC4,label_compact_mb,DB3,1000000,14,decrypt,956.513,202336232,391118848,1,true,full
UC4,std,DB3,1000000,15,setup,231.468,70436944,0,0,false,full
UC4,std,DB3,1000000,15,precomp,0.000,0,0,0,false,full
UC4,std,DB3,1000000,15,encrypt,858.763,137270512,0,0,false,full
UC4,std,DB3,1000000,15,eval,17334.470,60002696,0,0,false,full
UC4,std,DB3,1000000,15,decrypt,7.544,11820368,4194304,1,true,full
UC4,label_compact,DB3,1000000,15,setup,197.244,77399008,0,0,false,full
UC4,label_compact,DB3,1000000,15,precomp,0.000,0,0,0,false,full
UC4,label_compact,DB3,1000000,15,encrypt,1008.432,221687400,0,0,false,full
UC4,label_compact,DB3,1000000,15,eval,15584.731,318731480,0,0,false,full
UC4,label_compact,DB3,1000000,15,decrypt,907.224,189074792,391118848,1,true,full
UC4,label_compact_max,DB3,1000000,15,setup,200.595,51666576,0,0,false,full
UC4,label_compact_max,DB3,1000000,15,precomp,0.000,0,0,0,false,full
UC4,label_compact_max,DB3,1000000,15,encrypt,1028.673,221687720,0,0,false,full
UC4,label_compact_max,DB3,1000000,15,eval,24386.889,638004024,0,0,false,full
UC4,label_compact_max,DB3,1000000,15,decrypt,1158.646,218982048,522190848,1,true,full
UC4,label_compact_mb,DB3,1000000,15,setup,213.425,56652040,0,0,false,full
UC4,label_compact_mb,DB3,1000000,15,precomp,0.000,0,0,0,false,full
UC4,label_compact_mb,DB3,1000000,15,encrypt,1064.312,194049128,0,0,false,full
UC4,label_compact_mb,DB3,1000000,15,eval,15695.767,442104288,0,0,false,full
UC4,label_compact_mb,DB3,1000000,15,decrypt,955.735,215598568,391118848,1,true,full
UC4,std,DB3,1000000,16,setup,239.283,70568240,0,0,false,full
UC4,std,DB3,1000000,16,precomp,0.000,0,0,0,false,full
UC4,std,DB3,1000000,16,encrypt,865.499,137270304,0,0,false,full
UC4,std,DB3,1000000,16,eval,17897.037,60002840,0,0,false,full
UC4,std,DB3,1000000,16,decrypt,8.387,11820368,4194304,1,true,full
UC4,label_compact,DB3,1000000,16,setup,204.618,72650384,0,0,false,full
UC4,label_compact,DB3,1000000,16,precomp,0.000,0,0,0,false,full
UC4,label_compact,DB3,1000000,16,encrypt,1027.191,221688520,0,0,false,full
UC4,label_compact,DB3,1000000,16,eval,16163.661,421729184,0,0,false,full
UC4,label_compact,DB3,1000000,16,decrypt,904.051,175813544,391118848,1,true,full
UC4,label_compact_max,DB3,1000000,16,setup,202.123,77398672,0,0,false,full
UC4,label_compact_max,DB3,1000000,16,precomp,0.000,0,0,0,false,full
UC4,label_compact_max,DB3,1000000,16,encrypt,987.868,267760872,0,0,false,full
UC4,label_compact_max,DB3,1000000,16,eval,24010.765,704446136,0,0,false,full
UC4,label_compact_max,DB3,1000000,16,decrypt,1089.269,210052872,522190848,1,true,full
UC4,label_compact_mb,DB3,1000000,16,setup,199.548,56387152,0,0,false,full
UC4,label_compact_mb,DB3,1000000,16,precomp,0.000,0,0,0,false,full
UC4,label_compact_mb,DB3,1000000,16,encrypt,1062.690,194045896,0,0,false,full
UC4,label_compact_mb,DB3,1000000,16,eval,15856.629,606599920,0,0,false,full
UC4,label_compact_mb,DB3,1000000,16,decrypt,989.097,215597784,391118848,1,true,full
UC4,std,DB3,1000000,17,setup,241.165,70568848,0,0,false,full
UC4,std,DB3,1000000,17,precomp,0.000,0,0,0,false,full
UC4,std,DB3,1000000,17,encrypt,886.711,137270512,0,0,false,full
UC4,std,DB3,1000000,17,eval,17957.104,60002920,0,0,false,full
UC4,std,DB3,1000000,17,decrypt,8.082,11820368,4194304,1,true,full
UC4,label_compact,DB3,1000000,17,setup,201.380,77399008,0,0,false,full
UC4,label_compact,DB3,1000000,17,precomp,0.001,0,0,0,false,full
UC4,label_compact,DB3,1000000,17,encrypt,1005.999,221687672,0,0,false,full
UC4,label_compact,DB3,1000000,17,eval,15752.698,236485320,0,0,false,full
UC4,label_compact,DB3,1000000,17,decrypt,958.748,215598456,391118848,1,true,full
UC4,label_compact_max,DB3,1000000,17,setup,204.407,51666576,0,0,false,full
UC4,label_compact_max,DB3,1000000,17,precomp,0.000,0,0,0,false,full
UC4,label_compact_max,DB3,1000000,17,encrypt,1017.641,221688232,0,0,false,full
UC4,label_compact_max,DB3,1000000,17,eval,24492.159,367066520,0,0,false,full
UC4,label_compact_max,DB3,1000000,17,decrypt,1082.362,217143432,522190848,1,true,full
UC4,label_compact_mb,DB3,1000000,17,setup,208.346,77398864,0,0,false,full
UC4,label_compact_mb,DB3,1000000,17,precomp,0.000,0,0,0,false,full
UC4,label_compact_mb,DB3,1000000,17,encrypt,1062.616,247842680,0,0,false,full
UC4,label_compact_mb,DB3,1000000,17,eval,16116.135,421731248,0,0,false,full
UC4,label_compact_mb,DB3,1000000,17,decrypt,941.906,189074680,391118848,1,true,full
UC4,std,DB3,1000000,18,setup,236.206,70039856,0,0,false,full
UC4,std,DB3,1000000,18,precomp,0.000,0,0,0,false,full
UC4,std,DB3,1000000,18,encrypt,868.574,137270512,0,0,false,full
UC4,std,DB3,1000000,18,eval,18075.149,59995528,0,0,false,full
UC4,std,DB3,1000000,18,decrypt,8.456,11820368,4194304,1,true,full
UC4,label_compact,DB3,1000000,18,setup,205.327,66104032,0,0,false,full
UC4,label_compact,DB3,1000000,18,precomp,0.000,0,0,0,false,full
UC4,label_compact,DB3,1000000,18,encrypt,1009.421,221688696,0,0,false,full
UC4,label_compact,DB3,1000000,18,eval,16151.816,586227424,0,0,false,full
UC4,label_compact,DB3,1000000,18,decrypt,950.800,189074680,391118848,1,true,full
UC4,label_compact_max,DB3,1000000,18,setup,204.127,77398768,0,0,false,full
UC4,label_compact_max,DB3,1000000,18,precomp,0.000,0,0,0,false,full
UC4,label_compact_max,DB3,1000000,18,encrypt,1006.285,257522280,0,0,false,full
UC4,label_compact_max,DB3,1000000,18,eval,24237.335,367067192,0,0,false,full
UC4,label_compact_max,DB3,1000000,18,decrypt,1131.061,241826680,522190848,1,true,full
UC4,label_compact_mb,DB3,1000000,18,setup,208.102,56387264,0,0,false,full
UC4,label_compact_mb,DB3,1000000,18,precomp,0.000,0,0,0,false,full
UC4,label_compact_mb,DB3,1000000,18,encrypt,1077.754,194038216,0,0,false,full
UC4,label_compact_mb,DB3,1000000,18,eval,16230.822,380609096,0,0,false,full
UC4,label_compact_mb,DB3,1000000,18,decrypt,913.491,202336232,391118848,1,true,full
UC4,std,DB3,1000000,19,setup,236.476,80545216,0,0,false,full
UC4,std,DB3,1000000,19,precomp,0.000,0,0,0,false,full
UC4,std,DB3,1000000,19,encrypt,860.492,141077824,0,0,false,full
UC4,std,DB3,1000000,19,eval,17768.485,80020328,0,0,false,full
UC4,std,DB3,1000000,19,decrypt,7.938,11820368,4194304,1,true,full
UC4,label_compact,DB3,1000000,19,setup,200.862,77399008,0,0,false,full
UC4,label_compact,DB3,1000000,19,precomp,0.000,0,0,0,false,full
UC4,label_compact,DB3,1000000,19,encrypt,1002.247,221688616,0,0,false,full
UC4,label_compact,DB3,1000000,19,eval,15274.540,442104432,0,0,false,full
UC4,label_compact,DB3,1000000,19,decrypt,894.855,202336232,391118848,1,true,full
UC4,label_compact_max,DB3,1000000,19,setup,208.800,56387328,0,0,false,full
UC4,label_compact_max,DB3,1000000,19,precomp,0.000,0,0,0,false,full
UC4,label_compact_max,DB3,1000000,19,encrypt,986.637,221688200,0,0,false,full
UC4,label_compact_max,DB3,1000000,19,eval,23845.454,451339624,0,0,false,full
UC4,label_compact_max,DB3,1000000,19,decrypt,1099.490,231978856,522190848,1,true,full
UC4,label_compact_mb,DB3,1000000,19,setup,202.627,61639904,0,0,false,full
UC4,label_compact_mb,DB3,1000000,19,precomp,0.001,0,0,0,false,full
UC4,label_compact_mb,DB3,1000000,19,encrypt,1041.307,194038680,0,0,false,full
UC4,label_compact_mb,DB3,1000000,19,eval,15201.418,442103552,0,0,false,full
UC4,label_compact_mb,DB3,1000000,19,decrypt,893.699,189074680,391118848,1,true,full
UC4,std,DB3,1000000,20,setup,230.782,70039920,0,0,false,full
UC4,std,DB3,1000000,20,precomp,0.000,0,0,0,false,full
UC4,std,DB3,1000000,20,encrypt,837.912,137270304,0,0,false,full
UC4,std,DB3,1000000,20,eval,17572.382,60002712,0,0,false,full
UC4,std,DB3,1000000,20,decrypt,7.857,11820368,4194304,1,true,full
UC4,label_compact,DB3,1000000,20,setup,206.982,77641040,0,0,false,full
UC4,label_compact,DB3,1000000,20,precomp,0.001,0,0,0,false,full
UC4,label_compact,DB3,1000000,20,encrypt,1016.129,221687640,0,0,false,full
UC4,label_compact,DB3,1000000,20,eval,15248.249,380615256,0,0,false,full
UC4,label_compact,DB3,1000000,20,decrypt,918.113,189074680,391118848,1,true,full
UC4,label_compact_max,DB3,1000000,20,setup,211.143,77398560,0,0,false,full
UC4,label_compact_max,DB3,1000000,20,precomp,0.000,0,0,0,false,full
UC4,label_compact_max,DB3,1000000,20,encrypt,1006.430,243097264,0,0,false,full
UC4,label_compact_max,DB3,1000000,20,eval,23952.423,599350000,0,0,false,full
UC4,label_compact_max,DB3,1000000,20,decrypt,1104.567,216881040,522190848,1,true,full
UC4,label_compact_mb,DB3,1000000,20,setup,204.745,77398992,0,0,false,full
UC4,label_compact_mb,DB3,1000000,20,precomp,0.001,0,0,0,false,full
UC4,label_compact_mb,DB3,1000000,20,encrypt,1060.846,194037144,0,0,false,full
UC4,label_compact_mb,DB3,1000000,20,eval,15109.741,483219944,0,0,false,full
UC4,label_compact_mb,DB3,1000000,20,decrypt,894.727,202336232,391118848,1,true,full
UC4,std,DB1,512,1,setup,237.007,70037696,0,0,false,tight
UC4,std,DB1,512,1,precomp,0.000,0,0,0,false,tight
UC4,std,DB1,512,1,encrypt,13.062,7139048,0,0,false,tight
UC4,std,DB1,512,1,eval,285.954,52191400,0,0,false,tight
UC4,std,DB1,512,1,decrypt,9.625,-2226464,4194304,1,true,tight
UC4,label_compact,DB1,512,1,setup,216.237,72410136,0,0,false,tight
UC4,label_compact,DB1,512,1,precomp,0.000,0,0,0,false,tight
UC4,label_compact,DB1,512,1,encrypt,16.817,12598256,0,0,false,tight
UC4,label_compact,DB1,512,1,eval,266.904,24149576,0,0,false,tight
UC4,label_compact,DB1,512,1,decrypt,20.031,4733216,7340032,1,false,tight
UC4,label_compact_max,DB1,512,1,setup,217.704,72146032,0,0,false,tight
UC4,label_compact_max,DB1,512,1,precomp,0.001,0,0,0,false,tight
UC4,label_compact_max,DB1,512,1,encrypt,15.681,12598144,0,0,false,tight
UC4,label_compact_max,DB1,512,1,eval,413.188,48184616,0,0,false,tight
UC4,label_compact_max,DB1,512,1,decrypt,23.095,-1832864,10485760,1,true,tight
UC4,label_compact_mb,DB1,512,1,setup,217.112,70571856,0,0,false,tight
UC4,label_compact_mb,DB1,512,1,precomp,0.000,0,0,0,false,tight
UC4,label_compact_mb,DB1,512,1,encrypt,15.522,11967216,0,0,false,tight
UC4,label_compact_mb,DB1,512,1,eval,273.091,85637120,0,0,false,tight
UC4,label_compact_mb,DB1,512,1,decrypt,21.008,-1570608,7340032,1,false,tight
UC4,std,DB1,512,2,setup,257.149,75292352,0,0,false,tight
UC4,std,DB1,512,2,precomp,0.000,0,0,0,false,tight
UC4,std,DB1,512,2,encrypt,14.146,7139048,0,0,false,tight
UC4,std,DB1,512,2,eval,286.644,52191400,0,0,false,tight
UC4,std,DB1,512,2,decrypt,8.916,6305832,4194304,1,true,tight
UC4,label_compact,DB1,512,2,setup,210.088,62169072,0,0,false,tight
UC4,label_compact,DB1,512,2,precomp,0.000,0,0,0,false,tight
UC4,label_compact,DB1,512,2,encrypt,15.249,12598336,0,0,false,tight
UC4,label_compact,DB1,512,2,eval,273.829,65261856,0,0,false,tight
UC4,label_compact,DB1,512,2,decrypt,19.064,6572016,7340032,1,false,tight
UC4,label_compact_max,DB1,512,2,setup,220.047,72410568,0,0,false,tight
UC4,label_compact_max,DB1,512,2,precomp,0.001,0,0,0,false,tight
UC4,label_compact_max,DB1,512,2,encrypt,15.017,12598256,0,0,false,tight
UC4,label_compact_max,DB1,512,2,eval,401.140,61583568,0,0,false,tight
UC4,label_compact_max,DB1,512,2,decrypt,23.551,19297272,10485760,1,true,tight
UC4,label_compact_mb,DB1,512,2,setup,215.492,67421360,0,0,false,tight
UC4,label_compact_mb,DB1,512,2,precomp,0.000,0,0,0,false,tight
UC4,label_compact_mb,DB1,512,2,encrypt,15.712,11969200,0,0,false,tight
UC4,label_compact_mb,DB1,512,2,eval,270.494,44513288,0,0,false,tight
UC4,label_compact_mb,DB1,512,2,decrypt,19.448,16675512,7340032,1,false,tight
UC4,std,DB1,512,3,setup,248.347,70040032,0,0,false,tight
UC4,std,DB1,512,3,precomp,0.000,0,0,0,false,tight
UC4,std,DB1,512,3,encrypt,13.464,7139048,0,0,false,tight
UC4,std,DB1,512,3,eval,289.163,53244920,0,0,false,tight
UC4,std,DB1,512,3,decrypt,8.934,-2226272,4194304,1,true,tight
UC4,label_compact,DB1,512,3,setup,212.184,61640416,0,0,false,tight
UC4,label_compact,DB1,512,3,precomp,0.000,0,0,0,false,tight
UC4,label_compact,DB1,512,3,encrypt,17.777,12598448,0,0,false,tight
UC4,label_compact,DB1,512,3,eval,261.926,65261568,0,0,false,tight
UC4,label_compact,DB1,512,3,decrypt,21.328,-1570384,7340032,1,false,tight
UC4,label_compact_max,DB1,512,3,setup,216.996,51134608,0,0,false,tight
UC4,label_compact_max,DB1,512,3,precomp,0.000,0,0,0,false,tight
UC4,label_compact_max,DB1,512,3,encrypt,16.421,12598240,0,0,false,tight
UC4,label_compact_max,DB1,512,3,eval,416.646,26772376,0,0,false,tight
UC4,label_compact_max,DB1,512,3,decrypt,23.504,19297752,10485760,1,true,tight
UC4,label_compact_mb,DB1,512,3,setup,218.285,72145792,0,0,false,tight
UC4,label_compact_mb,DB1,512,3,precomp,0.000,0,0,0,false,tight
UC4,label_compact_mb,DB1,512,3,encrypt,14.986,11967792,0,0,false,tight
UC4,label_compact_mb,DB1,512,3,eval,257.113,44506216,0,0,false,tight
UC4,label_compact_mb,DB1,512,3,decrypt,18.237,16676184,7340032,1,false,tight
UC4,std,DB1,512,4,setup,247.369,54813232,0,0,false,tight
UC4,std,DB1,512,4,precomp,0.001,0,0,0,false,tight
UC4,std,DB1,512,4,encrypt,14.476,7139048,0,0,false,tight
UC4,std,DB1,512,4,eval,286.556,52191400,0,0,false,tight
UC4,std,DB1,512,4,decrypt,8.892,6306024,4194304,1,true,tight
UC4,label_compact,DB1,512,4,setup,215.733,70571840,0,0,false,tight
UC4,label_compact,DB1,512,4,precomp,0.000,0,0,0,false,tight
UC4,label_compact,DB1,512,4,encrypt,15.243,12598224,0,0,false,tight
UC4,label_compact,DB1,512,4,eval,268.245,85629104,0,0,false,tight
UC4,label_compact,DB1,512,4,decrypt,20.668,-1570720,7340032,1,false,tight
UC4,label_compact_max,DB1,512,4,setup,218.220,51398520,0,0,false,tight
UC4,label_compact_max,DB1,512,4,precomp,0.000,0,0,0,false,tight
UC4,label_compact_max,DB1,512,4,encrypt,16.338,12598608,0,0,false,tight
UC4,label_compact_max,DB1,512,4,eval,412.671,68945760,0,0,false,tight
UC4,label_compact_max,DB1,512,4,decrypt,25.206,-1832416,10485760,1,true,tight
UC4,label_compact_mb,DB1,512,4,setup,216.315,72145792,0,0,false,tight
UC4,label_compact_mb,DB1,512,4,precomp,0.000,0,0,0,false,tight
UC4,label_compact_mb,DB1,512,4,encrypt,14.919,11967056,0,0,false,tight
UC4,label_compact_mb,DB1,512,4,eval,267.169,44514040,0,0,false,tight
UC4,label_compact_mb,DB1,512,4,decrypt,18.629,16675512,7340032,1,false,tight
UC4,std,DB1,512,5,setup,250.308,68465664,0,0,false,tight
UC4,std,DB1,512,5,precomp,0.000,0,0,0,false,tight
UC4,std,DB1,512,5,encrypt,14.321,7139048,0,0,false,tight
UC4,std,DB1,512,5,eval,296.336,52191464,0,0,false,tight
UC4,std,DB1,512,5,decrypt,9.216,-2226464,4194304,1,true,tight
UC4,label_compact,DB1,512,5,setup,223.373,51134576,0,0,false,tight
UC4,label_compact,DB1,512,5,precomp,0.000,0,0,0,false,tight
UC4,label_compact,DB1,512,5,encrypt,16.639,12598592,0,0,false,tight
UC4,label_compact,DB1,512,5,eval,273.930,65261856,0,0,false,tight
UC4,label_compact,DB1,512,5,decrypt,19.643,16675512,7340032,1,false,tight
UC4,label_compact_max,DB1,512,5,setup,217.373,56919776,0,0,false,tight
UC4,label_compact_max,DB1,512,5,precomp,0.000,0,0,0,false,tight
UC4,label_compact_max,DB1,512,5,encrypt,16.357,12598400,0,0,false,tight
UC4,label_compact_max,DB1,512,5,eval,412.581,68937408,0,0,false,tight
UC4,label_compact_max,DB1,512,5,decrypt,24.094,19298088,10485760,1,true,tight
UC4,label_compact_mb,DB1,512,5,setup,221.756,51134816,0,0,false,tight
UC4,label_compact_mb,DB1,512,5,precomp,0.000,0,0,0,false,tight
UC4,label_compact_mb,DB1,512,5,encrypt,17.532,11966960,0,0,false,tight
UC4,label_compact_mb,DB1,512,5,eval,280.321,44513928,0,0,false,tight
UC4,label_compact_mb,DB1,512,5,decrypt,19.283,6572352,7340032,1,false,tight
UC4,std,DB1,512,6,setup,249.179,59534352,0,0,false,tight
UC4,std,DB1,512,6,precomp,0.000,0,0,0,false,tight
UC4,std,DB1,512,6,encrypt,15.681,7139048,0,0,false,tight
UC4,std,DB1,512,6,eval,291.971,52191576,0,0,false,tight
UC4,std,DB1,512,6,decrypt,8.665,-2226272,4194304,1,true,tight
UC4,label_compact,DB1,512,6,setup,227.006,70571840,0,0,false,tight
UC4,label_compact,DB1,512,6,precomp,0.000,0,0,0,false,tight
UC4,label_compact,DB1,512,6,encrypt,14.990,12598176,0,0,false,tight
UC4,label_compact,DB1,512,6,eval,271.207,44514040,0,0,false,tight
UC4,label_compact,DB1,512,6,decrypt,19.454,-1570496,7340032,1,false,tight
UC4,label_compact_max,DB1,512,6,setup,226.911,51398632,0,0,false,tight
UC4,label_compact_max,DB1,512,6,precomp,0.000,0,0,0,false,tight
UC4,label_compact_max,DB1,512,6,encrypt,17.622,12598192,0,0,false,tight
UC4,label_compact_max,DB1,512,6,eval,416.301,26772152,0,0,false,tight
UC4,label_compact_max,DB1,512,6,decrypt,22.596,-1829200,10485760,1,true,tight
UC4,label_compact_mb,DB1,512,6,setup,223.112,51134592,0,0,false,tight
UC4,label_compact_mb,DB1,512,6,precomp,0.000,0,0,0,false,tight
UC4,label_compact_mb,DB1,512,6,encrypt,16.873,11969232,0,0,false,tight
UC4,label_compact_mb,DB1,512,6,eval,273.235,65273952,0,0,false,tight
UC4,label_compact_mb,DB1,512,6,decrypt,21.073,-1570384,7340032,1,false,tight
UC4,std,DB1,512,7,setup,253.889,59534352,0,0,false,tight
UC4,std,DB1,512,7,precomp,0.000,0,0,0,false,tight
UC4,std,DB1,512,7,encrypt,14.136,7139048,0,0,false,tight
UC4,std,DB1,512,7,eval,293.804,52191576,0,0,false,tight
UC4,std,DB1,512,7,decrypt,9.716,-2226464,4194304,1,true,tight
UC4,label_compact,DB1,512,7,setup,216.454,72146000,0,0,false,tight
UC4,label_compact,DB1,512,7,precomp,0.000,0,0,0,false,tight
UC4,label_compact,DB1,512,7,encrypt,14.982,12598272,0,0,false,tight
UC4,label_compact,DB1,512,7,eval,276.709,24150120,0,0,false,tight
UC4,label_compact,DB1,512,7,decrypt,20.169,-1570720,7340032,1,false,tight
UC4,label_compact_max,DB1,512,7,setup,221.212,51134720,0,0,false,tight
UC4,label_compact_max,DB1,512,7,precomp,0.000,0,0,0,false,tight
UC4,label_compact_max,DB1,512,7,encrypt,18.553,12598256,0,0,false,tight
UC4,label_compact_max,DB1,512,7,eval,411.043,48200840,0,0,false,tight
UC4,label_compact_max,DB1,512,7,decrypt,23.514,-1832192,10485760,1,true,tight
UC4,label_compact_mb,DB1,512,7,setup,221.753,51134816,0,0,false,tight
UC4,label_compact_mb,DB1,512,7,precomp,0.000,0,0,0,false,tight
UC4,label_compact_mb,DB1,512,7,encrypt,16.462,11969504,0,0,false,tight
UC4,label_compact_mb,DB1,512,7,eval,275.039,24150232,0,0,false,tight
UC4,label_compact_mb,DB1,512,7,decrypt,21.698,-1570720,7340032,1,false,tight
UC4,std,DB1,512,8,setup,258.428,75556936,0,0,false,tight
UC4,std,DB1,512,8,precomp,0.000,0,0,0,false,tight
UC4,std,DB1,512,8,encrypt,14.395,7139048,0,0,false,tight
UC4,std,DB1,512,8,eval,291.391,54298520,0,0,false,tight
UC4,std,DB1,512,8,decrypt,10.106,-2226464,4194304,1,true,tight
UC4,label_compact,DB1,512,8,setup,223.618,72145776,0,0,false,tight
UC4,label_compact,DB1,512,8,precomp,0.000,0,0,0,false,tight
UC4,label_compact,DB1,512,8,encrypt,15.307,12598224,0,0,false,tight
UC4,label_compact,DB1,512,8,eval,271.923,44513496,0,0,false,tight
UC4,label_compact,DB1,512,8,decrypt,19.155,16675512,7340032,1,false,tight
UC4,label_compact_max,DB1,512,8,setup,218.857,51134608,0,0,false,tight
UC4,label_compact_max,DB1,512,8,precomp,0.000,0,0,0,false,tight
UC4,label_compact_max,DB1,512,8,encrypt,17.984,12598160,0,0,false,tight
UC4,label_compact_max,DB1,512,8,eval,417.283,40983720,0,0,false,tight
UC4,label_compact_max,DB1,512,8,decrypt,27.892,-1832192,10485760,1,true,tight
UC4,label_compact_mb,DB1,512,8,setup,223.342,72410152,0,0,false,tight
UC4,label_compact_mb,DB1,512,8,precomp,0.000,0,0,0,false,tight
UC4,label_compact_mb,DB1,512,8,encrypt,14.927,11968112,0,0,false,tight
UC4,label_compact_mb,DB1,512,8,eval,274.645,44514264,0,0,false,tight
UC4,label_compact_mb,DB1,512,8,decrypt,19.145,16675624,7340032,1,false,tight
UC4,std,DB1,512,9,setup,246.136,70303768,0,0,false,tight
UC4,std,DB1,512,9,precomp,0.000,0,0,0,false,tight
UC4,std,DB1,512,9,encrypt,13.565,7139048,0,0,false,tight
UC4,std,DB1,512,9,eval,292.763,52191400,0,0,false,tight
UC4,std,DB1,512,9,decrypt,9.295,6305832,4194304,1,true,tight
UC4,label_compact,DB1,512,9,setup,218.897,66892912,0,0,false,tight
UC4,label_compact,DB1,512,9,precomp,0.000,0,0,0,false,tight
UC4,label_compact,DB1,512,9,encrypt,15.282,12597936,0,0,false,tight
UC4,label_compact,DB1,512,9,eval,272.393,85629072,0,0,false,tight
UC4,label_compact,DB1,512,9,decrypt,21.158,-1571600,7340032,1,false,tight
UC4,label_compact_max,DB1,512,9,setup,213.115,66893152,0,0,false,tight
UC4,label_compact_max,DB1,512,9,precomp,0.000,0,0,0,false,tight
UC4,label_compact_max,DB1,512,9,encrypt,15.697,12598032,0,0,false,tight
UC4,label_compact_max,DB1,512,9,eval,425.596,26772040,0,0,false,tight
UC4,label_compact_max,DB1,512,9,decrypt,27.084,5257872,10485760,1,true,tight
UC4,label_compact_mb,DB1,512,9,setup,218.142,67421968,0,0,false,tight
UC4,label_compact_mb,DB1,512,9,precomp,0.001,0,0,0,false,tight
UC4,label_compact_mb,DB1,512,9,encrypt,15.121,11967136,0,0,false,tight
UC4,label_compact_mb,DB1,512,9,eval,276.559,44513272,0,0,false,tight
UC4,label_compact_mb,DB1,512,9,decrypt,19.600,19303792,7340032,1,false,tight
UC4,std,DB1,512,10,setup,251.622,57960048,0,0,false,tight
UC4,std,DB1,512,10,precomp,0.001,0,0,0,false,tight
UC4,std,DB1,512,10,encrypt,13.878,7139048,0,0,false,tight
UC4,std,DB1,512,10,eval,291.712,54298696,0,0,false,tight
UC4,std,DB1,512,10,decrypt,9.461,4860712,4194304,1,true,tight
UC4,label_compact,DB1,512,10,setup,216.382,56919520,0,0,false,tight
UC4,label_compact,DB1,512,10,precomp,0.000,0,0,0,false,tight
UC4,label_compact,DB1,512,10,encrypt,17.165,12598224,0,0,false,tight
UC4,label_compact,DB1,512,10,eval,274.160,24149464,0,0,false,tight
UC4,label_compact,DB1,512,10,decrypt,18.582,16679400,7340032,1,false,tight
UC4,label_compact_max,DB1,512,10,setup,215.736,56387584,0,0,false,tight
UC4,label_compact_max,DB1,512,10,precomp,0.000,0,0,0,false,tight
UC4,label_compact_max,DB1,512,10,encrypt,15.680,12598416,0,0,false,tight
UC4,label_compact_max,DB1,512,10,eval,413.927,48200952,0,0,false,tight
UC4,label_compact_max,DB1,512,10,decrypt,25.780,-1832752,10485760,1,true,tight
UC4,label_compact_mb,DB1,512,10,setup,213.260,72145968,0,0,false,tight
UC4,label_compact_mb,DB1,512,10,precomp,0.000,0,0,0,false,tight
UC4,label_compact_mb,DB1,512,10,encrypt,17.281,11968752,0,0,false,tight
UC4,label_compact_mb,DB1,512,10,eval,264.888,65273952,0,0,false,tight
UC4,label_compact_mb,DB1,512,10,decrypt,19.963,-1570608,7340032,1,false,tight
UC4,std,DB1,512,11,setup,250.941,68465664,0,0,false,tight
UC4,std,DB1,512,11,precomp,0.000,0,0,0,false,tight
UC4,std,DB1,512,11,encrypt,13.444,7139048,0,0,false,tight
UC4,std,DB1,512,11,eval,292.694,54298520,0,0,false,tight
UC4,std,DB1,512,11,decrypt,9.581,4860712,4194304,1,true,tight
UC4,label_compact,DB1,512,11,setup,218.364,61639936,0,0,false,tight
UC4,label_compact,DB1,512,11,precomp,0.000,0,0,0,false,tight
UC4,label_compact,DB1,512,11,encrypt,15.449,12598096,0,0,false,tight
UC4,label_compact,DB1,512,11,eval,274.324,24149576,0,0,false,tight
UC4,label_compact,DB1,512,11,decrypt,18.738,-1570720,7340032,1,false,tight
UC4,label_compact_max,DB1,512,11,setup,220.715,72145696,0,0,false,tight
UC4,label_compact_max,DB1,512,11,precomp,0.000,0,0,0,false,tight
UC4,label_compact_max,DB1,512,11,encrypt,16.069,12598464,0,0,false,tight
UC4,label_compact_max,DB1,512,11,eval,421.613,45359608,0,0,false,tight
UC4,label_compact_max,DB1,512,11,decrypt,24.456,-1832304,10485760,1,true,tight
UC4,label_compact_mb,DB1,512,11,setup,219.726,51134544,0,0,false,tight
UC4,label_compact_mb,DB1,512,11,precomp,0.001,0,0,0,false,tight
UC4,label_compact_mb,DB1,512,11,encrypt,16.237,11967504,0,0,false,tight
UC4,label_compact_mb,DB1,512,11,eval,292.293,24149688,0,0,false,tight
UC4,label_compact_mb,DB1,512,11,decrypt,22.109,-1570704,7340032,1,false,tight
UC4,std,DB1,512,12,setup,259.951,65319088,0,0,false,tight
UC4,std,DB1,512,12,precomp,0.000,0,0,0,false,tight
UC4,std,DB1,512,12,encrypt,14.022,7139048,0,0,false,tight
UC4,std,DB1,512,12,eval,308.564,53245144,0,0,false,tight
UC4,std,DB1,512,12,decrypt,8.608,4860712,4194304,1,true,tight
UC4,label_compact,DB1,512,12,setup,223.878,72145888,0,0,false,tight
UC4,label_compact,DB1,512,12,precomp,0.001,0,0,0,false,tight
UC4,label_compact,DB1,512,12,encrypt,15.217,12598352,0,0,false,tight
UC4,label_compact,DB1,512,12,eval,277.388,65273520,0,0,false,tight
UC4,label_compact,DB1,512,12,decrypt,20.274,16675736,7340032,1,false,tight
UC4,label_compact_max,DB1,512,12,setup,220.704,72146256,0,0,false,tight
UC4,label_compact_max,DB1,512,12,precomp,0.000,0,0,0,false,tight
UC4,label_compact_max,DB1,512,12,encrypt,14.858,12598144,0,0,false,tight
UC4,label_compact_max,DB1,512,12,eval,421.761,68946416,0,0,false,tight
UC4,label_compact_max,DB1,512,12,decrypt,25.005,-1832080,10485760,1,true,tight
UC4,label_compact_mb,DB1,512,12,setup,223.858,72145632,0,0,false,tight
UC4,label_compact_mb,DB1,512,12,precomp,0.000,0,0,0,false,tight
UC4,label_compact_mb,DB1,512,12,encrypt,16.538,11967808,0,0,false,tight
UC4,label_compact_mb,DB1,512,12,eval,273.602,85622464,0,0,false,tight
UC4,label_compact_mb,DB1,512,12,decrypt,20.851,16675736,7340032,1,false,tight
UC4,std,DB1,512,13,setup,247.683,70039712,0,0,false,tight
UC4,std,DB1,512,13,precomp,0.000,0,0,0,false,tight
UC4,std,DB1,512,13,encrypt,13.903,7139048,0,0,false,tight
UC4,std,DB1,512,13,eval,292.594,52191400,0,0,false,tight
UC4,std,DB1,512,13,decrypt,9.165,6306024,4194304,1,true,tight
UC4,label_compact,DB1,512,13,setup,221.137,51134576,0,0,false,tight
UC4,label_compact,DB1,512,13,precomp,0.000,0,0,0,false,tight
UC4,label_compact,DB1,512,13,encrypt,16.924,12598320,0,0,false,tight
UC4,label_compact,DB1,512,13,eval,277.306,65261856,0,0,false,tight
UC4,label_compact,DB1,512,13,decrypt,22.215,16675064,7340032,1,false,tight
UC4,label_compact_max,DB1,512,13,setup,221.912,51134608,0,0,false,tight
UC4,label_compact_max,DB1,512,13,precomp,0.000,0,0,0,false,tight
UC4,label_compact_max,DB1,512,13,encrypt,15.952,12598304,0,0,false,tight
UC4,label_compact_max,DB1,512,13,eval,434.122,68383608,0,0,false,tight
UC4,label_compact_max,DB1,512,13,decrypt,24.154,-253112,10485760,1,true,tight
UC4,label_compact_mb,DB1,512,13,setup,219.340,51134544,0,0,false,tight
UC4,label_compact_mb,DB1,512,13,precomp,0.000,0,0,0,false,tight
UC4,label_compact_mb,DB1,512,13,encrypt,16.958,11968352,0,0,false,tight
UC4,label_compact_mb,DB1,512,13,eval,278.365,44514440,0,0,false,tight
UC4,label_compact_mb,DB1,512,13,decrypt,20.344,16675160,7340032,1,false,tight
UC4,std,DB1,512,14,setup,240.000,68465664,0,0,false,tight
UC4,std,DB1,512,14,precomp,0.001,0,0,0,false,tight
UC4,std,DB1,512,14,encrypt,13.840,7139048,0,0,false,tight
UC4,std,DB1,512,14,eval,321.696,54298696,0,0,false,tight
UC4,std,DB1,512,14,decrypt,7.965,6305832,4194304,1,true,tight
UC4,label_compact,DB1,512,14,setup,240.173,72145776,0,0,false,tight
UC4,label_compact,DB1,512,14,precomp,0.000,0,0,0,false,tight
UC4,label_compact,DB1,512,14,encrypt,16.705,12598288,0,0,false,tight
UC4,label_compact,DB1,512,14,eval,334.153,85622480,0,0,false,tight
UC4,label_compact,DB1,512,14,decrypt,19.566,19296624,7340032,1,false,tight
UC4,label_compact_max,DB1,512,14,setup,239.521,61640080,0,0,false,tight
UC4,label_compact_max,DB1,512,14,precomp,0.000,0,0,0,false,tight
UC4,label_compact_max,DB1,512,14,encrypt,17.975,12598432,0,0,false,tight
UC4,label_compact_max,DB1,512,14,eval,424.832,41428520,0,0,false,tight
UC4,label_compact_max,DB1,512,14,decrypt,24.980,19297976,10485760,1,true,tight
UC4,label_compact_mb,DB1,512,14,setup,215.971,72145744,0,0,false,tight
UC4,label_compact_mb,DB1,512,14,precomp,0.000,0,0,0,false,tight
UC4,label_compact_mb,DB1,512,14,encrypt,15.170,11968304,0,0,false,tight
UC4,label_compact_mb,DB1,512,14,eval,282.240,65273296,0,0,false,tight
UC4,label_compact_mb,DB1,512,14,decrypt,20.644,16675064,7340032,1,false,tight
UC4,std,DB1,512,15,setup,246.913,70571824,0,0,false,tight
UC4,std,DB1,512,15,precomp,0.000,0,0,0,false,tight
UC4,std,DB1,512,15,encrypt,14.016,7139048,0,0,false,tight
UC4,std,DB1,512,15,eval,293.554,52191576,0,0,false,tight
UC4,std,DB1,512,15,decrypt,9.362,6305832,4194304,1,true,tight
UC4,label_compact,DB1,512,15,setup,217.023,61639936,0,0,false,tight
UC4,label_compact,DB1,512,15,precomp,0.000,0,0,0,false,tight
UC4,label_compact,DB1,512,15,encrypt,15.476,12598304,0,0,false,tight
UC4,label_compact,DB1,512,15,eval,268.147,85637232,0,0,false,tight
UC4,label_compact,DB1,512,15,decrypt,21.366,-1570720,7340032,1,false,tight
UC4,label_compact_max,DB1,512,15,setup,220.401,72145808,0,0,false,tight
UC4,label_compact_max,DB1,512,15,precomp,0.000,0,0,0,false,tight
UC4,label_compact_max,DB1,512,15,encrypt,14.889,12598368,0,0,false,tight
UC4,label_compact_max,DB1,512,15,eval,418.132,48184728,0,0,false,tight
UC4,label_compact_max,DB1,512,15,decrypt,23.636,19297528,10485760,1,true,tight
UC4,label_compact_mb,DB1,512,15,setup,220.260,51134544,0,0,false,tight
UC4,label_compact_mb,DB1,512,15,precomp,0.000,0,0,0,false,tight
UC4,label_compact_mb,DB1,512,15,encrypt,15.523,11967824,0,0,false,tight
UC4,label_compact_mb,DB1,512,15,eval,276.682,44513928,0,0,false,tight
UC4,label_compact_mb,DB1,512,15,decrypt,20.169,-1570720,7340032,1,false,tight
UC4,std,DB1,512,16,setup,249.185,70303896,0,0,false,tight
UC4,std,DB1,512,16,precomp,0.000,0,0,0,false,tight
UC4,std,DB1,512,16,encrypt,14.607,7139048,0,0,false,tight
UC4,std,DB1,512,16,eval,291.659,52191464,0,0,false,tight
UC4,std,DB1,512,16,decrypt,9.121,-2226464,4194304,1,true,tight
UC4,label_compact,DB1,512,16,setup,214.867,61640048,0,0,false,tight
UC4,label_compact,DB1,512,16,precomp,0.000,0,0,0,false,tight
UC4,label_compact,DB1,512,16,encrypt,18.375,12598240,0,0,false,tight
UC4,label_compact,DB1,512,16,eval,274.098,85637120,0,0,false,tight
UC4,label_compact,DB1,512,16,decrypt,20.411,-1570608,7340032,1,false,tight
UC4,label_compact_max,DB1,512,16,setup,219.004,70571872,0,0,false,tight
UC4,label_compact_max,DB1,512,16,precomp,0.000,0,0,0,false,tight
UC4,label_compact_max,DB1,512,16,encrypt,16.705,12598384,0,0,false,tight
UC4,label_compact_max,DB1,512,16,eval,410.812,68946000,0,0,false,tight
UC4,label_compact_max,DB1,512,16,decrypt,26.504,-1832416,10485760,1,true,tight
UC4,label_compact_mb,DB1,512,16,setup,215.349,72145744,0,0,false,tight
UC4,label_compact_mb,DB1,512,16,precomp,0.000,0,0,0,false,tight
UC4,label_compact_mb,DB1,512,16,encrypt,15.088,11968928,0,0,false,tight
UC4,label_compact_mb,DB1,512,16,eval,274.067,44505240,0,0,false,tight
UC4,label_compact_mb,DB1,512,16,decrypt,19.579,16675064,7340032,1,false,tight
UC4,std,DB1,512,17,setup,249.428,70039488,0,0,false,tight
UC4,std,DB1,512,17,precomp,0.000,0,0,0,false,tight
UC4,std,DB1,512,17,encrypt,14.785,7139048,0,0,false,tight
UC4,std,DB1,512,17,eval,288.293,52191576,0,0,false,tight
UC4,std,DB1,512,17,decrypt,9.386,-2226464,4194304,1,true,tight
UC4,label_compact,DB1,512,17,setup,224.122,51134576,0,0,false,tight
UC4,label_compact,DB1,512,17,precomp,0.000,0,0,0,false,tight
UC4,label_compact,DB1,512,17,encrypt,18.183,12598208,0,0,false,tight
UC4,label_compact,DB1,512,17,eval,269.399,44513272,0,0,false,tight
UC4,label_compact,DB1,512,17,decrypt,19.381,16675736,7340032,1,false,tight
UC4,label_compact_max,DB1,512,17,setup,219.782,72145808,0,0,false,tight
UC4,label_compact_max,DB1,512,17,precomp,0.000,0,0,0,false,tight
UC4,label_compact_max,DB1,512,17,encrypt,15.270,12598256,0,0,false,tight
UC4,label_compact_max,DB1,512,17,eval,411.898,48184104,0,0,false,tight
UC4,label_compact_max,DB1,512,17,decrypt,22.489,22450528,10485760,1,true,tight
UC4,label_compact_mb,DB1,512,17,setup,215.532,51398568,0,0,false,tight
UC4,label_compact_mb,DB1,512,17,precomp,0.000,0,0,0,false,tight
UC4,label_compact_mb,DB1,512,17,encrypt,16.984,11968192,0,0,false,tight
UC4,label_compact_mb,DB1,512,17,eval,279.016,65274064,0,0,false,tight
UC4,label_compact_mb,DB1,512,17,decrypt,19.381,16675288,7340032,1,false,tight
UC4,std,DB1,512,18,setup,249.303,70571824,0,0,false,tight
UC4,std,DB1,512,18,precomp,0.000,0,0,0,false,tight
UC4,std,DB1,512,18,encrypt,15.036,7139048,0,0,false,tight
UC4,std,DB1,512,18,eval,291.809,54298520,0,0,false,tight
UC4,std,DB1,512,18,decrypt,9.301,-2226464,4194304,1,true,tight
UC4,label_compact,DB1,512,18,setup,224.849,72145664,0,0,false,tight
UC4,label_compact,DB1,512,18,precomp,0.000,0,0,0,false,tight
UC4,label_compact,DB1,512,18,encrypt,16.005,12598368,0,0,false,tight
UC4,label_compact,DB1,512,18,eval,277.393,24149576,0,0,false,tight
UC4,label_compact,DB1,512,18,decrypt,19.614,-1570720,7340032,1,false,tight
UC4,label_compact_max,DB1,512,18,setup,227.081,56387472,0,0,false,tight
UC4,label_compact_max,DB1,512,18,precomp,0.000,0,0,0,false,tight
UC4,label_compact_max,DB1,512,18,encrypt,16.685,12598256,0,0,false,tight
UC4,label_compact_max,DB1,512,18,eval,417.671,48183992,0,0,false,tight
UC4,label_compact_max,DB1,512,18,decrypt,24.091,1846816,10485760,1,true,tight
UC4,label_compact_mb,DB1,512,18,setup,217.631,61640272,0,0,false,tight
UC4,label_compact_mb,DB1,512,18,precomp,0.000,0,0,0,false,tight
UC4,label_compact_mb,DB1,512,18,encrypt,14.910,11968416,0,0,false,tight
UC4,label_compact_mb,DB1,512,18,eval,280.879,44498744,0,0,false,tight
UC4,label_compact_mb,DB1,512,18,decrypt,19.866,16676184,7340032,1,false,tight
UC4,std,DB1,512,19,setup,249.774,70039600,0,0,false,tight
UC4,std,DB1,512,19,precomp,0.001,0,0,0,false,tight
UC4,std,DB1,512,19,encrypt,16.189,7139048,0,0,false,tight
UC4,std,DB1,512,19,eval,297.271,52191576,0,0,false,tight
UC4,std,DB1,512,19,decrypt,8.350,6305832,4194304,1,true,tight
UC4,label_compact,DB1,512,19,setup,225.040,70572064,0,0,false,tight
UC4,label_compact,DB1,512,19,precomp,0.000,0,0,0,false,tight
UC4,label_compact,DB1,512,19,encrypt,15.864,12598352,0,0,false,tight
UC4,label_compact,DB1,512,19,eval,281.649,24149576,0,0,false,tight
UC4,label_compact,DB1,512,19,decrypt,20.927,-1570720,7340032,1,false,tight
UC4,label_compact_max,DB1,512,19,setup,221.269,51134608,0,0,false,tight
UC4,label_compact_max,DB1,512,19,precomp,0.000,0,0,0,false,tight
UC4,label_compact_max,DB1,512,19,encrypt,16.605,12598096,0,0,false,tight
UC4,label_compact_max,DB1,512,19,eval,414.680,48200824,0,0,false,tight
UC4,label_compact_max,DB1,512,19,decrypt,24.890,-1832752,10485760,1,true,tight
UC4,label_compact_mb,DB1,512,19,setup,229.819,51134656,0,0,false,tight
UC4,label_compact_mb,DB1,512,19,precomp,0.000,0,0,0,false,tight
UC4,label_compact_mb,DB1,512,19,encrypt,15.695,11966608,0,0,false,tight
UC4,label_compact_mb,DB1,512,19,eval,283.022,65273760,0,0,false,tight
UC4,label_compact_mb,DB1,512,19,decrypt,18.879,16675512,7340032,1,false,tight
UC4,std,DB1,512,20,setup,253.932,60062624,0,0,false,tight
UC4,std,DB1,512,20,precomp,0.000,0,0,0,false,tight
UC4,std,DB1,512,20,encrypt,15.188,7139048,0,0,false,tight
UC4,std,DB1,512,20,eval,292.717,52191400,0,0,false,tight
UC4,std,DB1,512,20,decrypt,8.711,-2226464,4194304,1,true,tight
UC4,label_compact,DB1,512,20,setup,219.549,51134576,0,0,false,tight
UC4,label_compact,DB1,512,20,precomp,0.000,0,0,0,false,tight
UC4,label_compact,DB1,512,20,encrypt,17.949,12598688,0,0,false,tight
UC4,label_compact,DB1,512,20,eval,274.822,85637120,0,0,false,tight
UC4,label_compact,DB1,512,20,decrypt,19.341,16675848,7340032,1,false,tight
UC4,label_compact_max,DB1,512,20,setup,221.659,72145808,0,0,false,tight
UC4,label_compact_max,DB1,512,20,precomp,0.000,0,0,0,false,tight
UC4,label_compact_max,DB1,512,20,encrypt,16.238,12598336,0,0,false,tight
UC4,label_compact_max,DB1,512,20,eval,417.075,26771496,0,0,false,tight
UC4,label_compact_max,DB1,512,20,decrypt,23.195,19297528,10485760,1,true,tight
UC4,label_compact_mb,DB1,512,20,setup,218.020,70572032,0,0,false,tight
UC4,label_compact_mb,DB1,512,20,precomp,0.000,0,0,0,false,tight
UC4,label_compact_mb,DB1,512,20,encrypt,14.795,11966736,0,0,false,tight
UC4,label_compact_mb,DB1,512,20,eval,276.056,64323768,0,0,false,tight
UC4,label_compact_mb,DB1,512,20,decrypt,18.979,4733216,7340032,1,false,tight
UC4,std,DB2,100000,1,setup,253.584,59534176,0,0,false,tight
UC4,std,DB2,100000,1,precomp,0.000,0,0,0,false,tight
UC4,std,DB2,100000,1,encrypt,95.763,26251688,0,0,false,tight
UC4,std,DB2,100000,1,eval,1988.897,38766872,0,0,false,tight
UC4,std,DB2,100000,1,decrypt,8.733,4860264,4194304,1,true,tight
UC4,label_compact,DB2,100000,1,setup,217.188,67425248,0,0,false,tight
UC4,label_compact,DB2,100000,1,precomp,0.000,0,0,0,false,tight
UC4,label_compact,DB2,100000,1,encrypt,114.904,50931640,0,0,false,tight
UC4,label_compact,DB2,100000,1,eval,1797.495,125279880,0,0,false,tight
UC4,label_compact,DB2,100000,1,decrypt,109.846,-20453808,45088768,1,false,tight
UC4,label_compact_max,DB2,100000,1,setup,216.397,67425168,0,0,false,tight
UC4,label_compact_max,DB2,100000,1,precomp,0.000,0,0,0,false,tight
UC4,label_compact_max,DB2,100000,1,encrypt,114.758,50931864,0,0,false,tight
UC4,label_compact_max,DB2,100000,1,eval,2766.086,136295848,0,0,false,tight
UC4,label_compact_max,DB2,100000,1,decrypt,126.252,37285408,60817408,1,true,tight
UC4,label_compact_mb,DB2,100000,1,setup,209.826,61640064,0,0,false,tight
UC4,label_compact_mb,DB2,100000,1,precomp,0.000,0,0,0,false,tight
UC4,label_compact_mb,DB2,100000,1,encrypt,119.905,49511368,0,0,false,tight
UC4,label_compact_mb,DB2,100000,1,eval,1752.837,117996120,0,0,false,tight
UC4,label_compact_mb,DB2,100000,1,decrypt,105.067,32565248,45088768,1,false,tight
UC4,std,DB2,100000,2,setup,245.674,70571824,0,0,false,tight
UC4,std,DB2,100000,2,precomp,0.000,0,0,0,false,tight
UC4,std,DB2,100000,2,encrypt,93.856,26251688,0,0,false,tight
UC4,std,DB2,100000,2,eval,1932.407,38766872,0,0,false,tight
UC4,std,DB2,100000,2,decrypt,8.218,4860264,4194304,1,true,tight
UC4,label_compact,DB2,100000,2,setup,214.283,72146256,0,0,false,tight
UC4,label_compact,DB2,100000,2,precomp,0.000,0,0,0,false,tight
UC4,label_compact,DB2,100000,2,encrypt,112.885,50931400,0,0,false,tight
UC4,label_compact,DB2,100000,2,eval,1720.512,84155936,0,0,false,tight
UC4,label_compact,DB2,100000,2,decrypt,108.604,16679400,45088768,1,false,tight
UC4,label_compact_max,DB2,100000,2,setup,211.432,56919552,0,0,false,tight
UC4,label_compact_max,DB2,100000,2,precomp,0.000,0,0,0,false,tight
UC4,label_compact_max,DB2,100000,2,encrypt,112.709,50931608,0,0,false,tight
UC4,label_compact_max,DB2,100000,2,eval,2701.775,73359960,0,0,false,tight
UC4,label_compact_max,DB2,100000,2,decrypt,129.970,15622000,60817408,1,true,tight
UC4,label_compact_mb,DB2,100000,2,setup,209.772,61639952,0,0,false,tight
UC4,label_compact_mb,DB2,100000,2,precomp,0.000,0,0,0,false,tight
UC4,label_compact_mb,DB2,100000,2,encrypt,117.515,49516792,0,0,false,tight
UC4,label_compact_mb,DB2,100000,2,eval,1731.919,104519632,0,0,false,tight
UC4,label_compact_mb,DB2,100000,2,decrypt,107.666,16675176,45088768,1,false,tight
UC4,std,DB2,100000,3,setup,238.742,59798952,0,0,false,tight
UC4,std,DB2,100000,3,precomp,0.000,0,0,0,false,tight
UC4,std,DB2,100000,3,encrypt,95.543,26251688,0,0,false,tight
UC4,std,DB2,100000,3,eval,1938.592,38766760,0,0,false,tight
UC4,std,DB2,100000,3,decrypt,8.667,4860264,4194304,1,true,tight
UC4,label_compact,DB2,100000,3,setup,215.787,56919632,0,0,false,tight
UC4,label_compact,DB2,100000,3,precomp,0.000,0,0,0,false,tight
UC4,label_compact,DB2,100000,3,encrypt,115.965,50931672,0,0,false,tight
UC4,label_compact,DB2,100000,3,eval,1739.093,125264472,0,0,false,tight
UC4,label_compact,DB2,100000,3,decrypt,107.554,16679512,45088768,1,false,tight
UC4,label_compact_max,DB2,100000,3,setup,215.210,51398632,0,0,false,tight
UC4,label_compact_max,DB2,100000,3,precomp,0.000,0,0,0,false,tight
UC4,label_compact_max,DB2,100000,3,encrypt,113.736,50931224,0,0,false,tight
UC4,label_compact_max,DB2,100000,3,eval,2752.563,115533584,0,0,false,tight
UC4,label_compact_max,DB2,100000,3,decrypt,131.046,24288568,60817408,1,true,tight
UC4,label_compact_mb,DB2,100000,3,setup,208.310,66893024,0,0,false,tight
UC4,label_compact_mb,DB2,100000,3,precomp,0.000,0,0,0,false,tight
UC4,label_compact_mb,DB2,100000,3,encrypt,117.595,49504264,0,0,false,tight
UC4,label_compact_mb,DB2,100000,3,eval,1764.327,84143872,0,0,false,tight
UC4,label_compact_mb,DB2,100000,3,decrypt,108.719,16675176,45088768,1,false,tight
UC4,std,DB2,100000,4,setup,244.531,54545496,0,0,false,tight
UC4,std,DB2,100000,4,precomp,0.000,0,0,0,false,tight
UC4,std,DB2,100000,4,encrypt,92.968,26251688,0,0,false,tight
UC4,std,DB2,100000,4,eval,2476.593,38766872,0,0,false,tight
UC4,std,DB2,100000,4,decrypt,9.582,4860264,4194304,1,true,tight
UC4,label_compact,DB2,100000,4,setup,221.485,51399192,0,0,false,tight
UC4,label_compact,DB2,100000,4,precomp,0.000,0,0,0,false,tight
UC4,label_compact,DB2,100000,4,encrypt,123.860,50931240,0,0,false,tight
UC4,label_compact,DB2,100000,4,eval,1772.224,63395576,0,0,false,tight
UC4,label_compact,DB2,100000,4,decrypt,113.455,16679416,45088768,1,false,tight
UC4,label_compact_max,DB2,100000,4,setup,213.769,61640080,0,0,false,tight
UC4,label_compact_max,DB2,100000,4,precomp,0.001,0,0,0,false,tight
UC4,label_compact_max,DB2,100000,4,encrypt,114.943,50931736,0,0,false,tight
UC4,label_compact_max,DB2,100000,4,eval,2726.452,94112624,0,0,false,tight
UC4,label_compact_max,DB2,100000,4,decrypt,128.195,19298648,60817408,1,true,tight
UC4,label_compact_mb,DB2,100000,4,setup,211.678,51666672,0,0,false,tight
UC4,label_compact_mb,DB2,100000,4,precomp,0.000,0,0,0,false,tight
UC4,label_compact_mb,DB2,100000,4,encrypt,118.027,49511800,0,0,false,tight
UC4,label_compact_mb,DB2,100000,4,eval,1752.545,104519760,0,0,false,tight
UC4,label_compact_mb,DB2,100000,4,decrypt,110.096,16675288,45088768,1,false,tight
UC4,std,DB2,100000,5,setup,243.746,68466000,0,0,false,tight
UC4,std,DB2,100000,5,precomp,0.000,0,0,0,false,tight
UC4,std,DB2,100000,5,encrypt,94.014,26251688,0,0,false,tight
UC4,std,DB2,100000,5,eval,1956.615,40873800,0,0,false,tight
UC4,std,DB2,100000,5,decrypt,9.445,4860264,4194304,1,true,tight
UC4,label_compact,DB2,100000,5,setup,208.327,67425248,0,0,false,tight
UC4,label_compact,DB2,100000,5,precomp,0.000,0,0,0,false,tight
UC4,label_compact,DB2,100000,5,encrypt,118.912,50931592,0,0,false,tight
UC4,label_compact,DB2,100000,5,eval,1811.042,125128872,0,0,false,tight
UC4,label_compact,DB2,100000,5,decrypt,111.790,29940856,45088768,1,false,tight
UC4,label_compact_max,DB2,100000,5,setup,212.970,72145696,0,0,false,tight
UC4,label_compact_max,DB2,100000,5,precomp,0.000,0,0,0,false,tight
UC4,label_compact_max,DB2,100000,5,encrypt,112.994,50931768,0,0,false,tight
UC4,label_compact_max,DB2,100000,5,eval,2666.421,115533472,0,0,false,tight
UC4,label_compact_max,DB2,100000,5,decrypt,130.832,-27004096,60817408,1,true,tight
UC4,label_compact_mb,DB2,100000,5,setup,210.059,56919536,0,0,false,tight
UC4,label_compact_mb,DB2,100000,5,precomp,0.001,0,0,0,false,tight
UC4,label_compact_mb,DB2,100000,5,encrypt,126.966,49516280,0,0,false,tight
UC4,label_compact_mb,DB2,100000,5,eval,1789.390,125280712,0,0,false,tight
UC4,label_compact_mb,DB2,100000,5,decrypt,109.521,29940856,45088768,1,false,tight
UC4,std,DB2,100000,6,setup,243.079,59798840,0,0,false,tight
UC4,std,DB2,100000,6,precomp,0.000,0,0,0,false,tight
UC4,std,DB2,100000,6,encrypt,94.699,26251688,0,0,false,tight
UC4,std,DB2,100000,6,eval,1935.619,39820312,0,0,false,tight
UC4,std,DB2,100000,6,decrypt,8.257,4860264,4194304,1,true,tight
UC4,label_compact,DB2,100000,6,setup,215.868,51398792,0,0,false,tight
UC4,label_compact,DB2,100000,6,precomp,0.000,0,0,0,false,tight
UC4,label_compact,DB2,100000,6,encrypt,114.898,50931224,0,0,false,tight
UC4,label_compact,DB2,100000,6,eval,1738.470,84144480,0,0,false,tight
UC4,label_compact,DB2,100000,6,decrypt,107.005,-19135672,45088768,1,false,tight
UC4,label_compact_max,DB2,100000,6,setup,213.052,70571984,0,0,false,tight
UC4,label_compact_max,DB2,100000,6,precomp,0.000,0,0,0,false,tight
UC4,label_compact_max,DB2,100000,6,encrypt,112.647,50931368,0,0,false,tight
UC4,label_compact_max,DB2,100000,6,eval,2807.312,51947336,0,0,false,tight
UC4,label_compact_max,DB2,100000,6,decrypt,128.301,40961968,60817408,1,true,tight
UC4,label_compact_mb,DB2,100000,6,setup,218.428,56652440,0,0,false,tight
UC4,label_compact_mb,DB2,100000,6,precomp,0.000,0,0,0,false,tight
UC4,label_compact_mb,DB2,100000,6,encrypt,120.782,49508856,0,0,false,tight
UC4,label_compact_mb,DB2,100000,6,eval,1740.644,84155808,0,0,false,tight
UC4,label_compact_mb,DB2,100000,6,decrypt,108.097,21141720,45088768,1,false,tight
UC4,std,DB2,100000,7,setup,244.450,70039600,0,0,false,tight
UC4,std,DB2,100000,7,precomp,0.000,0,0,0,false,tight
UC4,std,DB2,100000,7,encrypt,96.235,26251688,0,0,false,tight
UC4,std,DB2,100000,7,eval,1948.846,38766856,0,0,false,tight
UC4,std,DB2,100000,7,decrypt,9.529,4860264,4194304,1,true,tight
UC4,label_compact,DB2,100000,7,setup,209.099,56915920,0,0,false,tight
UC4,label_compact,DB2,100000,7,precomp,0.000,0,0,0,false,tight
UC4,label_compact,DB2,100000,7,encrypt,121.390,50931416,0,0,false,tight
UC4,label_compact,DB2,100000,7,eval,1769.386,125279768,0,0,false,tight
UC4,label_compact,DB2,100000,7,decrypt,112.485,29936408,45088768,1,false,tight
UC4,label_compact_max,DB2,100000,7,setup,212.282,66893200,0,0,false,tight
UC4,label_compact_max,DB2,100000,7,precomp,0.000,0,0,0,false,tight
UC4,label_compact_max,DB2,100000,7,encrypt,116.075,50931688,0,0,false,tight
UC4,label_compact_max,DB2,100000,7,eval,2726.347,136295048,0,0,false,tight
UC4,label_compact_max,DB2,100000,7,decrypt,139.588,37285408,60817408,1,true,tight
UC4,label_compact_mb,DB2,100000,7,setup,209.186,60066240,0,0,false,tight
UC4,label_compact_mb,DB2,100000,7,precomp,0.000,0,0,0,false,tight
UC4,label_compact_mb,DB2,100000,7,encrypt,117.672,49508440,0,0,false,tight
UC4,label_compact_mb,DB2,100000,7,eval,1768.421,125264616,0,0,false,tight
UC4,label_compact_mb,DB2,100000,7,decrypt,103.422,-19135672,45088768,1,false,tight
UC4,std,DB2,100000,8,setup,240.188,65318960,0,0,false,tight
UC4,std,DB2,100000,8,precomp,0.001,0,0,0,false,tight
UC4,std,DB2,100000,8,encrypt,94.448,26251688,0,0,false,tight
UC4,std,DB2,100000,8,eval,1963.058,41927560,0,0,false,tight
UC4,std,DB2,100000,8,decrypt,9.604,4860264,4194304,1,true,tight
UC4,label_compact,DB2,100000,8,setup,212.583,67425136,0,0,false,tight
UC4,label_compact,DB2,100000,8,precomp,0.001,0,0,0,false,tight
UC4,label_compact,DB2,100000,8,encrypt,113.216,50931320,0,0,false,tight
UC4,label_compact,DB2,100000,8,eval,1723.360,84147344,0,0,false,tight
UC4,label_compact,DB2,100000,8,decrypt,111.800,-14148400,45088768,1,false,tight
UC4,label_compact_max,DB2,100000,8,setup,218.193,72146064,0,0,false,tight
UC4,label_compact_max,DB2,100000,8,precomp,0.000,0,0,0,false,tight
UC4,label_compact_max,DB2,100000,8,encrypt,111.334,50931768,0,0,false,tight
UC4,label_compact_max,DB2,100000,8,eval,2642.704,115550336,0,0,false,tight
UC4,label_compact_max,DB2,100000,8,decrypt,124.634,24289016,60817408,1,true,tight
UC4,label_compact_mb,DB2,100000,8,setup,210.632,56919648,0,0,false,tight
UC4,label_compact_mb,DB2,100000,8,precomp,0.000,0,0,0,false,tight
UC4,label_compact_mb,DB2,100000,8,encrypt,116.748,49510296,0,0,false,tight
UC4,label_compact_mb,DB2,100000,8,eval,1753.605,125268216,0,0,false,tight
UC4,label_compact_mb,DB2,100000,8,decrypt,106.088,-20453776,45088768,1,false,tight
UC4,std,DB2,100000,9,setup,244.170,70039856,0,0,false,tight
UC4,std,DB2,100000,9,precomp,0.001,0,0,0,false,tight
UC4,std,DB2,100000,9,encrypt,94.208,26251688,0,0,false,tight
UC4,std,DB2,100000,9,eval,1943.662,40873976,0,0,false,tight
UC4,std,DB2,100000,9,decrypt,8.521,4860264,4194304,1,true,tight
UC4,label_compact,DB2,100000,9,setup,210.148,66893168,0,0,false,tight
UC4,label_compact,DB2,100000,9,precomp,0.000,0,0,0,false,tight
UC4,label_compact,DB2,100000,9,encrypt,112.539,50932040,0,0,false,tight
UC4,label_compact,DB2,100000,9,eval,1759.119,56773400,0,0,false,tight
UC4,label_compact,DB2,100000,9,decrypt,103.275,-14148848,45088768,1,false,tight
UC4,label_compact_max,DB2,100000,9,setup,210.086,56915840,0,0,false,tight
UC4,label_compact_max,DB2,100000,9,precomp,0.000,0,0,0,false,tight
UC4,label_compact_max,DB2,100000,9,encrypt,113.915,50931592,0,0,false,tight
UC4,label_compact_max,DB2,100000,9,eval,2663.942,73360232,0,0,false,tight
UC4,label_compact_max,DB2,100000,9,decrypt,127.902,-27006976,60817408,1,true,tight
UC4,label_compact_mb,DB2,100000,9,setup,214.629,67425152,0,0,false,tight
UC4,label_compact_mb,DB2,100000,9,precomp,0.000,0,0,0,false,tight
UC4,label_compact_mb,DB2,100000,9,encrypt,120.202,49507480,0,0,false,tight
UC4,label_compact_mb,DB2,100000,9,eval,1737.143,84144592,0,0,false,tight
UC4,label_compact_mb,DB2,100000,9,decrypt,105.114,16675736,45088768,1,false,tight
UC4,std,DB2,100000,10,setup,242.424,54545992,0,0,false,tight
UC4,std,DB2,100000,10,precomp,0.000,0,0,0,false,tight
UC4,std,DB2,100000,10,encrypt,93.337,26251688,0,0,false,tight
UC4,std,DB2,100000,10,eval,1929.683,38766648,0,0,false,tight
UC4,std,DB2,100000,10,decrypt,8.393,4860264,4194304,1,true,tight
UC4,label_compact,DB2,100000,10,setup,214.191,67425136,0,0,false,tight
UC4,label_compact,DB2,100000,10,precomp,0.000,0,0,0,false,tight
UC4,label_compact,DB2,100000,10,encrypt,113.423,50931560,0,0,false,tight
UC4,label_compact,DB2,100000,10,eval,1731.482,63396840,0,0,false,tight
UC4,label_compact,DB2,100000,10,decrypt,105.415,-19135448,45088768,1,false,tight
UC4,label_compact_max,DB2,100000,10,setup,210.458,67425392,0,0,false,tight
UC4,label_compact_max,DB2,100000,10,precomp,0.000,0,0,0,false,tight
UC4,label_compact_max,DB2,100000,10,encrypt,112.152,50931576,0,0,false,tight
UC4,label_compact_max,DB2,100000,10,eval,2661.508,136295816,0,0,false,tight
UC4,label_compact_max,DB2,100000,10,decrypt,132.418,-27007760,60817408,1,true,tight
UC4,label_compact_mb,DB2,100000,10,setup,214.617,66893136,0,0,false,tight
UC4,label_compact_mb,DB2,100000,10,precomp,0.001,0,0,0,false,tight
UC4,label_compact_mb,DB2,100000,10,encrypt,116.238,49510024,0,0,false,tight
UC4,label_compact_mb,DB2,100000,10,eval,1712.868,84156800,0,0,false,tight
UC4,label_compact_mb,DB2,100000,10,decrypt,111.556,20879328,45088768,1,false,tight
UC4,std,DB2,100000,11,setup,238.217,65315584,0,0,false,tight
UC4,std,DB2,100000,11,precomp,0.000,0,0,0,false,tight
UC4,std,DB2,100000,11,encrypt,93.037,26251688,0,0,false,tight
UC4,std,DB2,100000,11,eval,1927.302,38766856,0,0,false,tight
UC4,std,DB2,100000,11,decrypt,8.977,4860264,4194304,1,true,tight
UC4,label_compact,DB2,100000,11,setup,207.913,66893168,0,0,false,tight
UC4,label_compact,DB2,100000,11,precomp,0.000,0,0,0,false,tight
UC4,label_compact,DB2,100000,11,encrypt,114.521,50931544,0,0,false,tight
UC4,label_compact,DB2,100000,11,eval,1759.227,145643480,0,0,false,tight
UC4,label_compact,DB2,100000,11,decrypt,103.350,19303664,45088768,1,false,tight
UC4,label_compact_max,DB2,100000,11,setup,213.376,56916064,0,0,false,tight
UC4,label_compact_max,DB2,100000,11,precomp,0.000,0,0,0,false,tight
UC4,label_compact_max,DB2,100000,11,encrypt,113.126,50931624,0,0,false,tight
UC4,label_compact_max,DB2,100000,11,eval,2672.754,136296152,0,0,false,tight
UC4,label_compact_max,DB2,100000,11,decrypt,127.251,19301864,60817408,1,true,tight
UC4,label_compact_mb,DB2,100000,11,setup,211.882,66892976,0,0,false,tight
UC4,label_compact_mb,DB2,100000,11,precomp,0.000,0,0,0,false,tight
UC4,label_compact_mb,DB2,100000,11,encrypt,126.807,49511496,0,0,false,tight
UC4,label_compact_mb,DB2,100000,11,eval,1751.336,84156496,0,0,false,tight
UC4,label_compact_mb,DB2,100000,11,decrypt,108.462,34403304,45088768,1,false,tight
UC4,std,DB2,100000,12,setup,245.617,70039920,0,0,false,tight
UC4,std,DB2,100000,12,precomp,0.000,0,0,0,false,tight
UC4,std,DB2,100000,12,encrypt,94.728,26251688,0,0,false,tight
UC4,std,DB2,100000,12,eval,1934.926,38766648,0,0,false,tight
UC4,std,DB2,100000,12,decrypt,8.606,4860376,4194304,1,true,tight
UC4,label_compact,DB2,100000,12,setup,209.568,67425136,0,0,false,tight
UC4,label_compact,DB2,100000,12,precomp,0.000,0,0,0,false,tight
UC4,label_compact,DB2,100000,12,encrypt,111.754,50931336,0,0,false,tight
UC4,label_compact,DB2,100000,12,eval,1734.051,104519536,0,0,false,tight
UC4,label_compact,DB2,100000,12,decrypt,104.386,19303776,45088768,1,false,tight
UC4,label_compact_max,DB2,100000,12,setup,213.158,61640080,0,0,false,tight
UC4,label_compact_max,DB2,100000,12,precomp,0.000,0,0,0,false,tight
UC4,label_compact_max,DB2,100000,12,encrypt,112.719,50931544,0,0,false,tight
UC4,label_compact_max,DB2,100000,12,eval,2687.144,73359656,0,0,false,tight
UC4,label_compact_max,DB2,100000,12,decrypt,125.840,30456992,60817408,1,true,tight
UC4,label_compact_mb,DB2,100000,12,setup,209.524,61640016,0,0,false,tight
UC4,label_compact_mb,DB2,100000,12,precomp,0.000,0,0,0,false,tight
UC4,label_compact_mb,DB2,100000,12,encrypt,118.330,49511128,0,0,false,tight
UC4,label_compact_mb,DB2,100000,12,eval,1728.816,104511392,0,0,false,tight
UC4,label_compact_mb,DB2,100000,12,decrypt,106.137,-19135656,45088768,1,false,tight
UC4,std,DB2,100000,13,setup,242.519,54281376,0,0,false,tight
UC4,std,DB2,100000,13,precomp,0.000,0,0,0,false,tight
UC4,std,DB2,100000,13,encrypt,92.996,26251688,0,0,false,tight
UC4,std,DB2,100000,13,eval,1924.066,38766632,0,0,false,tight
UC4,std,DB2,100000,13,decrypt,8.494,4860264,4194304,1,true,tight
UC4,label_compact,DB2,100000,13,setup,214.063,67425248,0,0,false,tight
UC4,label_compact,DB2,100000,13,precomp,0.001,0,0,0,false,tight
UC4,label_compact,DB2,100000,13,encrypt,111.863,50931608,0,0,false,tight
UC4,label_compact,DB2,100000,13,eval,1741.585,86003280,0,0,false,tight
UC4,label_compact,DB2,100000,13,decrypt,111.549,16675176,45088768,1,false,tight
UC4,label_compact_max,DB2,100000,13,setup,216.633,67425280,0,0,false,tight
UC4,label_compact_max,DB2,100000,13,precomp,0.000,0,0,0,false,tight
UC4,label_compact_max,DB2,100000,13,encrypt,111.722,50931480,0,0,false,tight
UC4,label_compact_max,DB2,100000,13,eval,2660.277,136294968,0,0,false,tight
UC4,label_compact_max,DB2,100000,13,decrypt,124.849,34133192,60817408,1,true,tight
UC4,label_compact_mb,DB2,100000,13,setup,210.901,56919376,0,0,false,tight
UC4,label_compact_mb,DB2,100000,13,precomp,0.001,0,0,0,false,tight
UC4,label_compact_mb,DB2,100000,13,encrypt,119.310,49512088,0,0,false,tight
UC4,label_compact_mb,DB2,100000,13,eval,1747.316,63381144,0,0,false,tight
UC4,label_compact_mb,DB2,100000,13,decrypt,106.555,20879440,45088768,1,false,tight
UC4,std,DB2,100000,14,setup,240.635,54407048,0,0,false,tight
UC4,std,DB2,100000,14,precomp,0.000,0,0,0,false,tight
UC4,std,DB2,100000,14,encrypt,94.454,26251688,0,0,false,tight
UC4,std,DB2,100000,14,eval,1927.775,38766744,0,0,false,tight
UC4,std,DB2,100000,14,decrypt,8.386,4860264,4194304,1,true,tight
UC4,label_compact,DB2,100000,14,setup,209.336,67425248,0,0,false,tight
UC4,label_compact,DB2,100000,14,precomp,0.000,0,0,0,false,tight
UC4,label_compact,DB2,100000,14,encrypt,112.307,50931448,0,0,false,tight
UC4,label_compact,DB2,100000,14,eval,1734.547,145643368,0,0,false,tight
UC4,label_compact,DB2,100000,14,decrypt,106.710,16675736,45088768,1,false,tight
UC4,label_compact_max,DB2,100000,14,setup,210.684,56784576,0,0,false,tight
UC4,label_compact_max,DB2,100000,14,precomp,0.000,0,0,0,false,tight
UC4,label_compact_max,DB2,100000,14,encrypt,118.259,50931432,0,0,false,tight
UC4,label_compact_max,DB2,100000,14,eval,2656.811,94109328,0,0,false,tight
UC4,label_compact_max,DB2,100000,14,decrypt,125.400,37285408,60817408,1,true,tight
UC4,label_compact_mb,DB2,100000,14,setup,204.466,72145856,0,0,false,tight
UC4,label_compact_mb,DB2,100000,14,precomp,0.000,0,0,0,false,tight
UC4,label_compact_mb,DB2,100000,14,encrypt,120.852,49509448,0,0,false,tight
UC4,label_compact_mb,DB2,100000,14,eval,1751.465,43032104,0,0,false,tight
UC4,label_compact_mb,DB2,100000,14,decrypt,108.182,-17560224,45088768,1,false,tight
UC4,std,DB2,100000,15,setup,243.528,65318960,0,0,false,tight
UC4,std,DB2,100000,15,precomp,0.000,0,0,0,false,tight
UC4,std,DB2,100000,15,encrypt,94.961,26251688,0,0,false,tight
UC4,std,DB2,100000,15,eval,1928.767,41927544,0,0,false,tight
UC4,std,DB2,100000,15,decrypt,8.304,4860264,4194304,1,true,tight
UC4,label_compact,DB2,100000,15,setup,207.280,56916032,0,0,false,tight
UC4,label_compact,DB2,100000,15,precomp,0.001,0,0,0,false,tight
UC4,label_compact,DB2,100000,15,encrypt,112.665,50931544,0,0,false,tight
UC4,label_compact,DB2,100000,15,eval,1738.995,43033016,0,0,false,tight
UC4,label_compact,DB2,100000,15,decrypt,107.309,29936968,45088768,1,false,tight
UC4,label_compact_max,DB2,100000,15,setup,211.049,56652344,0,0,false,tight
UC4,label_compact_max,DB2,100000,15,precomp,0.000,0,0,0,false,tight
UC4,label_compact_max,DB2,100000,15,encrypt,116.019,50931352,0,0,false,tight
UC4,label_compact_max,DB2,100000,15,eval,2682.988,136295816,0,0,false,tight
UC4,label_compact_max,DB2,100000,15,decrypt,124.459,15622000,60817408,1,true,tight
UC4,label_compact_mb,DB2,100000,15,setup,207.380,62172240,0,0,false,tight
UC4,label_compact_mb,DB2,100000,15,precomp,0.000,0,0,0,false,tight
UC4,label_compact_mb,DB2,100000,15,encrypt,120.918,49515448,0,0,false,tight
UC4,label_compact_mb,DB2,100000,15,eval,1756.851,63387544,0,0,false,tight
UC4,label_compact_mb,DB2,100000,15,decrypt,109.486,16675288,45088768,1,false,tight
UC4,std,DB2,100000,16,setup,242.467,54545384,0,0,false,tight
UC4,std,DB2,100000,16,precomp,0.000,0,0,0,false,tight
UC4,std,DB2,100000,16,encrypt,95.835,26251688,0,0,false,tight
UC4,std,DB2,100000,16,eval,1929.698,38766648,0,0,false,tight
UC4,std,DB2,100000,16,decrypt,9.382,4860264,4194304,1,true,tight
UC4,label_compact,DB2,100000,16,setup,213.266,67425360,0,0,false,tight
UC4,label_compact,DB2,100000,16,precomp,0.000,0,0,0,false,tight
UC4,label_compact,DB2,100000,16,encrypt,111.559,50931512,0,0,false,tight
UC4,label_compact,DB2,100000,16,eval,1729.320,63396008,0,0,false,tight
UC4,label_compact,DB2,100000,16,decrypt,108.741,16675736,45088768,1,false,tight
UC4,label_compact_max,DB2,100000,16,setup,222.093,51134720,0,0,false,tight
UC4,label_compact_max,DB2,100000,16,precomp,0.001,0,0,0,false,tight
UC4,label_compact_max,DB2,100000,16,encrypt,115.643,50932072,0,0,false,tight
UC4,label_compact_max,DB2,100000,16,eval,2653.214,115533472,0,0,false,tight
UC4,label_compact_max,DB2,100000,16,decrypt,131.977,37285408,60817408,1,true,tight
UC4,label_compact_mb,DB2,100000,16,setup,214.132,51398680,0,0,false,tight
UC4,label_compact_mb,DB2,100000,16,precomp,0.000,0,0,0,false,tight
UC4,label_compact_mb,DB2,100000,16,encrypt,119.420,49510408,0,0,false,tight
UC4,label_compact_mb,DB2,100000,16,eval,1757.352,63396216,0,0,false,tight
UC4,label_compact_mb,DB2,100000,16,decrypt,107.692,21141720,45088768,1,false,tight
UC4,std,DB2,100000,17,setup,246.131,59798952,0,0,false,tight
UC4,std,DB2,100000,17,precomp,0.000,0,0,0,false,tight
UC4,std,DB2,100000,17,encrypt,93.887,26251688,0,0,false,tight
UC4,std,DB2,100000,17,eval,1930.480,39820248,0,0,false,tight
UC4,std,DB2,100000,17,decrypt,8.285,4860376,4194304,1,true,tight
UC4,label_compact,DB2,100000,17,setup,208.805,66893280,0,0,false,tight
UC4,label_compact,DB2,100000,17,precomp,0.000,0,0,0,false,tight
UC4,label_compact,DB2,100000,17,encrypt,112.747,50931240,0,0,false,tight
UC4,label_compact,DB2,100000,17,eval,1735.776,125268440,0,0,false,tight
UC4,label_compact,DB2,100000,17,decrypt,108.135,19303664,45088768,1,false,tight
UC4,label_compact_max,DB2,100000,17,setup,213.158,56919440,0,0,false,tight
UC4,label_compact_max,DB2,100000,17,precomp,0.000,0,0,0,false,tight
UC4,label_compact_max,DB2,100000,17,encrypt,111.973,50931800,0,0,false,tight
UC4,label_compact_max,DB2,100000,17,eval,2681.950,73359736,0,0,false,tight
UC4,label_compact_max,DB2,100000,17,decrypt,130.543,-23328176,60817408,1,true,tight
UC4,label_compact_mb,DB2,100000,17,setup,216.807,51399608,0,0,false,tight
UC4,label_compact_mb,DB2,100000,17,precomp,0.000,0,0,0,false,tight
UC4,label_compact_mb,DB2,100000,17,encrypt,116.521,49516680,0,0,false,tight
UC4,label_compact_mb,DB2,100000,17,eval,1721.119,44886504,0,0,false,tight
UC4,label_compact_mb,DB2,100000,17,decrypt,108.726,-19135784,45088768,1,false,tight
UC4,std,DB2,100000,18,setup,241.119,70039696,0,0,false,tight
UC4,std,DB2,100000,18,precomp,0.000,0,0,0,false,tight
UC4,std,DB2,100000,18,encrypt,93.654,26251688,0,0,false,tight
UC4,std,DB2,100000,18,eval,1931.496,39820216,0,0,false,tight
UC4,std,DB2,100000,18,decrypt,9.695,4860264,4194304,1,true,tight
UC4,label_compact,DB2,100000,18,setup,199.763,60066336,0,0,false,tight
UC4,label_compact,DB2,100000,18,precomp,0.000,0,0,0,false,tight
UC4,label_compact,DB2,100000,18,encrypt,112.400,50931480,0,0,false,tight
UC4,label_compact,DB2,100000,18,eval,1737.650,84156352,0,0,false,tight
UC4,label_compact,DB2,100000,18,decrypt,107.153,16675288,45088768,1,false,tight
UC4,label_compact_max,DB2,100000,18,setup,213.485,51666576,0,0,false,tight
UC4,label_compact_max,DB2,100000,18,precomp,0.000,0,0,0,false,tight
UC4,label_compact_max,DB2,100000,18,encrypt,116.520,50931544,0,0,false,tight
UC4,label_compact_max,DB2,100000,18,eval,2672.917,51946936,0,0,false,tight
UC4,label_compact_max,DB2,100000,18,decrypt,128.001,-25428120,60817408,1,true,tight
UC4,label_compact_mb,DB2,100000,18,setup,206.391,67157864,0,0,false,tight
UC4,label_compact_mb,DB2,100000,18,precomp,0.000,0,0,0,false,tight
UC4,label_compact_mb,DB2,100000,18,encrypt,117.881,49515544,0,0,false,tight
UC4,label_compact_mb,DB2,100000,18,eval,1740.889,104511168,0,0,false,tight
UC4,label_compact_mb,DB2,100000,18,decrypt,110.724,16674392,45088768,1,false,tight
UC4,std,DB2,100000,19,setup,238.344,73718640,0,0,false,tight
UC4,std,DB2,100000,19,precomp,0.000,0,0,0,false,tight
UC4,std,DB2,100000,19,encrypt,92.524,26251688,0,0,false,tight
UC4,std,DB2,100000,19,eval,1937.860,38766648,0,0,false,tight
UC4,std,DB2,100000,19,decrypt,8.562,4860264,4194304,1,true,tight
UC4,label_compact,DB2,100000,19,setup,212.497,67157400,0,0,false,tight
UC4,label_compact,DB2,100000,19,precomp,0.000,0,0,0,false,tight
UC4,label_compact,DB2,100000,19,encrypt,111.738,50931640,0,0,false,tight
UC4,label_compact,DB2,100000,19,eval,1744.146,125271624,0,0,false,tight
UC4,label_compact,DB2,100000,19,decrypt,106.049,21141680,45088768,1,false,tight
UC4,label_compact_max,DB2,100000,19,setup,209.419,67425168,0,0,false,tight
UC4,label_compact_max,DB2,100000,19,precomp,0.001,0,0,0,false,tight
UC4,label_compact_max,DB2,100000,19,encrypt,113.790,50931864,0,0,false,tight
UC4,label_compact_max,DB2,100000,19,eval,2657.619,136295048,0,0,false,tight
UC4,label_compact_max,DB2,100000,19,decrypt,126.714,34133528,60817408,1,true,tight
UC4,label_compact_mb,DB2,100000,19,setup,209.038,62168752,0,0,false,tight
UC4,label_compact_mb,DB2,100000,19,precomp,0.000,0,0,0,false,tight
UC4,label_compact_mb,DB2,100000,19,encrypt,120.042,49516920,0,0,false,tight
UC4,label_compact_mb,DB2,100000,19,eval,1732.396,63395784,0,0,false,tight
UC4,label_compact_mb,DB2,100000,19,decrypt,105.039,-14149072,45088768,1,false,tight
UC4,std,DB2,100000,20,setup,243.138,64786992,0,0,false,tight
UC4,std,DB2,100000,20,precomp,0.000,0,0,0,false,tight
UC4,std,DB2,100000,20,encrypt,93.023,26251688,0,0,false,tight
UC4,std,DB2,100000,20,eval,1925.907,38766872,0,0,false,tight
UC4,std,DB2,100000,20,decrypt,7.889,4860264,4194304,1,true,tight
UC4,label_compact,DB2,100000,20,setup,208.755,66893008,0,0,false,tight
UC4,label_compact,DB2,100000,20,precomp,0.001,0,0,0,false,tight
UC4,label_compact,DB2,100000,20,encrypt,112.559,50931496,0,0,false,tight
UC4,label_compact,DB2,100000,20,eval,1745.931,125279544,0,0,false,tight
UC4,label_compact,DB2,100000,20,decrypt,109.837,-14148624,45088768,1,false,tight
UC4,label_compact_max,DB2,100000,20,setup,211.133,56652344,0,0,false,tight
UC4,label_compact_max,DB2,100000,20,precomp,0.000,0,0,0,false,tight
UC4,label_compact_max,DB2,100000,20,encrypt,112.763,50931496,0,0,false,tight
UC4,label_compact_max,DB2,100000,20,eval,2661.290,136295048,0,0,false,tight
UC4,label_compact_max,DB2,100000,20,decrypt,129.108,22450624,60817408,1,true,tight
UC4,label_compact_mb,DB2,100000,20,setup,213.151,51666624,0,0,false,tight
UC4,label_compact_mb,DB2,100000,20,precomp,0.000,0,0,0,false,tight
UC4,label_compact_mb,DB2,100000,20,encrypt,119.692,49514264,0,0,false,tight
UC4,label_compact_mb,DB2,100000,20,eval,1763.571,104504752,0,0,false,tight
UC4,label_compact_mb,DB2,100000,20,decrypt,109.168,-17560224,45088768,1,false,tight
UC4,std,DB3,1000000,1,setup,242.562,65319008,0,0,false,tight
UC4,std,DB3,1000000,1,precomp,0.001,0,0,0,false,tight
UC4,std,DB3,1000000,1,encrypt,824.712,137814264,0,0,false,tight
UC4,std,DB3,1000000,1,eval,16905.692,60002488,0,0,false,tight
UC4,std,DB3,1000000,1,decrypt,7.624,11820192,4194304,1,true,tight
UC4,label_compact,DB3,1000000,1,setup,194.420,77379456,0,0,false,tight
UC4,label_compact,DB3,1000000,1,precomp,0.001,0,0,0,false,tight
UC4,label_compact,DB3,1000000,1,encrypt,972.196,221686440,0,0,false,tight
UC4,label_compact,DB3,1000000,1,eval,14874.331,339485232,0,0,false,tight
UC4,label_compact,DB3,1000000,1,decrypt,957.549,29935960,391118848,1,false,tight
UC4,label_compact_max,DB3,1000000,1,setup,198.829,51663968,0,0,false,tight
UC4,label_compact_max,DB3,1000000,1,precomp,0.000,0,0,0,false,tight
UC4,label_compact_max,DB3,1000000,1,encrypt,965.645,221686472,0,0,false,tight
UC4,label_compact_max,DB3,1000000,1,eval,22706.454,599350144,0,0,false,tight
UC4,label_compact_max,DB3,1000000,1,decrypt,1056.439,238670384,522190848,1,true,tight
UC4,label_compact_mb,DB3,1000000,1,setup,198.959,77399024,0,0,false,tight
UC4,label_compact_mb,DB3,1000000,1,precomp,0.000,0,0,0,false,tight
UC4,label_compact_mb,DB3,1000000,1,encrypt,1011.181,194043752,0,0,false,tight
UC4,label_compact_mb,DB3,1000000,1,eval,14546.808,442102688,0,0,false,tight
UC4,label_compact_mb,DB3,1000000,1,decrypt,878.768,189074872,391118848,1,false,tight
UC4,std,DB3,1000000,2,setup,227.102,75557592,0,0,false,tight
UC4,std,DB3,1000000,2,precomp,0.000,0,0,0,false,tight
UC4,std,DB3,1000000,2,encrypt,825.679,137814976,0,0,false,tight
UC4,std,DB3,1000000,2,eval,16883.729,60002664,0,0,false,tight
UC4,std,DB3,1000000,2,decrypt,7.582,11820192,4194304,1,true,tight
UC4,label_compact,DB3,1000000,2,setup,195.262,77398896,0,0,false,tight
UC4,label_compact,DB3,1000000,2,precomp,0.000,0,0,0,false,tight
UC4,label_compact,DB3,1000000,2,encrypt,968.112,221686440,0,0,false,tight
UC4,label_compact,DB3,1000000,2,eval,14473.839,524350704,0,0,false,tight
UC4,label_compact,DB3,1000000,2,decrypt,878.647,56458776,391118848,1,false,tight
UC4,label_compact_max,DB3,1000000,2,setup,197.931,77398560,0,0,false,tight
UC4,label_compact_max,DB3,1000000,2,precomp,0.000,0,0,0,false,tight
UC4,label_compact_max,DB3,1000000,2,encrypt,969.146,267759400,0,0,false,tight
UC4,label_compact_max,DB3,1000000,2,eval,22696.389,620692840,0,0,false,tight
UC4,label_compact_max,DB3,1000000,2,decrypt,1046.143,241821512,522190848,1,true,tight
UC4,label_compact_mb,DB3,1000000,2,setup,197.914,56387088,0,0,false,tight
UC4,label_compact_mb,DB3,1000000,2,precomp,0.000,0,0,0,false,tight
UC4,label_compact_mb,DB3,1000000,2,encrypt,1006.364,194040648,0,0,false,tight
UC4,label_compact_mb,DB3,1000000,2,eval,14390.459,257232512,0,0,false,tight
UC4,label_compact_mb,DB3,1000000,2,decrypt,841.718,202335336,391118848,1,false,tight
UC4,std,DB3,1000000,3,setup,219.355,64786736,0,0,false,tight
UC4,std,DB3,1000000,3,precomp,0.000,0,0,0,false,tight
UC4,std,DB3,1000000,3,encrypt,797.129,137270384,0,0,false,tight
UC4,std,DB3,1000000,3,eval,16319.156,60002680,0,0,false,tight
UC4,std,DB3,1000000,3,decrypt,7.261,11820192,4194304,1,true,tight
UC4,label_compact,DB3,1000000,3,setup,189.196,77399120,0,0,false,tight
UC4,label_compact,DB3,1000000,3,precomp,0.000,0,0,0,false,tight
UC4,label_compact,DB3,1000000,3,encrypt,945.657,226805928,0,0,false,tight
UC4,label_compact,DB3,1000000,3,eval,14059.416,600439800,0,0,false,tight
UC4,label_compact,DB3,1000000,3,decrypt,847.305,189073416,391118848,1,false,tight
UC4,label_compact_max,DB3,1000000,3,setup,190.435,56651576,0,0,false,tight
UC4,label_compact_max,DB3,1000000,3,precomp,0.000,0,0,0,false,tight
UC4,label_compact_max,DB3,1000000,3,encrypt,929.130,221686232,0,0,false,tight
UC4,label_compact_max,DB3,1000000,3,eval,21899.662,599349360,0,0,false,tight
UC4,label_compact_max,DB3,1000000,3,decrypt,1002.272,212155400,522190848,1,true,tight
UC4,label_compact_mb,DB3,1000000,3,setup,189.940,56387088,0,0,false,tight
UC4,label_compact_mb,DB3,1000000,3,precomp,0.000,0,0,0,false,tight
UC4,label_compact_mb,DB3,1000000,3,encrypt,963.537,194039448,0,0,false,tight
UC4,label_compact_mb,DB3,1000000,3,eval,13891.862,565474312,0,0,false,tight
UC4,label_compact_mb,DB3,1000000,3,decrypt,841.158,189073416,391118848,1,false,tight
UC4,std,DB3,1000000,4,setup,215.498,65318960,0,0,false,tight
UC4,std,DB3,1000000,4,precomp,0.000,0,0,0,false,tight
UC4,std,DB3,1000000,4,encrypt,788.235,137814264,0,0,false,tight
UC4,std,DB3,1000000,4,eval,16041.819,60002488,0,0,false,tight
UC4,std,DB3,1000000,4,decrypt,7.204,11820192,4194304,1,true,tight
UC4,label_compact,DB3,1000000,4,setup,191.709,51134912,0,0,false,tight
UC4,label_compact,DB3,1000000,4,precomp,0.000,0,0,0,false,tight
UC4,label_compact,DB3,1000000,4,encrypt,930.277,221686184,0,0,false,tight
UC4,label_compact,DB3,1000000,4,eval,13858.178,483226632,0,0,false,tight
UC4,label_compact,DB3,1000000,4,decrypt,839.475,202334888,391118848,1,false,tight
UC4,label_compact_max,DB3,1000000,4,setup,190.079,77398560,0,0,false,tight
UC4,label_compact_max,DB3,1000000,4,precomp,0.000,0,0,0,false,tight
UC4,label_compact_max,DB3,1000000,4,encrypt,924.415,283115600,0,0,false,tight
UC4,label_compact_max,DB3,1000000,4,eval,21630.061,367058408,0,0,false,tight
UC4,label_compact_max,DB3,1000000,4,decrypt,1005.099,212151736,522190848,1,true,tight
UC4,label_compact_mb,DB3,1000000,4,setup,190.251,56915664,0,0,false,tight
UC4,label_compact_mb,DB3,1000000,4,precomp,0.001,0,0,0,false,tight
UC4,label_compact_mb,DB3,1000000,4,encrypt,967.494,194042632,0,0,false,tight
UC4,label_compact_mb,DB3,1000000,4,eval,13888.846,339490848,0,0,false,tight
UC4,label_compact_mb,DB3,1000000,4,decrypt,840.891,206802664,391118848,1,false,tight
UC4,std,DB3,1000000,5,setup,218.431,70039488,0,0,false,tight
UC4,std,DB3,1000000,5,precomp,0.000,0,0,0,false,tight
UC4,std,DB3,1000000,5,encrypt,785.333,137270272,0,0,false,tight
UC4,std,DB3,1000000,5,eval,16029.790,60002440,0,0,false,tight
UC4,std,DB3,1000000,5,decrypt,7.156,11820192,4194304,1,true,tight
UC4,label_compact,DB3,1000000,5,setup,186.310,77398752,0,0,false,tight
UC4,label_compact,DB3,1000000,5,precomp,0.000,0,0,0,false,tight
UC4,label_compact,DB3,1000000,5,encrypt,928.462,221686504,0,0,false,tight
UC4,label_compact,DB3,1000000,5,eval,13830.899,586234224,0,0,false,tight
UC4,label_compact,DB3,1000000,5,decrypt,840.183,202334888,391118848,1,false,tight
UC4,label_compact_max,DB3,1000000,5,setup,188.951,77398560,0,0,false,tight
UC4,label_compact_max,DB3,1000000,5,precomp,0.001,0,0,0,false,tight
UC4,label_compact_max,DB3,1000000,5,encrypt,921.129,237972944,0,0,false,tight
UC4,label_compact_max,DB3,1000000,5,eval,21626.927,746431512,0,0,false,tight
UC4,label_compact_max,DB3,1000000,5,decrypt,1000.553,212152408,522190848,1,true,tight
UC4,label_compact_mb,DB3,1000000,5,setup,187.382,56652440,0,0,false,tight
UC4,label_compact_mb,DB3,1000000,5,precomp,0.000,0,0,0,false,tight
UC4,label_compact_mb,DB3,1000000,5,encrypt,967.028,189149064,0,0,false,tight
UC4,label_compact_mb,DB3,1000000,5,eval,13865.772,359855664,0,0,false,tight
UC4,label_compact_mb,DB3,1000000,5,decrypt,837.163,215596344,391118848,1,false,tight
UC4,std,DB3,1000000,6,setup,216.534,75557544,0,0,false,tight
UC4,std,DB3,1000000,6,precomp,0.000,0,0,0,false,tight
UC4,std,DB3,1000000,6,encrypt,787.014,137270272,0,0,false,tight
UC4,std,DB3,1000000,6,eval,16011.267,60002488,0,0,false,tight
UC4,std,DB3,1000000,6,decrypt,8.802,11820192,4194304,1,true,tight
UC4,label_compact,DB3,1000000,6,setup,191.112,72651584,0,0,false,tight
UC4,label_compact,DB3,1000000,6,precomp,0.000,0,0,0,false,tight
UC4,label_compact,DB3,1000000,6,encrypt,935.064,221685960,0,0,false,tight
UC4,label_compact,DB3,1000000,6,eval,13827.347,545110504,0,0,false,tight
UC4,label_compact,DB3,1000000,6,decrypt,837.730,189073528,391118848,1,false,tight
UC4,label_compact_max,DB3,1000000,6,setup,185.346,51663584,0,0,false,tight
UC4,label_compact_max,DB3,1000000,6,precomp,0.000,0,0,0,false,tight
UC4,label_compact_max,DB3,1000000,6,encrypt,922.393,221686536,0,0,false,tight
UC4,label_compact_max,DB3,1000000,6,eval,21646.624,766247656,0,0,false,tight
UC4,label_compact_max,DB3,1000000,6,decrypt,999.142,241825176,522190848,1,true,tight
UC4,label_compact_mb,DB3,1000000,6,setup,187.381,51399304,0,0,false,tight
UC4,label_compact_mb,DB3,1000000,6,precomp,0.000,0,0,0,false,tight
UC4,label_compact_mb,DB3,1000000,6,encrypt,964.395,194045048,0,0,false,tight
UC4,label_compact_mb,DB3,1000000,6,eval,13883.200,503986976,0,0,false,tight
UC4,label_compact_mb,DB3,1000000,6,decrypt,838.143,189074312,391118848,1,false,tight
UC4,std,DB3,1000000,7,setup,217.704,75821824,0,0,false,tight
UC4,std,DB3,1000000,7,precomp,0.000,0,0,0,false,tight
UC4,std,DB3,1000000,7,encrypt,785.406,137270272,0,0,false,tight
UC4,std,DB3,1000000,7,eval,16027.751,60002488,0,0,false,tight
UC4,std,DB3,1000000,7,decrypt,7.234,11820192,4194304,1,true,tight
UC4,label_compact,DB3,1000000,7,setup,186.398,77374384,0,0,false,tight
UC4,label_compact,DB3,1000000,7,precomp,0.000,0,0,0,false,tight
UC4,label_compact,DB3,1000000,7,encrypt,932.179,221685992,0,0,false,tight
UC4,label_compact,DB3,1000000,7,eval,13845.610,442102688,0,0,false,tight
UC4,label_compact,DB3,1000000,7,decrypt,838.536,189073528,391118848,1,false,tight
UC4,label_compact_max,DB3,1000000,7,setup,188.110,51663344,0,0,false,tight
UC4,label_compact_max,DB3,1000000,7,precomp,0.000,0,0,0,false,tight
UC4,label_compact_max,DB3,1000000,7,encrypt,920.929,221686184,0,0,false,tight
UC4,label_compact_max,DB3,1000000,7,eval,21631.655,451414296,0,0,false,tight
UC4,label_compact_max,DB3,1000000,7,decrypt,998.285,182485736,522190848,1,true,tight
UC4,label_compact_mb,DB3,1000000,7,setup,191.169,60066128,0,0,false,tight
UC4,label_compact_mb,DB3,1000000,7,precomp,0.000,0,0,0,false,tight
UC4,label_compact_mb,DB3,1000000,7,encrypt,963.916,189153720,0,0,false,tight
UC4,label_compact_mb,DB3,1000000,7,eval,13859.651,565473768,0,0,false,tight
UC4,label_compact_mb,DB3,1000000,7,decrypt,840.164,215597016,391118848,1,false,tight
UC4,std,DB3,1000000,8,setup,220.459,70304696,0,0,false,tight
UC4,std,DB3,1000000,8,precomp,0.000,0,0,0,false,tight
UC4,std,DB3,1000000,8,encrypt,785.603,137270272,0,0,false,tight
UC4,std,DB3,1000000,8,eval,16073.237,60002488,0,0,false,tight
UC4,std,DB3,1000000,8,decrypt,7.537,11820192,4194304,1,true,tight
UC4,label_compact,DB3,1000000,8,setup,188.017,77399008,0,0,false,tight
UC4,label_compact,DB3,1000000,8,precomp,0.000,0,0,0,false,tight
UC4,label_compact,DB3,1000000,8,encrypt,933.775,221685992,0,0,false,tight
UC4,label_compact,DB3,1000000,8,eval,13855.258,339490624,0,0,false,tight
UC4,label_compact,DB3,1000000,8,decrypt,836.931,189073416,391118848,1,false,tight
UC4,label_compact_max,DB3,1000000,8,setup,190.154,51663744,0,0,false,tight
UC4,label_compact_max,DB3,1000000,8,precomp,0.000,0,0,0,false,tight
UC4,label_compact_max,DB3,1000000,8,encrypt,920.202,221686216,0,0,false,tight
UC4,label_compact_max,DB3,1000000,8,eval,21661.947,515000384,0,0,false,tight
UC4,label_compact_max,DB3,1000000,8,decrypt,1001.287,226986632,522190848,1,true,tight
UC4,label_compact_mb,DB3,1000000,8,setup,187.750,54813376,0,0,false,tight
UC4,label_compact_mb,DB3,1000000,8,precomp,0.000,0,0,0,false,tight
UC4,label_compact_mb,DB3,1000000,8,encrypt,958.960,194039416,0,0,false,tight
UC4,label_compact_mb,DB3,1000000,8,eval,13858.671,524349808,0,0,false,tight
UC4,label_compact_mb,DB3,1000000,8,decrypt,834.293,189073864,391118848,1,false,tight
UC4,std,DB3,1000000,9,setup,215.905,70571824,0,0,false,tight
UC4,std,DB3,1000000,9,precomp,0.000,0,0,0,false,tight
UC4,std,DB3,1000000,9,encrypt,785.673,137270272,0,0,false,tight
UC4,std,DB3,1000000,9,eval,16052.572,60002440,0,0,false,tight
UC4,std,DB3,1000000,9,decrypt,7.197,11820192,4194304,1,true,tight
UC4,label_compact,DB3,1000000,9,setup,185.129,77399008,0,0,false,tight
UC4,label_compact,DB3,1000000,9,precomp,0.000,0,0,0,false,tight
UC4,label_compact,DB3,1000000,9,encrypt,931.185,221686504,0,0,false,tight
UC4,label_compact,DB3,1000000,9,eval,13880.394,442103024,0,0,false,tight
UC4,label_compact,DB3,1000000,9,decrypt,838.138,189073416,391118848,1,false,tight
UC4,label_compact_max,DB3,1000000,9,setup,189.522,77398672,0,0,false,tight
UC4,label_compact_max,DB3,1000000,9,precomp,0.000,0,0,0,false,tight
UC4,label_compact_max,DB3,1000000,9,encrypt,922.990,231925768,0,0,false,tight
UC4,label_compact_max,DB3,1000000,9,eval,21621.768,577952656,0,0,false,tight
UC4,label_compact_max,DB3,1000000,9,decrypt,1006.157,212155400,522190848,1,true,tight
UC4,label_compact_mb,DB3,1000000,9,setup,190.996,56387296,0,0,false,tight
UC4,label_compact_mb,DB3,1000000,9,precomp,0.000,0,0,0,false,tight
UC4,label_compact_mb,DB3,1000000,9,encrypt,968.412,194038280,0,0,false,tight
UC4,label_compact_mb,DB3,1000000,9,eval,13855.107,421724976,0,0,false,tight
UC4,label_compact_mb,DB3,1000000,9,decrypt,836.703,189073416,391118848,1,false,tight
UC4,std,DB3,1000000,10,setup,217.592,65318960,0,0,false,tight
UC4,std,DB3,1000000,10,precomp,0.000,0,0,0,false,tight
UC4,std,DB3,1000000,10,encrypt,785.040,137270272,0,0,false,tight
UC4,std,DB3,1000000,10,eval,16041.461,60002488,0,0,false,tight
UC4,std,DB3,1000000,10,decrypt,7.183,11820192,4194304,1,true,tight
UC4,label_compact,DB3,1000000,10,setup,185.722,77398640,0,0,false,tight
UC4,label_compact,DB3,1000000,10,precomp,0.000,0,0,0,false,tight
UC4,label_compact,DB3,1000000,10,encrypt,929.038,221686472,0,0,false,tight
UC4,label_compact,DB3,1000000,10,eval,13840.257,339480192,0,0,false,tight
UC4,label_compact,DB3,1000000,10,decrypt,834.815,175811960,391118848,1,false,tight
UC4,label_compact_max,DB3,1000000,10,setup,188.347,56387472,0,0,false,tight
UC4,label_compact_max,DB3,1000000,10,precomp,0.000,0,0,0,false,tight
UC4,label_compact_max,DB3,1000000,10,encrypt,928.784,221686840,0,0,false,tight
UC4,label_compact_max,DB3,1000000,10,eval,21609.712,401352312,0,0,false,tight
UC4,label_compact_max,DB3,1000000,10,decrypt,1004.693,197320520,522190848,1,true,tight
UC4,label_compact_mb,DB3,1000000,10,setup,187.464,56387408,0,0,false,tight
UC4,label_compact_mb,DB3,1000000,10,precomp,0.000,0,0,0,false,tight
UC4,label_compact_mb,DB3,1000000,10,encrypt,957.882,189143256,0,0,false,tight
UC4,label_compact_mb,DB3,1000000,10,eval,13859.813,524350912,0,0,false,tight
UC4,label_compact_mb,DB3,1000000,10,decrypt,841.216,202334888,391118848,1,false,tight
UC4,std,DB3,1000000,11,setup,214.865,64786736,0,0,false,tight
UC4,std,DB3,1000000,11,precomp,0.000,0,0,0,false,tight
UC4,std,DB3,1000000,11,encrypt,786.573,137270272,0,0,false,tight
UC4,std,DB3,1000000,11,eval,16042.376,60002488,0,0,false,tight
UC4,std,DB3,1000000,11,decrypt,7.434,11820192,4194304,1,true,tight
UC4,label_compact,DB3,1000000,11,setup,185.342,77398528,0,0,false,tight
UC4,label_compact,DB3,1000000,11,precomp,0.000,0,0,0,false,tight
UC4,label_compact,DB3,1000000,11,encrypt,930.915,221686792,0,0,false,tight
UC4,label_compact,DB3,1000000,11,eval,13829.800,565474520,0,0,false,tight
UC4,label_compact,DB3,1000000,11,decrypt,838.136,29935848,391118848,1,false,tight
UC4,label_compact_max,DB3,1000000,11,setup,189.792,56387104,0,0,false,tight
UC4,label_compact_max,DB3,1000000,11,precomp,0.000,0,0,0,false,tight
UC4,label_compact_max,DB3,1000000,11,encrypt,923.490,221686312,0,0,false,tight
UC4,label_compact_max,DB3,1000000,11,eval,21633.958,538666040,0,0,false,tight
UC4,label_compact_max,DB3,1000000,11,decrypt,996.498,226986632,522190848,1,true,tight
UC4,label_compact_mb,DB3,1000000,11,setup,186.188,56387040,0,0,false,tight
UC4,label_compact_mb,DB3,1000000,11,precomp,0.000,0,0,0,false,tight
UC4,label_compact_mb,DB3,1000000,11,encrypt,969.752,194036648,0,0,false,tight
UC4,label_compact_mb,DB3,1000000,11,eval,13861.645,545097992,0,0,false,tight
UC4,label_compact_mb,DB3,1000000,11,decrypt,835.365,189073416,391118848,1,false,tight
UC4,std,DB3,1000000,12,setup,215.014,70172712,0,0,false,tight
UC4,std,DB3,1000000,12,precomp,0.000,0,0,0,false,tight
UC4,std,DB3,1000000,12,encrypt,785.807,137270272,0,0,false,tight
UC4,std,DB3,1000000,12,eval,16065.770,60002488,0,0,false,tight
UC4,std,DB3,1000000,12,decrypt,9.088,11820192,4194304,1,true,tight
UC4,label_compact,DB3,1000000,12,setup,184.115,77398896,0,0,false,tight
UC4,label_compact,DB3,1000000,12,precomp,0.000,0,0,0,false,tight
UC4,label_compact,DB3,1000000,12,encrypt,930.042,221686408,0,0,false,tight
UC4,label_compact,DB3,1000000,12,eval,13854.945,344728808,0,0,false,tight
UC4,label_compact,DB3,1000000,12,decrypt,833.751,195379264,391118848,1,false,tight
UC4,label_compact_max,DB3,1000000,12,setup,184.537,77398560,0,0,false,tight
UC4,label_compact_max,DB3,1000000,12,precomp,0.000,0,0,0,false,tight
UC4,label_compact_max,DB3,1000000,12,encrypt,926.303,262640968,0,0,false,tight
UC4,label_compact_max,DB3,1000000,12,eval,21618.801,515000944,0,0,false,tight
UC4,label_compact_max,DB3,1000000,12,decrypt,999.303,185634288,522190848,1,true,tight
UC4,label_compact_mb,DB3,1000000,12,setup,189.729,61904984,0,0,false,tight
UC4,label_compact_mb,DB3,1000000,12,precomp,0.000,0,0,0,false,tight
UC4,label_compact_mb,DB3,1000000,12,encrypt,960.575,194034232,0,0,false,tight
UC4,label_compact_mb,DB3,1000000,12,eval,13885.338,380631896,0,0,false,tight
UC4,label_compact_mb,DB3,1000000,12,decrypt,838.959,29935848,391118848,1,false,tight
UC4,std,DB3,1000000,13,setup,213.546,70039600,0,0,false,tight
UC4,std,DB3,1000000,13,precomp,0.000,0,0,0,false,tight
UC4,std,DB3,1000000,13,encrypt,786.785,137270272,0,0,false,tight
UC4,std,DB3,1000000,13,eval,16044.876,60002680,0,0,false,tight
UC4,std,DB3,1000000,13,decrypt,7.214,11820192,4194304,1,true,tight
UC4,label_compact,DB3,1000000,13,setup,190.137,77399008,0,0,false,tight
UC4,label_compact,DB3,1000000,13,precomp,0.000,0,0,0,false,tight
UC4,label_compact,DB3,1000000,13,encrypt,932.697,221686856,0,0,false,tight
UC4,label_compact,DB3,1000000,13,eval,13838.956,380608296,0,0,false,tight
UC4,label_compact,DB3,1000000,13,decrypt,835.846,16675064,391118848,1,false,tight
UC4,label_compact_max,DB3,1000000,13,setup,186.602,77398880,0,0,false,tight
UC4,label_compact_max,DB3,1000000,13,precomp,0.000,0,0,0,false,tight
UC4,label_compact_max,DB3,1000000,13,encrypt,924.866,268687840,0,0,false,tight
UC4,label_compact_max,DB3,1000000,13,eval,21621.715,620110504,0,0,false,tight
UC4,label_compact_max,DB3,1000000,13,decrypt,1004.520,197316856,522190848,1,true,tight
UC4,label_compact_mb,DB3,1000000,13,setup,188.325,56916400,0,0,false,tight
UC4,label_compact_mb,DB3,1000000,13,precomp,0.000,0,0,0,false,tight
UC4,label_compact_mb,DB3,1000000,13,encrypt,973.963,194042824,0,0,false,tight
UC4,label_compact_mb,DB3,1000000,13,eval,13871.453,503987312,0,0,false,tight
UC4,label_compact_mb,DB3,1000000,13,decrypt,835.622,189073416,391118848,1,false,tight
UC4,std,DB3,1000000,14,setup,219.919,70039856,0,0,false,tight
UC4,std,DB3,1000000,14,precomp,0.000,0,0,0,false,tight
UC4,std,DB3,1000000,14,encrypt,792.646,137270272,0,0,false,tight
UC4,std,DB3,1000000,14,eval,16028.782,60002488,0,0,false,tight
UC4,std,DB3,1000000,14,decrypt,7.880,11820192,4194304,1,true,tight
UC4,label_compact,DB3,1000000,14,setup,187.992,68202256,0,0,false,tight
UC4,label_compact,DB3,1000000,14,precomp,0.000,0,0,0,false,tight
UC4,label_compact,DB3,1000000,14,encrypt,928.320,221685992,0,0,false,tight
UC4,label_compact,DB3,1000000,14,eval,13839.983,318731736,0,0,false,tight
UC4,label_compact,DB3,1000000,14,decrypt,835.051,175811960,391118848,1,false,tight
UC4,label_compact_max,DB3,1000000,14,setup,188.817,56387104,0,0,false,tight
UC4,label_compact_max,DB3,1000000,14,precomp,0.000,0,0,0,false,tight
UC4,label_compact_max,DB3,1000000,14,encrypt,928.935,221686952,0,0,false,tight
UC4,label_compact_max,DB3,1000000,14,eval,21626.166,493588016,0,0,false,tight
UC4,label_compact_max,DB3,1000000,14,decrypt,998.641,187472792,522190848,1,true,tight
UC4,label_compact_mb,DB3,1000000,14,setup,188.405,51666736,0,0,false,tight
UC4,label_compact_mb,DB3,1000000,14,precomp,0.000,0,0,0,false,tight
UC4,label_compact_mb,DB3,1000000,14,encrypt,965.489,194045208,0,0,false,tight
UC4,label_compact_mb,DB3,1000000,14,eval,13855.360,442102464,0,0,false,tight
UC4,label_compact_mb,DB3,1000000,14,decrypt,838.838,189073416,391118848,1,false,tight
UC4,std,DB3,1000000,15,setup,219.118,70039856,0,0,false,tight
UC4,std,DB3,1000000,15,precomp,0.000,0,0,0,false,tight
UC4,std,DB3,1000000,15,encrypt,796.471,137270272,0,0,false,tight
UC4,std,DB3,1000000,15,eval,16003.743,60002488,0,0,false,tight
UC4,std,DB3,1000000,15,decrypt,7.666,11820192,4194304,1,true,tight
UC4,label_compact,DB3,1000000,15,setup,189.320,77399232,0,0,false,tight
UC4,label_compact,DB3,1000000,15,precomp,0.000,0,0,0,false,tight
UC4,label_compact,DB3,1000000,15,encrypt,924.740,221686280,0,0,false,tight
UC4,label_compact,DB3,1000000,15,eval,13842.484,597114704,0,0,false,tight
UC4,label_compact,DB3,1000000,15,decrypt,837.016,202335000,391118848,1,false,tight
UC4,label_compact_max,DB3,1000000,15,setup,187.688,51666576,0,0,false,tight
UC4,label_compact_max,DB3,1000000,15,precomp,0.000,0,0,0,false,tight
UC4,label_compact_max,DB3,1000000,15,encrypt,914.029,221686392,0,0,false,tight
UC4,label_compact_max,DB3,1000000,15,eval,21620.931,620111064,0,0,false,tight
UC4,label_compact_max,DB3,1000000,15,decrypt,1000.817,212152184,522190848,1,true,tight
UC4,label_compact_mb,DB3,1000000,15,setup,185.197,54813328,0,0,false,tight
UC4,label_compact_mb,DB3,1000000,15,precomp,0.000,0,0,0,false,tight
UC4,label_compact_mb,DB3,1000000,15,encrypt,958.676,194035192,0,0,false,tight
UC4,label_compact_mb,DB3,1000000,15,eval,13859.968,565474536,0,0,false,tight
UC4,label_compact_mb,DB3,1000000,15,decrypt,836.797,202334888,391118848,1,false,tight
UC4,std,DB3,1000000,16,setup,215.077,65318960,0,0,false,tight
UC4,std,DB3,1000000,16,precomp,0.000,0,0,0,false,tight
UC4,std,DB3,1000000,16,encrypt,791.920,137270272,0,0,false,tight
UC4,std,DB3,1000000,16,eval,16013.722,60002488,0,0,false,tight
UC4,std,DB3,1000000,16,decrypt,8.307,11820192,4194304,1,true,tight
UC4,label_compact,DB3,1000000,16,setup,185.838,77399120,0,0,false,tight
UC4,label_compact,DB3,1000000,16,precomp,0.000,0,0,0,false,tight
UC4,label_compact,DB3,1000000,16,encrypt,927.487,221685608,0,0,false,tight
UC4,label_compact,DB3,1000000,16,eval,13829.822,400979384,0,0,false,tight
UC4,label_compact,DB3,1000000,16,decrypt,837.170,215596792,391118848,1,false,tight
UC4,label_compact_max,DB3,1000000,16,setup,186.509,56387472,0,0,false,tight
UC4,label_compact_max,DB3,1000000,16,precomp,0.000,0,0,0,false,tight
UC4,label_compact_max,DB3,1000000,16,encrypt,918.370,221686408,0,0,false,tight
UC4,label_compact_max,DB3,1000000,16,eval,21628.318,662285648,0,0,false,tight
UC4,label_compact_max,DB3,1000000,16,decrypt,1003.965,226983128,522190848,1,true,tight
UC4,label_compact_mb,DB3,1000000,16,setup,188.561,56387248,0,0,false,tight
UC4,label_compact_mb,DB3,1000000,16,precomp,0.000,0,0,0,false,tight
UC4,label_compact_mb,DB3,1000000,16,encrypt,960.089,189150808,0,0,false,tight
UC4,label_compact_mb,DB3,1000000,16,eval,14084.563,586234336,0,0,false,tight
UC4,label_compact_mb,DB3,1000000,16,decrypt,876.549,215596344,391118848,1,false,tight
UC4,std,DB3,1000000,17,setup,227.549,70304584,0,0,false,tight
UC4,std,DB3,1000000,17,precomp,0.000,0,0,0,false,tight
UC4,std,DB3,1000000,17,encrypt,823.925,137270272,0,0,false,tight
UC4,std,DB3,1000000,17,eval,16864.565,60002488,0,0,false,tight
UC4,std,DB3,1000000,17,decrypt,7.549,11820192,4194304,1,true,tight
UC4,label_compact,DB3,1000000,17,setup,193.640,77398896,0,0,false,tight
UC4,label_compact,DB3,1000000,17,precomp,0.000,0,0,0,false,tight
UC4,label_compact,DB3,1000000,17,encrypt,969.674,221686488,0,0,false,tight
UC4,label_compact,DB3,1000000,17,eval,14485.332,545101592,0,0,false,tight
UC4,label_compact,DB3,1000000,17,decrypt,878.325,189074312,391118848,1,false,tight
UC4,label_compact_max,DB3,1000000,17,setup,196.001,77638704,0,0,false,tight
UC4,label_compact_max,DB3,1000000,17,precomp,0.000,0,0,0,false,tight
UC4,label_compact_max,DB3,1000000,17,encrypt,963.730,221686312,0,0,false,tight
UC4,label_compact_max,DB3,1000000,17,eval,22657.418,324891040,0,0,false,tight
UC4,label_compact_max,DB3,1000000,17,decrypt,1053.915,212155400,522190848,1,true,tight
UC4,label_compact_mb,DB3,1000000,17,setup,198.693,54813216,0,0,false,tight
UC4,label_compact_mb,DB3,1000000,17,precomp,0.000,0,0,0,false,tight
UC4,label_compact_mb,DB3,1000000,17,encrypt,1019.803,189151688,0,0,false,tight
UC4,label_compact_mb,DB3,1000000,17,eval,14486.516,366214840,0,0,false,tight
UC4,label_compact_mb,DB3,1000000,17,decrypt,875.688,215596344,391118848,1,false,tight
UC4,std,DB3,1000000,18,setup,225.380,70571936,0,0,false,tight
UC4,std,DB3,1000000,18,precomp,0.000,0,0,0,false,tight
UC4,std,DB3,1000000,18,encrypt,824.104,137270272,0,0,false,tight
UC4,std,DB3,1000000,18,eval,16848.409,60002488,0,0,false,tight
UC4,std,DB3,1000000,18,decrypt,7.509,11820192,4194304,1,true,tight
UC4,label_compact,DB3,1000000,18,setup,194.983,77398528,0,0,false,tight
UC4,label_compact,DB3,1000000,18,precomp,0.000,0,0,0,false,tight
UC4,label_compact,DB3,1000000,18,encrypt,972.893,221686920,0,0,false,tight
UC4,label_compact,DB3,1000000,18,eval,14464.451,298367688,0,0,false,tight
UC4,label_compact,DB3,1000000,18,decrypt,879.503,189073528,391118848,1,false,tight
UC4,label_compact_max,DB3,1000000,18,setup,197.354,75824736,0,0,false,tight
UC4,label_compact_max,DB3,1000000,18,precomp,0.000,0,0,0,false,tight
UC4,label_compact_max,DB3,1000000,18,encrypt,972.526,257521400,0,0,false,tight
UC4,label_compact_max,DB3,1000000,18,eval,22628.267,493588576,0,0,false,tight
UC4,label_compact_max,DB3,1000000,18,decrypt,1049.428,230138960,522190848,1,true,tight
UC4,label_compact_mb,DB3,1000000,18,setup,197.317,56651624,0,0,false,tight
UC4,label_compact_mb,DB3,1000000,18,precomp,0.000,0,0,0,false,tight
UC4,label_compact_mb,DB3,1000000,18,encrypt,1005.184,194042984,0,0,false,tight
UC4,label_compact_mb,DB3,1000000,18,eval,14491.577,565474104,0,0,false,tight
UC4,label_compact_mb,DB3,1000000,18,decrypt,879.772,189073416,391118848,1,false,tight
UC4,std,DB3,1000000,19,setup,225.958,64786624,0,0,false,tight
UC4,std,DB3,1000000,19,precomp,0.000,0,0,0,false,tight
UC4,std,DB3,1000000,19,encrypt,819.557,137270272,0,0,false,tight
UC4,std,DB3,1000000,19,eval,16832.287,60002488,0,0,false,tight
UC4,std,DB3,1000000,19,decrypt,8.620,11820192,4194304,1,true,tight
UC4,label_compact,DB3,1000000,19,setup,193.321,77398896,0,0,false,tight
UC4,label_compact,DB3,1000000,19,precomp,0.000,0,0,0,false,tight
UC4,label_compact,DB3,1000000,19,encrypt,971.763,221685976,0,0,false,tight
UC4,label_compact,DB3,1000000,19,eval,14433.565,400970952,0,0,false,tight
UC4,label_compact,DB3,1000000,19,decrypt,871.939,202334888,391118848,1,false,tight
UC4,label_compact_max,DB3,1000000,19,setup,196.396,54813392,0,0,false,tight
UC4,label_compact_max,DB3,1000000,19,precomp,0.001,0,0,0,false,tight
UC4,label_compact_max,DB3,1000000,19,encrypt,970.342,221686040,0,0,false,tight
UC4,label_compact_max,DB3,1000000,19,eval,22659.701,430652192,0,0,false,tight
UC4,label_compact_max,DB3,1000000,19,decrypt,1044.814,226990296,522190848,1,true,tight
UC4,label_compact_mb,DB3,1000000,19,setup,195.380,56387248,0,0,false,tight
UC4,label_compact_mb,DB3,1000000,19,precomp,0.000,0,0,0,false,tight
UC4,label_compact_mb,DB3,1000000,19,encrypt,1006.653,194043640,0,0,false,tight
UC4,label_compact_mb,DB3,1000000,19,eval,14652.975,380606776,0,0,false,tight
UC4,label_compact_mb,DB3,1000000,19,decrypt,874.854,189074088,391118848,1,false,tight
UC4,std,DB3,1000000,20,setup,226.709,70568992,0,0,false,tight
UC4,std,DB3,1000000,20,precomp,0.000,0,0,0,false,tight
UC4,std,DB3,1000000,20,encrypt,817.883,137270272,0,0,false,tight
UC4,std,DB3,1000000,20,eval,16843.492,60002488,0,0,false,tight
UC4,std,DB3,1000000,20,decrypt,7.996,11820192,4194304,1,true,tight
UC4,label_compact,DB3,1000000,20,setup,195.753,77398896,0,0,false,tight
UC4,label_compact,DB3,1000000,20,precomp,0.000,0,0,0,false,tight
UC4,label_compact,DB3,1000000,20,encrypt,972.506,221685976,0,0,false,tight
UC4,label_compact,DB3,1000000,20,eval,14474.497,298360184,0,0,false,tight
UC4,label_compact,DB3,1000000,20,decrypt,880.933,175811960,391118848,1,false,tight
UC4,label_compact_max,DB3,1000000,20,setup,196.100,77639440,0,0,false,tight
UC4,label_compact_max,DB3,1000000,20,precomp,0.000,0,0,0,false,tight
UC4,label_compact_max,DB3,1000000,20,encrypt,963.207,221686120,0,0,false,tight
UC4,label_compact_max,DB3,1000000,20,eval,22648.572,515000832,0,0,false,tight
UC4,label_compact_max,DB3,1000000,20,decrypt,1049.302,223310544,522190848,1,true,tight
UC4,label_compact_mb,DB3,1000000,20,setup,196.678,51666512,0,0,false,tight
UC4,label_compact_mb,DB3,1000000,20,precomp,0.000,0,0,0,false,tight
UC4,label_compact_mb,DB3,1000000,20,encrypt,1008.946,189158760,0,0,false,tight
UC4,label_compact_mb,DB3,1000000,20,eval,14421.924,442102800,0,0,false,tight
UC4,label_compact_mb,DB3,1000000,20,decrypt,845.595,189073416,391118848,1,false,tight
UC4,std,DB1,512,1,setup,78.097,24666664,0,0,false,min
UC4,std,DB1,512,1,precomp,0.001,0,0,0,false,min
UC4,std,DB1,512,1,encrypt,8.378,4245424,0,0,false,min
UC4,std,DB1,512,1,eval,130.125,34353176,0,0,false,min
UC4,std,DB1,512,1,decrypt,5.556,2759336,2097152,1,false,min
UC4,label_compact,DB1,512,1,setup,68.926,21514800,0,0,false,min
UC4,label_compact,DB1,512,1,precomp,0.000,0,0,0,false,min
UC4,label_compact,DB1,512,1,encrypt,10.456,8385120,0,0,false,min
UC4,label_compact,DB1,512,1,eval,218.448,25594584,0,0,false,min
UC4,label_compact,DB1,512,1,decrypt,18.066,-784736,5242880,1,false,min
UC4,label_compact_max,DB1,512,1,setup,74.202,19146176,0,0,false,min
UC4,label_compact_max,DB1,512,1,precomp,0.000,0,0,0,false,min
UC4,label_compact_max,DB1,512,1,encrypt,11.311,8385296,0,0,false,min
UC4,label_compact_max,DB1,512,1,eval,226.164,25594168,0,0,false,min
UC4,label_compact_max,DB1,512,1,decrypt,14.261,10902408,5242880,1,false,min
UC4,label_compact_mb,DB1,512,1,setup,78.325,21517904,0,0,false,min
UC4,label_compact_mb,DB1,512,1,precomp,0.000,0,0,0,false,min
UC4,label_compact_mb,DB1,512,1,encrypt,11.451,7755776,0,0,false,min
UC4,label_compact_mb,DB1,512,1,eval,220.210,25593928,0,0,false,min
UC4,label_compact_mb,DB1,512,1,decrypt,15.116,10902376,5242880,1,false,min
UC4,std,DB1,512,2,setup,79.407,26641904,0,0,false,min
UC4,std,DB1,512,2,precomp,0.001,0,0,0,false,min
UC4,std,DB1,512,2,encrypt,8.497,4245424,0,0,false,min
UC4,std,DB1,512,2,eval,138.641,34880680,0,0,false,min
UC4,std,DB1,512,2,decrypt,4.836,2759784,2097152,1,false,min
UC4,label_compact,DB1,512,2,setup,71.080,21517872,0,0,false,min
UC4,label_compact,DB1,512,2,precomp,0.000,0,0,0,false,min
UC4,label_compact,DB1,512,2,encrypt,10.826,8384912,0,0,false,min
UC4,label_compact,DB1,512,2,eval,209.610,25594920,0,0,false,min
UC4,label_compact,DB1,512,2,decrypt,16.069,10902632,5242880,1,false,min
UC4,label_compact_max,DB1,512,2,setup,68.983,24671584,0,0,false,min
UC4,label_compact_max,DB1,512,2,precomp,0.000,0,0,0,false,min
UC4,label_compact_max,DB1,512,2,encrypt,11.408,8385312,0,0,false,min
UC4,label_compact_max,DB1,512,2,eval,222.920,14171576,0,0,false,min
UC4,label_compact_max,DB1,512,2,decrypt,14.657,10903304,5242880,1,false,min
UC4,label_compact_mb,DB1,512,2,setup,69.101,20987264,0,0,false,min
UC4,label_compact_mb,DB1,512,2,precomp,0.000,0,0,0,false,min
UC4,label_compact_mb,DB1,512,2,encrypt,10.758,7755008,0,0,false,min
UC4,label_compact_mb,DB1,512,2,eval,221.008,14171240,0,0,false,min
UC4,label_compact_mb,DB1,512,2,decrypt,17.316,10902632,5242880,1,false,min
UC4,std,DB1,512,3,setup,83.535,24671576,0,0,false,min
UC4,std,DB1,512,3,precomp,0.000,0,0,0,false,min
UC4,std,DB1,512,3,encrypt,9.307,4245424,0,0,false,min
UC4,std,DB1,512,3,eval,136.244,34880680,0,0,false,min
UC4,std,DB1,512,3,decrypt,6.375,2759784,2097152,1,false,min
UC4,label_compact,DB1,512,3,setup,69.738,21517872,0,0,false,min
UC4,label_compact,DB1,512,3,precomp,0.000,0,0,0,false,min
UC4,label_compact,DB1,512,3,encrypt,10.069,8385328,0,0,false,min
UC4,label_compact,DB1,512,3,eval,220.764,25598792,0,0,false,min
UC4,label_compact,DB1,512,3,decrypt,16.104,10902632,5242880,1,false,min
UC4,label_compact_max,DB1,512,3,setup,71.839,27301208,0,0,false,min
UC4,label_compact_max,DB1,512,3,precomp,0.000,0,0,0,false,min
UC4,label_compact_max,DB1,512,3,encrypt,10.155,8385040,0,0,false,min
UC4,label_compact_max,DB1,512,3,eval,215.589,25598792,0,0,false,min
UC4,label_compact_max,DB1,512,3,decrypt,13.032,10902744,5242880,1,false,min
UC4,label_compact_mb,DB1,512,3,setup,70.941,21514528,0,0,false,min
UC4,label_compact_mb,DB1,512,3,precomp,0.000,0,0,0,false,min
UC4,label_compact_mb,DB1,512,3,encrypt,11.116,7755872,0,0,false,min
UC4,label_compact_mb,DB1,512,3,eval,226.481,37412608,0,0,false,min
UC4,label_compact_mb,DB1,512,3,decrypt,16.042,12480176,5242880,1,false,min
UC4,std,DB1,512,4,setup,89.154,26772864,0,0,false,min
UC4,std,DB1,512,4,precomp,0.000,0,0,0,false,min
UC4,std,DB1,512,4,encrypt,9.912,4245424,0,0,false,min
UC4,std,DB1,512,4,eval,138.941,36990728,0,0,false,min
UC4,std,DB1,512,4,decrypt,6.308,2759784,2097152,1,false,min
UC4,label_compact,DB1,512,4,setup,72.389,24671648,0,0,false,min
UC4,label_compact,DB1,512,4,precomp,0.000,0,0,0,false,min
UC4,label_compact,DB1,512,4,encrypt,11.750,8385184,0,0,false,min
UC4,label_compact,DB1,512,4,eval,225.641,14171240,0,0,false,min
UC4,label_compact,DB1,512,4,decrypt,16.438,4209168,5242880,1,false,min
UC4,label_compact_max,DB1,512,4,setup,70.438,21514720,0,0,false,min
UC4,label_compact_max,DB1,512,4,precomp,0.000,0,0,0,false,min
UC4,label_compact_max,DB1,512,4,encrypt,11.054,8385360,0,0,false,min
UC4,label_compact_max,DB1,512,4,eval,220.645,25594472,0,0,false,min
UC4,label_compact_max,DB1,512,4,decrypt,14.199,10902632,5242880,1,false,min
UC4,label_compact_mb,DB1,512,4,setup,71.240,22566888,0,0,false,min
UC4,label_compact_mb,DB1,512,4,precomp,0.001,0,0,0,false,min
UC4,label_compact_mb,DB1,512,4,encrypt,10.994,7754656,0,0,false,min
UC4,label_compact_mb,DB1,512,4,eval,228.333,37407424,0,0,false,min
UC4,label_compact_mb,DB1,512,4,decrypt,16.329,-783824,5242880,1,false,min
UC4,std,DB1,512,5,setup,82.995,26773184,0,0,false,min
UC4,std,DB1,512,5,precomp,0.000,0,0,0,false,min
UC4,std,DB1,512,5,encrypt,9.093,4245424,0,0,false,min
UC4,std,DB1,512,5,eval,139.235,34880856,0,0,false,min
UC4,std,DB1,512,5,decrypt,4.618,2759784,2097152,1,false,min
UC4,label_compact,DB1,512,5,setup,70.440,22566856,0,0,false,min
UC4,label_compact,DB1,512,5,precomp,0.000,0,0,0,false,min
UC4,label_compact,DB1,512,5,encrypt,11.112,8385168,0,0,false,min
UC4,label_compact,DB1,512,5,eval,217.444,25594584,0,0,false,min
UC4,label_compact,DB1,512,5,decrypt,15.259,10902520,5242880,1,false,min
UC4,label_compact_max,DB1,512,5,setup,76.529,23622712,0,0,false,min
UC4,label_compact_max,DB1,512,5,precomp,0.000,0,0,0,false,min
UC4,label_compact_max,DB1,512,5,encrypt,11.349,8385440,0,0,false,min
UC4,label_compact_max,DB1,512,5,eval,218.488,25594040,0,0,false,min
UC4,label_compact_max,DB1,512,5,decrypt,14.566,9063280,5242880,1,false,min
UC4,label_compact_mb,DB1,512,5,setup,72.046,23619304,0,0,false,min
UC4,label_compact_mb,DB1,512,5,precomp,0.000,0,0,0,false,min
UC4,label_compact_mb,DB1,512,5,encrypt,10.832,7753648,0,0,false,min
UC4,label_compact_mb,DB1,512,5,eval,229.882,14171240,0,0,false,min
UC4,label_compact_mb,DB1,512,5,decrypt,14.823,9063136,5242880,1,false,min
UC4,std,DB1,512,6,setup,85.902,23615864,0,0,false,min
UC4,std,DB1,512,6,precomp,0.000,0,0,0,false,min
UC4,std,DB1,512,6,encrypt,9.277,4245424,0,0,false,min
UC4,std,DB1,512,6,eval,132.520,33825656,0,0,false,min
UC4,std,DB1,512,6,decrypt,5.168,2759336,2097152,1,false,min
UC4,label_compact,DB1,512,6,setup,76.142,27301272,0,0,false,min
UC4,label_compact,DB1,512,6,precomp,0.000,0,0,0,false,min
UC4,label_compact,DB1,512,6,encrypt,9.504,8385136,0,0,false,min
UC4,label_compact,DB1,512,6,eval,222.280,25593928,0,0,false,min
UC4,label_compact,DB1,512,6,decrypt,14.117,10902408,5242880,1,false,min
UC4,label_compact_max,DB1,512,6,setup,70.446,27433840,0,0,false,min
UC4,label_compact_max,DB1,512,6,precomp,0.000,0,0,0,false,min
UC4,label_compact_max,DB1,512,6,encrypt,10.259,8385152,0,0,false,min
UC4,label_compact_max,DB1,512,6,eval,215.373,37412608,0,0,false,min
UC4,label_compact_max,DB1,512,6,decrypt,16.292,10902632,5242880,1,false,min
UC4,label_compact_mb,DB1,512,6,setup,71.875,21517904,0,0,false,min
UC4,label_compact_mb,DB1,512,6,precomp,0.000,0,0,0,false,min
UC4,label_compact_mb,DB1,512,6,encrypt,11.697,7754208,0,0,false,min
UC4,label_compact_mb,DB1,512,6,eval,221.572,36341528,0,0,false,min
UC4,label_compact_mb,DB1,512,6,decrypt,15.200,10902488,5242880,1,false,min
UC4,std,DB1,512,7,setup,79.123,28350280,0,0,false,min
UC4,std,DB1,512,7,precomp,0.000,0,0,0,false,min
UC4,std,DB1,512,7,encrypt,9.300,4245424,0,0,false,min
UC4,std,DB1,512,7,eval,139.950,35408200,0,0,false,min
UC4,std,DB1,512,7,decrypt,5.125,2759784,2097152,1,false,min
UC4,label_compact,DB1,512,7,setup,72.148,23091800,0,0,false,min
UC4,label_compact,DB1,512,7,precomp,0.000,0,0,0,false,min
UC4,label_compact,DB1,512,7,encrypt,9.779,8385424,0,0,false,min
UC4,label_compact,DB1,512,7,eval,216.016,25589752,0,0,false,min
UC4,label_compact,DB1,512,7,decrypt,16.106,10903304,5242880,1,false,min
UC4,label_compact_max,DB1,512,7,setup,68.858,23619400,0,0,false,min
UC4,label_compact_max,DB1,512,7,precomp,0.000,0,0,0,false,min
UC4,label_compact_max,DB1,512,7,encrypt,11.513,8385184,0,0,false,min
UC4,label_compact_max,DB1,512,7,eval,221.470,14172184,0,0,false,min
UC4,label_compact_max,DB1,512,7,decrypt,15.440,10882904,5242880,1,false,min
UC4,label_compact_mb,DB1,512,7,setup,69.830,27301176,0,0,false,min
UC4,label_compact_mb,DB1,512,7,precomp,0.000,0,0,0,false,min
UC4,label_compact_mb,DB1,512,7,encrypt,10.919,7755680,0,0,false,min
UC4,label_compact_mb,DB1,512,7,eval,218.485,14172232,0,0,false,min
UC4,label_compact_mb,DB1,512,7,decrypt,15.722,10902408,5242880,1,false,min
UC4,std,DB1,512,8,setup,86.461,23615976,0,0,false,min
UC4,std,DB1,512,8,precomp,0.000,0,0,0,false,min
UC4,std,DB1,512,8,encrypt,9.604,4245424,0,0,false,min
UC4,std,DB1,512,8,eval,135.650,35408200,0,0,false,min
UC4,std,DB1,512,8,decrypt,4.624,2759784,2097152,1,false,min
UC4,label_compact,DB1,512,8,setup,70.087,23619288,0,0,false,min
UC4,label_compact,DB1,512,8,precomp,0.000,0,0,0,false,min
UC4,label_compact,DB1,512,8,encrypt,12.582,8385232,0,0,false,min
UC4,label_compact,DB1,512,8,eval,222.576,14171576,0,0,false,min
UC4,label_compact,DB1,512,8,decrypt,15.203,10902408,5242880,1,false,min
UC4,label_compact_max,DB1,512,8,setup,74.887,20462208,0,0,false,min
UC4,label_compact_max,DB1,512,8,precomp,0.000,0,0,0,false,min
UC4,label_compact_max,DB1,512,8,encrypt,11.018,8385248,0,0,false,min
UC4,label_compact_max,DB1,512,8,eval,214.991,14171448,0,0,false,min
UC4,label_compact_max,DB1,512,8,decrypt,15.371,9325600,5242880,1,false,min
UC4,label_compact_mb,DB1,512,8,setup,69.530,26776232,0,0,false,min
UC4,label_compact_mb,DB1,512,8,precomp,0.001,0,0,0,false,min
UC4,label_compact_mb,DB1,512,8,encrypt,9.787,7753856,0,0,false,min
UC4,label_compact_mb,DB1,512,8,eval,224.961,37412720,0,0,false,min
UC4,label_compact_mb,DB1,512,8,decrypt,15.190,10902408,5242880,1,false,min
UC4,std,DB1,512,9,setup,83.624,24668392,0,0,false,min
UC4,std,DB1,512,9,precomp,0.000,0,0,0,false,min
UC4,std,DB1,512,9,encrypt,7.826,4245424,0,0,false,min
UC4,std,DB1,512,9,eval,135.524,35935704,0,0,false,min
UC4,std,DB1,512,9,decrypt,4.679,2759784,2097152,1,false,min
UC4,label_compact,DB1,512,9,setup,74.612,21517872,0,0,false,min
UC4,label_compact,DB1,512,9,precomp,0.000,0,0,0,false,min
UC4,label_compact,DB1,512,9,encrypt,11.707,8385344,0,0,false,min
UC4,label_compact,DB1,512,9,eval,226.951,25594696,0,0,false,min
UC4,label_compact,DB1,512,9,decrypt,15.354,10902408,5242880,1,false,min
UC4,label_compact_max,DB1,512,9,setup,71.910,21517920,0,0,false,min
UC4,label_compact_max,DB1,512,9,precomp,0.001,0,0,0,false,min
UC4,label_compact_max,DB1,512,9,encrypt,10.423,8385104,0,0,false,min
UC4,label_compact_max,DB1,512,9,eval,219.806,25593944,0,0,false,min
UC4,label_compact_max,DB1,512,9,decrypt,14.730,10903304,5242880,1,false,min
UC4,label_compact_mb,DB1,512,9,setup,71.475,25727264,0,0,false,min
UC4,label_compact_mb,DB1,512,9,precomp,0.000,0,0,0,false,min
UC4,label_compact_mb,DB1,512,9,encrypt,10.152,7755584,0,0,false,min
UC4,label_compact_mb,DB1,512,9,eval,210.477,32677448,0,0,false,min
UC4,label_compact_mb,DB1,512,9,decrypt,14.063,10902632,5242880,1,false,min
UC4,std,DB1,512,10,setup,85.767,28878264,0,0,false,min
UC4,std,DB1,512,10,precomp,0.000,0,0,0,false,min
UC4,std,DB1,512,10,encrypt,8.953,4245424,0,0,false,min
UC4,std,DB1,512,10,eval,137.561,33825656,0,0,false,min
UC4,std,DB1,512,10,decrypt,6.284,2759336,2097152,1,false,min
UC4,label_compact,DB1,512,10,setup,70.811,22566856,0,0,false,min
UC4,label_compact,DB1,512,10,precomp,0.001,0,0,0,false,min
UC4,label_compact,DB1,512,10,encrypt,11.135,8385184,0,0,false,min
UC4,label_compact,DB1,512,10,eval,216.609,33733552,0,0,false,min
UC4,label_compact,DB1,512,10,decrypt,15.365,10903304,5242880,1,false,min
UC4,label_compact_max,DB1,512,10,setup,75.753,23091848,0,0,false,min
UC4,label_compact_max,DB1,512,10,precomp,0.000,0,0,0,false,min
UC4,label_compact_max,DB1,512,10,encrypt,11.282,8384992,0,0,false,min
UC4,label_compact_max,DB1,512,10,eval,216.434,25594584,0,0,false,min
UC4,label_compact_max,DB1,512,10,decrypt,13.385,10902632,5242880,1,false,min
UC4,label_compact_mb,DB1,512,10,setup,70.967,21514672,0,0,false,min
UC4,label_compact_mb,DB1,512,10,precomp,0.000,0,0,0,false,min
UC4,label_compact_mb,DB1,512,10,encrypt,11.607,7755264,0,0,false,min
UC4,label_compact_mb,DB1,512,10,eval,224.717,14164072,0,0,false,min
UC4,label_compact_mb,DB1,512,10,decrypt,14.514,10902856,5242880,1,false,min
UC4,std,DB1,512,11,setup,80.017,20459032,0,0,false,min
UC4,std,DB1,512,11,precomp,0.000,0,0,0,false,min
UC4,std,DB1,512,11,encrypt,8.729,4245424,0,0,false,min
UC4,std,DB1,512,11,eval,137.322,35408200,0,0,false,min
UC4,std,DB1,512,11,decrypt,5.102,2759896,2097152,1,false,min
UC4,label_compact,DB1,512,11,setup,74.181,21514608,0,0,false,min
UC4,label_compact,DB1,512,11,precomp,0.000,0,0,0,false,min
UC4,label_compact,DB1,512,11,encrypt,10.830,8385216,0,0,false,min
UC4,label_compact,DB1,512,11,eval,225.049,25593816,0,0,false,min
UC4,label_compact,DB1,512,11,decrypt,14.551,10902408,5242880,1,false,min
UC4,label_compact_max,DB1,512,11,setup,71.001,26776248,0,0,false,min
UC4,label_compact_max,DB1,512,11,precomp,0.001,0,0,0,false,min
UC4,label_compact_max,DB1,512,11,encrypt,10.091,8385232,0,0,false,min
UC4,label_compact_max,DB1,512,11,eval,218.277,37379520,0,0,false,min
UC4,label_compact_max,DB1,512,11,decrypt,16.819,10902504,5242880,1,false,min
UC4,label_compact_mb,DB1,512,11,setup,76.079,21517856,0,0,false,min
UC4,label_compact_mb,DB1,512,11,precomp,0.000,0,0,0,false,min
UC4,label_compact_mb,DB1,512,11,encrypt,11.473,7754080,0,0,false,min
UC4,label_compact_mb,DB1,512,11,eval,217.123,37412864,0,0,false,min
UC4,label_compact_mb,DB1,512,11,decrypt,13.937,10902744,5242880,1,false,min
UC4,std,DB1,512,12,setup,83.067,22563840,0,0,false,min
UC4,std,DB1,512,12,precomp,0.000,0,0,0,false,min
UC4,std,DB1,512,12,encrypt,9.102,4245424,0,0,false,min
UC4,std,DB1,512,12,eval,138.057,34880680,0,0,false,min
UC4,std,DB1,512,12,decrypt,6.022,2759336,2097152,1,false,min
UC4,label_compact,DB1,512,12,setup,72.383,19146576,0,0,false,min
UC4,label_compact,DB1,512,12,precomp,0.000,0,0,0,false,min
UC4,label_compact,DB1,512,12,encrypt,10.480,8385232,0,0,false,min
UC4,label_compact,DB1,512,12,eval,221.384,25594808,0,0,false,min
UC4,label_compact,DB1,512,12,decrypt,15.242,10902856,5242880,1,false,min
UC4,label_compact_max,DB1,512,12,setup,72.291,27301320,0,0,false,min
UC4,label_compact_max,DB1,512,12,precomp,0.000,0,0,0,false,min
UC4,label_compact_max,DB1,512,12,encrypt,9.439,8385152,0,0,false,min
UC4,label_compact_max,DB1,512,12,eval,225.545,25594584,0,0,false,min
UC4,label_compact_max,DB1,512,12,decrypt,16.010,10903864,5242880,1,false,min
UC4,label_compact_mb,DB1,512,12,setup,75.518,27565056,0,0,false,min
UC4,label_compact_mb,DB1,512,12,precomp,0.000,0,0,0,false,min
UC4,label_compact_mb,DB1,512,12,encrypt,9.549,7755648,0,0,false,min
UC4,label_compact_mb,DB1,512,12,eval,215.256,33733664,0,0,false,min
UC4,label_compact_mb,DB1,512,12,decrypt,15.924,10883584,5242880,1,false,min
UC4,std,DB1,512,13,setup,86.064,28350168,0,0,false,min
UC4,std,DB1,512,13,precomp,0.001,0,0,0,false,min
UC4,std,DB1,512,13,encrypt,8.549,4245424,0,0,false,min
UC4,std,DB1,512,13,eval,137.987,35408200,0,0,false,min
UC4,std,DB1,512,13,decrypt,6.815,2759784,2097152,1,false,min
UC4,label_compact,DB1,512,13,setup,71.850,22567080,0,0,false,min
UC4,label_compact,DB1,512,13,precomp,0.000,0,0,0,false,min
UC4,label_compact,DB1,512,13,encrypt,9.931,8385136,0,0,false,min
UC4,label_compact,DB1,512,13,eval,218.419,25594584,0,0,false,min
UC4,label_compact,DB1,512,13,decrypt,13.981,10902744,5242880,1,false,min
UC4,label_compact_max,DB1,512,13,setup,76.060,23091848,0,0,false,min
UC4,label_compact_max,DB1,512,13,precomp,0.000,0,0,0,false,min
UC4,label_compact_max,DB1,512,13,encrypt,12.562,8385200,0,0,false,min
UC4,label_compact_max,DB1,512,13,eval,209.820,33734480,0,0,false,min
UC4,label_compact_max,DB1,512,13,decrypt,16.125,-785840,5242880,1,false,min
UC4,label_compact_mb,DB1,512,13,setup,73.284,27565040,0,0,false,min
UC4,label_compact_mb,DB1,512,13,precomp,0.000,0,0,0,false,min
UC4,label_compact_mb,DB1,512,13,encrypt,10.161,7756464,0,0,false,min
UC4,label_compact_mb,DB1,512,13,eval,217.106,37412720,0,0,false,min
UC4,label_compact_mb,DB1,512,13,decrypt,14.749,10901960,5242880,1,false,min
UC4,std,DB1,512,14,setup,83.599,30454848,0,0,false,min
UC4,std,DB1,512,14,precomp,0.000,0,0,0,false,min
UC4,std,DB1,512,14,encrypt,8.469,4245424,0,0,false,min
UC4,std,DB1,512,14,eval,136.245,34353176,0,0,false,min
UC4,std,DB1,512,14,decrypt,5.248,2759336,2097152,1,false,min
UC4,label_compact,DB1,512,14,setup,74.116,20987344,0,0,false,min
UC4,label_compact,DB1,512,14,precomp,0.000,0,0,0,false,min
UC4,label_compact,DB1,512,14,encrypt,11.081,8384992,0,0,false,min
UC4,label_compact,DB1,512,14,eval,217.099,25594888,0,0,false,min
UC4,label_compact,DB1,512,14,decrypt,14.853,10902408,5242880,1,false,min
UC4,label_compact_max,DB1,512,14,setup,70.760,23619512,0,0,false,min
UC4,label_compact_max,DB1,512,14,precomp,0.001,0,0,0,false,min
UC4,label_compact_max,DB1,512,14,encrypt,9.989,8385184,0,0,false,min
UC4,label_compact_max,DB1,512,14,eval,224.684,25594808,0,0,false,min
UC4,label_compact_max,DB1,512,14,decrypt,18.239,1056752,5242880,1,false,min
UC4,label_compact_mb,DB1,512,14,setup,68.648,27301128,0,0,false,min
UC4,label_compact_mb,DB1,512,14,precomp,0.000,0,0,0,false,min
UC4,label_compact_mb,DB1,512,14,encrypt,10.004,7756416,0,0,false,min
UC4,label_compact_mb,DB1,512,14,eval,215.403,17481224,0,0,false,min
UC4,label_compact_mb,DB1,512,14,decrypt,14.228,10902520,5242880,1,false,min
UC4,std,DB1,512,15,setup,83.679,22036240,0,0,false,min
UC4,std,DB1,512,15,precomp,0.000,0,0,0,false,min
UC4,std,DB1,512,15,encrypt,9.358,4245424,0,0,false,min
UC4,std,DB1,512,15,eval,137.193,34353176,0,0,false,min
UC4,std,DB1,512,15,decrypt,4.780,2759336,2097152,1,false,min
UC4,label_compact,DB1,512,15,setup,68.982,23622552,0,0,false,min
UC4,label_compact,DB1,512,15,precomp,0.001,0,0,0,false,min
UC4,label_compact,DB1,512,15,encrypt,10.582,8385376,0,0,false,min
UC4,label_compact,DB1,512,15,eval,214.126,36730728,0,0,false,min
UC4,label_compact,DB1,512,15,decrypt,15.961,9852104,5242880,1,false,min
UC4,label_compact_max,DB1,512,15,setup,70.478,23622696,0,0,false,min
UC4,label_compact_max,DB1,512,15,precomp,0.000,0,0,0,false,min
UC4,label_compact_max,DB1,512,15,encrypt,11.415,8385040,0,0,false,min
UC4,label_compact_max,DB1,512,15,eval,217.628,25588072,0,0,false,min
UC4,label_compact_max,DB1,512,15,decrypt,19.149,10904664,5242880,1,false,min
UC4,label_compact_mb,DB1,512,15,setup,73.672,22566936,0,0,false,min
UC4,label_compact_mb,DB1,512,15,precomp,0.000,0,0,0,false,min
UC4,label_compact_mb,DB1,512,15,encrypt,9.783,7754896,0,0,false,min
UC4,label_compact_mb,DB1,512,15,eval,225.922,25593928,0,0,false,min
UC4,label_compact_mb,DB1,512,15,decrypt,15.156,10901960,5242880,1,false,min
UC4,std,DB1,512,16,setup,82.081,28855864,0,0,false,min
UC4,std,DB1,512,16,precomp,0.000,0,0,0,false,min
UC4,std,DB1,512,16,encrypt,8.259,4245424,0,0,false,min
UC4,std,DB1,512,16,eval,135.498,35935704,0,0,false,min
UC4,std,DB1,512,16,decrypt,5.194,2759784,2097152,1,false,min
UC4,label_compact,DB1,512,16,setup,68.756,23622664,0,0,false,min
UC4,label_compact,DB1,512,16,precomp,0.000,0,0,0,false,min
UC4,label_compact,DB1,512,16,encrypt,9.810,8385264,0,0,false,min
UC4,label_compact,DB1,512,16,eval,214.451,14171352,0,0,false,min
UC4,label_compact,DB1,512,16,decrypt,15.492,10902408,5242880,1,false,min
UC4,label_compact_max,DB1,512,16,setup,75.156,23224576,0,0,false,min
UC4,label_compact_max,DB1,512,16,precomp,0.000,0,0,0,false,min
UC4,label_compact_max,DB1,512,16,encrypt,10.929,8385088,0,0,false,min
UC4,label_compact_max,DB1,512,16,eval,217.934,14171608,0,0,false,min
UC4,label_compact_max,DB1,512,16,decrypt,14.651,-784736,5242880,1,false,min
UC4,label_compact_mb,DB1,512,16,setup,79.813,26776184,0,0,false,min
UC4,label_compact_mb,DB1,512,16,precomp,0.000,0,0,0,false,min
UC4,label_compact_mb,DB1,512,16,encrypt,11.136,7753312,0,0,false,min
UC4,label_compact_mb,DB1,512,16,eval,213.839,14172008,0,0,false,min
UC4,label_compact_mb,DB1,512,16,decrypt,15.916,10902408,5242880,1,false,min
UC4,std,DB1,512,17,setup,84.728,28877752,0,0,false,min
UC4,std,DB1,512,17,precomp,0.000,0,0,0,false,min
UC4,std,DB1,512,17,encrypt,8.080,4245424,0,0,false,min
UC4,std,DB1,512,17,eval,143.517,33825832,0,0,false,min
UC4,std,DB1,512,17,decrypt,5.915,2759336,2097152,1,false,min
UC4,label_compact,DB1,512,17,setup,74.396,23622552,0,0,false,min
UC4,label_compact,DB1,512,17,precomp,0.000,0,0,0,false,min
UC4,label_compact,DB1,512,17,encrypt,12.545,8384896,0,0,false,min
UC4,label_compact,DB1,512,17,eval,222.508,25587752,0,0,false,min
UC4,label_compact,DB1,512,17,decrypt,15.283,10883528,5242880,1,false,min
UC4,label_compact_max,DB1,512,17,setup,70.271,26776248,0,0,false,min
UC4,label_compact_max,DB1,512,17,precomp,0.000,0,0,0,false,min
UC4,label_compact_max,DB1,512,17,encrypt,9.915,8385232,0,0,false,min
UC4,label_compact_max,DB1,512,17,eval,226.721,14194984,0,0,false,min
UC4,label_compact_max,DB1,512,17,decrypt,15.448,10903304,5242880,1,false,min
UC4,label_compact_mb,DB1,512,17,setup,74.187,23619464,0,0,false,min
UC4,label_compact_mb,DB1,512,17,precomp,0.000,0,0,0,false,min
UC4,label_compact_mb,DB1,512,17,encrypt,11.339,7753904,0,0,false,min
UC4,label_compact_mb,DB1,512,17,eval,214.819,25593816,0,0,false,min
UC4,label_compact_mb,DB1,512,17,decrypt,15.184,10902408,5242880,1,false,min
UC4,std,DB1,512,18,setup,91.954,20327880,0,0,false,min
UC4,std,DB1,512,18,precomp,0.000,0,0,0,false,min
UC4,std,DB1,512,18,encrypt,8.111,4245424,0,0,false,min
UC4,std,DB1,512,18,eval,136.363,34880680,0,0,false,min
UC4,std,DB1,512,18,decrypt,5.781,2759784,2097152,1,false,min
UC4,label_compact,DB1,512,18,setup,72.552,19015072,0,0,false,min
UC4,label_compact,DB1,512,18,precomp,0.000,0,0,0,false,min
UC4,label_compact,DB1,512,18,encrypt,11.999,8385120,0,0,false,min
UC4,label_compact,DB1,512,18,eval,224.589,14176104,0,0,false,min
UC4,label_compact,DB1,512,18,decrypt,15.538,10902632,5242880,1,false,min
UC4,label_compact_max,DB1,512,18,setup,71.172,23619416,0,0,false,min
UC4,label_compact_max,DB1,512,18,precomp,0.000,0,0,0,false,min
UC4,label_compact_max,DB1,512,18,encrypt,10.073,8385120,0,0,false,min
UC4,label_compact_max,DB1,512,18,eval,213.103,14171464,0,0,false,min
UC4,label_compact_max,DB1,512,18,decrypt,14.829,10902632,5242880,1,false,min
UC4,label_compact_mb,DB1,512,18,setup,75.466,20462160,0,0,false,min
UC4,label_compact_mb,DB1,512,18,precomp,0.000,0,0,0,false,min
UC4,label_compact_mb,DB1,512,18,encrypt,10.012,7752752,0,0,false,min
UC4,label_compact_mb,DB1,512,18,eval,226.167,14171496,0,0,false,min
UC4,label_compact_mb,DB1,512,18,decrypt,16.794,1056752,5242880,1,false,min
UC4,std,DB1,512,19,setup,84.625,20195344,0,0,false,min
UC4,std,DB1,512,19,precomp,0.000,0,0,0,false,min
UC4,std,DB1,512,19,encrypt,8.931,4245424,0,0,false,min
UC4,std,DB1,512,19,eval,136.329,34353128,0,0,false,min
UC4,std,DB1,512,19,decrypt,5.419,2759336,2097152,1,false,min
UC4,label_compact,DB1,512,19,setup,78.848,26776216,0,0,false,min
UC4,label_compact,DB1,512,19,precomp,0.000,0,0,0,false,min
UC4,label_compact,DB1,512,19,encrypt,10.114,8385232,0,0,false,min
UC4,label_compact,DB1,512,19,eval,214.163,46967624,0,0,false,min
UC4,label_compact,DB1,512,19,decrypt,14.465,10902408,5242880,1,false,min
UC4,label_compact_max,DB1,512,19,setup,74.777,23224480,0,0,false,min
UC4,label_compact_max,DB1,512,19,precomp,0.000,0,0,0,false,min
UC4,label_compact_max,DB1,512,19,encrypt,10.802,8385264,0,0,false,min
UC4,label_compact_max,DB1,512,19,eval,218.804,17075736,0,0,false,min
UC4,label_compact_max,DB1,512,19,decrypt,16.569,10902520,5242880,1,false,min
UC4,label_compact_mb,DB1,512,19,setup,71.866,27301144,0,0,false,min
UC4,label_compact_mb,DB1,512,19,precomp,0.000,0,0,0,false,min
UC4,label_compact_mb,DB1,512,19,encrypt,10.646,7753776,0,0,false,min
UC4,label_compact_mb,DB1,512,19,eval,221.285,25594056,0,0,false,min
UC4,label_compact_mb,DB1,512,19,decrypt,15.205,10883016,5242880,1,false,min
UC4,std,DB1,512,20,setup,86.895,22566992,0,0,false,min
UC4,std,DB1,512,20,precomp,0.000,0,0,0,false,min
UC4,std,DB1,512,20,encrypt,9.830,4245424,0,0,false,min
UC4,std,DB1,512,20,eval,145.430,34880680,0,0,false,min
UC4,std,DB1,512,20,decrypt,5.303,2759784,2097152,1,false,min
UC4,label_compact,DB1,512,20,setup,68.743,21383424,0,0,false,min
UC4,label_compact,DB1,512,20,precomp,0.000,0,0,0,false,min
UC4,label_compact,DB1,512,20,encrypt,12.529,8385344,0,0,false,min
UC4,label_compact,DB1,512,20,eval,215.024,25325720,0,0,false,min
UC4,label_compact,DB1,512,20,decrypt,17.629,-785184,5242880,1,false,min
UC4,label_compact_max,DB1,512,20,setup,77.435,27564896,0,0,false,min
UC4,label_compact_max,DB1,512,20,precomp,0.000,0,0,0,false,min
UC4,label_compact_max,DB1,512,20,encrypt,11.736,8385008,0,0,false,min
UC4,label_compact_max,DB1,512,20,eval,217.833,37400480,0,0,false,min
UC4,label_compact_max,DB1,512,20,decrypt,15.124,5576,5242880,1,false,min
UC4,label_compact_mb,DB1,512,20,setup,72.332,23622520,0,0,false,min
UC4,label_compact_mb,DB1,512,20,precomp,0.000,0,0,0,false,min
UC4,label_compact_mb,DB1,512,20,encrypt,10.259,7753680,0,0,false,min
UC4,label_compact_mb,DB1,512,20,eval,219.002,14176120,0,0,false,min
UC4,label_compact_mb,DB1,512,20,decrypt,16.575,-785840,5242880,1,false,min
UC4,std,DB2,100000,1,setup,85.573,26772992,0,0,false,min
UC4,std,DB2,100000,1,precomp,0.000,0,0,0,false,min
UC4,std,DB2,100000,1,encrypt,57.935,13913392,0,0,false,min
UC4,std,DB2,100000,1,eval,910.122,44644248,0,0,false,min
UC4,std,DB2,100000,1,decrypt,5.539,134464,2097152,1,false,min
UC4,label_compact,DB2,100000,1,setup,68.296,27828968,0,0,false,min
UC4,label_compact,DB2,100000,1,precomp,0.000,0,0,0,false,min
UC4,label_compact,DB2,100000,1,encrypt,73.180,22173384,0,0,false,min
UC4,label_compact,DB2,100000,1,eval,1446.618,38184056,0,0,false,min
UC4,label_compact,DB2,100000,1,decrypt,80.241,20756592,30408704,1,false,min
UC4,label_compact_max,DB2,100000,1,setup,69.349,23091944,0,0,false,min
UC4,label_compact_max,DB2,100000,1,precomp,0.000,0,0,0,false,min
UC4,label_compact_max,DB2,100000,1,encrypt,75.811,19709064,0,0,false,min
UC4,label_compact_max,DB2,100000,1,eval,1432.930,38184376,0,0,false,min
UC4,label_compact_max,DB2,100000,1,decrypt,85.929,19179720,30408704,1,false,min
UC4,label_compact_mb,DB2,100000,1,setup,77.048,25724176,0,0,false,min
UC4,label_compact_mb,DB2,100000,1,precomp,0.000,0,0,0,false,min
UC4,label_compact_mb,DB2,100000,1,encrypt,79.500,19054200,0,0,false,min
UC4,label_compact_mb,DB2,100000,1,eval,1434.761,61426112,0,0,false,min
UC4,label_compact_mb,DB2,100000,1,decrypt,78.465,12480272,30408704,1,false,min
UC4,std,DB2,100000,2,setup,81.763,28877736,0,0,false,min
UC4,std,DB2,100000,2,precomp,0.000,0,0,0,false,min
UC4,std,DB2,100000,2,encrypt,57.598,13913392,0,0,false,min
UC4,std,DB2,100000,2,eval,906.212,43589416,0,0,false,min
UC4,std,DB2,100000,2,decrypt,5.524,134464,2097152,1,false,min
UC4,label_compact,DB2,100000,2,setup,71.624,28880896,0,0,false,min
UC4,label_compact,DB2,100000,2,precomp,0.001,0,0,0,false,min
UC4,label_compact,DB2,100000,2,encrypt,73.213,19708936,0,0,false,min
UC4,label_compact,DB2,100000,2,eval,1453.853,73244344,0,0,false,min
UC4,label_compact,DB2,100000,2,decrypt,80.499,10903752,30408704,1,false,min
UC4,label_compact_max,DB2,100000,2,setup,74.167,23619416,0,0,false,min
UC4,label_compact_max,DB2,100000,2,precomp,0.000,0,0,0,false,min
UC4,label_compact_max,DB2,100000,2,encrypt,73.358,19708904,0,0,false,min
UC4,label_compact_max,DB2,100000,2,eval,1429.904,61426432,0,0,false,min
UC4,label_compact_max,DB2,100000,2,decrypt,81.425,-13373392,30408704,1,false,min
UC4,label_compact_mb,DB2,100000,2,setup,72.279,25724464,0,0,false,min
UC4,label_compact_mb,DB2,100000,2,precomp,0.001,0,0,0,false,min
UC4,label_compact_mb,DB2,100000,2,encrypt,74.571,19057224,0,0,false,min
UC4,label_compact_mb,DB2,100000,2,eval,1443.804,50002624,0,0,false,min
UC4,label_compact_mb,DB2,100000,2,decrypt,84.916,12480272,30408704,1,false,min
UC4,std,DB2,100000,3,setup,86.228,24671672,0,0,false,min
UC4,std,DB2,100000,3,precomp,0.000,0,0,0,false,min
UC4,std,DB2,100000,3,encrypt,57.162,13913392,0,0,false,min
UC4,std,DB2,100000,3,eval,905.670,43061720,0,0,false,min
UC4,std,DB2,100000,3,decrypt,5.610,134464,2097152,1,false,min
UC4,label_compact,DB2,100000,3,setup,73.315,27565056,0,0,false,min
UC4,label_compact,DB2,100000,3,precomp,0.000,0,0,0,false,min
UC4,label_compact,DB2,100000,3,encrypt,74.336,19709000,0,0,false,min
UC4,label_compact,DB2,100000,3,eval,1433.427,50003952,0,0,false,min
UC4,label_compact,DB2,100000,3,decrypt,86.591,19179384,30408704,1,false,min
UC4,label_compact_max,DB2,100000,3,setup,75.386,27565008,0,0,false,min
UC4,label_compact_max,DB2,100000,3,precomp,0.000,0,0,0,false,min
UC4,label_compact_max,DB2,100000,3,encrypt,71.792,22173848,0,0,false,min
UC4,label_compact_max,DB2,100000,3,eval,1432.684,50003408,0,0,false,min
UC4,label_compact_max,DB2,100000,3,decrypt,78.211,19181080,30408704,1,false,min
UC4,label_compact_mb,DB2,100000,3,setup,72.364,27564880,0,0,false,min
UC4,label_compact_mb,DB2,100000,3,precomp,0.000,0,0,0,false,min
UC4,label_compact_mb,DB2,100000,3,encrypt,76.315,21439944,0,0,false,min
UC4,label_compact_mb,DB2,100000,3,eval,1450.640,38184600,0,0,false,min
UC4,label_compact_mb,DB2,100000,3,decrypt,81.286,-9432288,30408704,1,false,min
UC4,std,DB2,100000,4,setup,80.508,26776464,0,0,false,min
UC4,std,DB2,100000,4,precomp,0.000,0,0,0,false,min
UC4,std,DB2,100000,4,encrypt,60.168,13913392,0,0,false,min
UC4,std,DB2,100000,4,eval,906.052,44644248,0,0,false,min
UC4,std,DB2,100000,4,decrypt,5.355,134464,2097152,1,false,min
UC4,label_compact,DB2,100000,4,setup,74.630,29405840,0,0,false,min
UC4,label_compact,DB2,100000,4,precomp,0.000,0,0,0,false,min
UC4,label_compact,DB2,100000,4,encrypt,75.711,19777528,0,0,false,min
UC4,label_compact,DB2,100000,4,eval,1448.511,38177464,0,0,false,min
UC4,label_compact,DB2,100000,4,decrypt,85.210,10903976,30408704,1,false,min
UC4,label_compact_max,DB2,100000,4,setup,71.686,25460520,0,0,false,min
UC4,label_compact_max,DB2,100000,4,precomp,0.000,0,0,0,false,min
UC4,label_compact_max,DB2,100000,4,encrypt,73.095,19709256,0,0,false,min
UC4,label_compact_max,DB2,100000,4,eval,1444.652,28341320,0,0,false,min
UC4,label_compact_max,DB2,100000,4,decrypt,84.863,-13374416,30408704,1,false,min
UC4,label_compact_mb,DB2,100000,4,setup,72.679,19413432,0,0,false,min
UC4,label_compact_mb,DB2,100000,4,precomp,0.000,0,0,0,false,min
UC4,label_compact_mb,DB2,100000,4,encrypt,79.720,18128016,0,0,false,min
UC4,label_compact_mb,DB2,100000,4,eval,1448.403,49999552,0,0,false,min
UC4,label_compact_mb,DB2,100000,4,decrypt,79.139,12480160,30408704,1,false,min
UC4,std,DB2,100000,5,setup,86.722,29648872,0,0,false,min
UC4,std,DB2,100000,5,precomp,0.000,0,0,0,false,min
UC4,std,DB2,100000,5,encrypt,56.546,13913392,0,0,false,min
UC4,std,DB2,100000,5,eval,906.777,44644248,0,0,false,min
UC4,std,DB2,100000,5,decrypt,4.960,134464,2097152,1,false,min
UC4,label_compact,DB2,100000,5,setup,73.705,27565440,0,0,false,min
UC4,label_compact,DB2,100000,5,precomp,0.000,0,0,0,false,min
UC4,label_compact,DB2,100000,5,encrypt,72.304,19708936,0,0,false,min
UC4,label_compact,DB2,100000,5,eval,1449.564,50002960,0,0,false,min
UC4,label_compact,DB2,100000,5,decrypt,82.606,-8905280,30408704,1,false,min
UC4,label_compact_max,DB2,100000,5,setup,69.986,20462336,0,0,false,min
UC4,label_compact_max,DB2,100000,5,precomp,0.000,0,0,0,false,min
UC4,label_compact_max,DB2,100000,5,encrypt,76.421,22173944,0,0,false,min
UC4,label_compact_max,DB2,100000,5,eval,1430.844,38184712,0,0,false,min
UC4,label_compact_max,DB2,100000,5,decrypt,84.422,10903752,30408704,1,false,min
UC4,label_compact_mb,DB2,100000,5,setup,69.867,23622568,0,0,false,min
UC4,label_compact_mb,DB2,100000,5,precomp,0.000,0,0,0,false,min
UC4,label_compact_mb,DB2,100000,5,encrypt,82.090,18129664,0,0,false,min
UC4,label_compact_mb,DB2,100000,5,eval,1433.755,56039800,0,0,false,min
UC4,label_compact_mb,DB2,100000,5,decrypt,91.473,10904648,30408704,1,false,min
UC4,std,DB2,100000,6,setup,87.365,28877544,0,0,false,min
UC4,std,DB2,100000,6,precomp,0.000,0,0,0,false,min
UC4,std,DB2,100000,6,encrypt,56.842,13913392,0,0,false,min
UC4,std,DB2,100000,6,eval,918.688,43061720,0,0,false,min
UC4,std,DB2,100000,6,decrypt,6.064,658848,2097152,1,false,min
UC4,label_compact,DB2,100000,6,setup,71.955,25724048,0,0,false,min
UC4,label_compact,DB2,100000,6,precomp,0.000,0,0,0,false,min
UC4,label_compact,DB2,100000,6,encrypt,77.022,19789784,0,0,false,min
UC4,label_compact,DB2,100000,6,eval,1442.436,38185352,0,0,false,min
UC4,label_compact,DB2,100000,6,decrypt,77.803,19179944,30408704,1,false,min
UC4,label_compact_max,DB2,100000,6,setup,69.740,25727376,0,0,false,min
UC4,label_compact_max,DB2,100000,6,precomp,0.001,0,0,0,false,min
UC4,label_compact_max,DB2,100000,6,encrypt,74.796,19709096,0,0,false,min
UC4,label_compact_max,DB2,100000,6,eval,1413.124,38184392,0,0,false,min
UC4,label_compact_max,DB2,100000,6,decrypt,83.289,19180168,30408704,1,false,min
UC4,label_compact_mb,DB2,100000,6,setup,69.553,27433808,0,0,false,min
UC4,label_compact_mb,DB2,100000,6,precomp,0.000,0,0,0,false,min
UC4,label_compact_mb,DB2,100000,6,encrypt,78.506,18788008,0,0,false,min
UC4,label_compact_mb,DB2,100000,6,eval,1444.172,73244232,0,0,false,min
UC4,label_compact_mb,DB2,100000,6,decrypt,79.905,10903752,30408704,1,false,min
UC4,std,DB2,100000,7,setup,79.671,24668504,0,0,false,min
UC4,std,DB2,100000,7,precomp,0.000,0,0,0,false,min
UC4,std,DB2,100000,7,encrypt,59.298,13913392,0,0,false,min
UC4,std,DB2,100000,7,eval,906.427,43061720,0,0,false,min
UC4,std,DB2,100000,7,decrypt,5.349,134464,2097152,1,false,min
UC4,label_compact,DB2,100000,7,setup,70.283,27301160,0,0,false,min
UC4,label_compact,DB2,100000,7,precomp,0.000,0,0,0,false,min
UC4,label_compact,DB2,100000,7,encrypt,71.966,22173064,0,0,false,min
UC4,label_compact,DB2,100000,7,eval,1416.847,49996368,0,0,false,min
UC4,label_compact,DB2,100000,7,decrypt,82.223,19181080,30408704,1,false,min
UC4,label_compact_max,DB2,100000,7,setup,73.713,19278776,0,0,false,min
UC4,label_compact_max,DB2,100000,7,precomp,0.000,0,0,0,false,min
UC4,label_compact_max,DB2,100000,7,encrypt,72.579,22173832,0,0,false,min
UC4,label_compact_max,DB2,100000,7,eval,1417.986,50007600,0,0,false,min
UC4,label_compact_max,DB2,100000,7,decrypt,80.137,-9432288,30408704,1,false,min
UC4,label_compact_mb,DB2,100000,7,setup,71.567,20987248,0,0,false,min
UC4,label_compact_mb,DB2,100000,7,precomp,0.000,0,0,0,false,min
UC4,label_compact_mb,DB2,100000,7,encrypt,82.038,18129184,0,0,false,min
UC4,label_compact_mb,DB2,100000,7,eval,1408.849,72291896,0,0,false,min
UC4,label_compact_mb,DB2,100000,7,decrypt,81.858,10904664,30408704,1,false,min
UC4,std,DB2,100000,8,setup,82.806,20458824,0,0,false,min
UC4,std,DB2,100000,8,precomp,0.001,0,0,0,false,min
UC4,std,DB2,100000,8,encrypt,58.203,13913392,0,0,false,min
UC4,std,DB2,100000,8,eval,895.455,45171768,0,0,false,min
UC4,std,DB2,100000,8,decrypt,5.249,658848,2097152,1,false,min
UC4,label_compact,DB2,100000,8,setup,72.906,27828840,0,0,false,min
UC4,label_compact,DB2,100000,8,precomp,0.001,0,0,0,false,min
UC4,label_compact,DB2,100000,8,encrypt,72.791,22173720,0,0,false,min
UC4,label_compact,DB2,100000,8,eval,1440.824,26762088,0,0,false,min
UC4,label_compact,DB2,100000,8,decrypt,84.714,19179496,30408704,1,false,min
UC4,label_compact_max,DB2,100000,8,setup,69.392,19410424,0,0,false,min
UC4,label_compact_max,DB2,100000,8,precomp,0.000,0,0,0,false,min
UC4,label_compact_max,DB2,100000,8,encrypt,73.815,19708984,0,0,false,min
UC4,label_compact_max,DB2,100000,8,eval,1437.823,38185272,0,0,false,min
UC4,label_compact_max,DB2,100000,8,decrypt,82.764,-11532928,30408704,1,false,min
UC4,label_compact_mb,DB2,100000,8,setup,72.916,25460200,0,0,false,min
UC4,label_compact_mb,DB2,100000,8,precomp,0.000,0,0,0,false,min
UC4,label_compact_mb,DB2,100000,8,encrypt,80.444,18127856,0,0,false,min
UC4,label_compact_mb,DB2,100000,8,eval,1423.324,50003840,0,0,false,min
UC4,label_compact_mb,DB2,100000,8,decrypt,81.028,19179720,30408704,1,false,min
UC4,std,DB2,100000,9,setup,82.399,24140920,0,0,false,min
UC4,std,DB2,100000,9,precomp,0.000,0,0,0,false,min
UC4,std,DB2,100000,9,encrypt,57.775,13913392,0,0,false,min
UC4,std,DB2,100000,9,eval,897.827,43061720,0,0,false,min
UC4,std,DB2,100000,9,decrypt,5.845,134464,2097152,1,false,min
UC4,label_compact,DB2,100000,9,setup,68.876,27564864,0,0,false,min
UC4,label_compact,DB2,100000,9,precomp,0.000,0,0,0,false,min
UC4,label_compact,DB2,100000,9,encrypt,73.190,22173032,0,0,false,min
UC4,label_compact,DB2,100000,9,eval,1423.095,49997888,0,0,false,min
UC4,label_compact,DB2,100000,9,decrypt,81.370,10904648,30408704,1,false,min
UC4,label_compact_max,DB2,100000,9,setup,68.639,27828760,0,0,false,min
UC4,label_compact_max,DB2,100000,9,precomp,0.000,0,0,0,false,min
UC4,label_compact_max,DB2,100000,9,encrypt,72.199,22173880,0,0,false,min
UC4,label_compact_max,DB2,100000,9,eval,1416.982,26761592,0,0,false,min
UC4,label_compact_max,DB2,100000,9,decrypt,88.711,9063520,30408704,1,false,min
UC4,label_compact_mb,DB2,100000,9,setup,74.137,19146352,0,0,false,min
UC4,label_compact_mb,DB2,100000,9,precomp,0.000,0,0,0,false,min
UC4,label_compact_mb,DB2,100000,9,encrypt,79.587,19054936,0,0,false,min
UC4,label_compact_mb,DB2,100000,9,eval,1416.803,26766664,0,0,false,min
UC4,label_compact_mb,DB2,100000,9,decrypt,78.357,10904664,30408704,1,false,min
UC4,std,DB2,100000,10,setup,83.048,27825224,0,0,false,min
UC4,std,DB2,100000,10,precomp,0.000,0,0,0,false,min
UC4,std,DB2,100000,10,encrypt,56.599,13913392,0,0,false,min
UC4,std,DB2,100000,10,eval,897.253,44644200,0,0,false,min
UC4,std,DB2,100000,10,decrypt,5.108,134448,2097152,1,false,min
UC4,label_compact,DB2,100000,10,setup,70.446,23091800,0,0,false,min
UC4,label_compact,DB2,100000,10,precomp,0.000,0,0,0,false,min
UC4,label_compact,DB2,100000,10,encrypt,71.417,19709288,0,0,false,min
UC4,label_compact,DB2,100000,10,eval,1422.489,50003184,0,0,false,min
UC4,label_compact,DB2,100000,10,decrypt,83.975,-13373504,30408704,1,false,min
UC4,label_compact_max,DB2,100000,10,setup,70.699,25196512,0,0,false,min
UC4,label_compact_max,DB2,100000,10,precomp,0.000,0,0,0,false,min
UC4,label_compact_max,DB2,100000,10,encrypt,73.572,22173080,0,0,false,min
UC4,label_compact_max,DB2,100000,10,eval,1444.347,38177320,0,0,false,min
UC4,label_compact_max,DB2,100000,10,decrypt,78.524,19180168,30408704,1,false,min
UC4,label_compact_mb,DB2,100000,10,setup,71.940,23622632,0,0,false,min
UC4,label_compact_mb,DB2,100000,10,precomp,0.000,0,0,0,false,min
UC4,label_compact_mb,DB2,100000,10,encrypt,76.476,18128096,0,0,false,min
UC4,label_compact_mb,DB2,100000,10,eval,1436.509,50004288,0,0,false,min
UC4,label_compact_mb,DB2,100000,10,decrypt,82.024,19179720,30408704,1,false,min
UC4,std,DB2,100000,11,setup,81.219,20195152,0,0,false,min
UC4,std,DB2,100000,11,precomp,0.000,0,0,0,false,min
UC4,std,DB2,100000,11,encrypt,60.352,13913392,0,0,false,min
UC4,std,DB2,100000,11,eval,896.491,45171768,0,0,false,min
UC4,std,DB2,100000,11,decrypt,5.319,134576,2097152,1,false,min
UC4,label_compact,DB2,100000,11,setup,68.597,27301272,0,0,false,min
UC4,label_compact,DB2,100000,11,precomp,0.000,0,0,0,false,min
UC4,label_compact,DB2,100000,11,encrypt,72.270,22173112,0,0,false,min
UC4,label_compact,DB2,100000,11,eval,1426.705,73074648,0,0,false,min
UC4,label_compact,DB2,100000,11,decrypt,82.279,10905128,30408704,1,false,min
UC4,label_compact_max,DB2,100000,11,setup,70.821,23619320,0,0,false,min
UC4,label_compact_max,DB2,100000,11,precomp,0.000,0,0,0,false,min
UC4,label_compact_max,DB2,100000,11,encrypt,72.884,22173208,0,0,false,min
UC4,label_compact_max,DB2,100000,11,eval,1419.811,38184088,0,0,false,min
UC4,label_compact_max,DB2,100000,11,decrypt,77.474,19179832,30408704,1,false,min
UC4,label_compact_mb,DB2,100000,11,setup,70.790,19146304,0,0,false,min
UC4,label_compact_mb,DB2,100000,11,precomp,0.000,0,0,0,false,min
UC4,label_compact_mb,DB2,100000,11,encrypt,79.105,21437288,0,0,false,min
UC4,label_compact_mb,DB2,100000,11,eval,1413.189,73244232,0,0,false,min
UC4,label_compact_mb,DB2,100000,11,decrypt,83.359,12480176,30408704,1,false,min
UC4,std,DB2,100000,12,setup,82.988,28350168,0,0,false,min
UC4,std,DB2,100000,12,precomp,0.000,0,0,0,false,min
UC4,std,DB2,100000,12,encrypt,56.297,13913392,0,0,false,min
UC4,std,DB2,100000,12,eval,892.789,43061720,0,0,false,min
UC4,std,DB2,100000,12,decrypt,6.245,2758808,2097152,1,false,min
UC4,label_compact,DB2,100000,12,setup,70.770,27565072,0,0,false,min
UC4,label_compact,DB2,100000,12,precomp,0.000,0,0,0,false,min
UC4,label_compact,DB2,100000,12,encrypt,72.181,22173896,0,0,false,min
UC4,label_compact,DB2,100000,12,eval,1423.336,26761368,0,0,false,min
UC4,label_compact,DB2,100000,12,decrypt,85.336,10902072,30408704,1,false,min
UC4,label_compact_max,DB2,100000,12,setup,71.854,23622584,0,0,false,min
UC4,label_compact_max,DB2,100000,12,precomp,0.000,0,0,0,false,min
UC4,label_compact_max,DB2,100000,12,encrypt,75.264,19770840,0,0,false,min
UC4,label_compact_max,DB2,100000,12,eval,1440.729,38184824,0,0,false,min
UC4,label_compact_max,DB2,100000,12,decrypt,76.407,13531640,30408704,1,false,min
UC4,label_compact_mb,DB2,100000,12,setup,70.526,19413160,0,0,false,min
UC4,label_compact_mb,DB2,100000,12,precomp,0.000,0,0,0,false,min
UC4,label_compact_mb,DB2,100000,12,encrypt,78.512,18792328,0,0,false,min
UC4,label_compact_mb,DB2,100000,12,eval,1409.437,38184072,0,0,false,min
UC4,label_compact_mb,DB2,100000,12,decrypt,81.770,-13374304,30408704,1,false,min
UC4,std,DB2,100000,13,setup,82.287,26776352,0,0,false,min
UC4,std,DB2,100000,13,precomp,0.000,0,0,0,false,min
UC4,std,DB2,100000,13,encrypt,57.450,13913392,0,0,false,min
UC4,std,DB2,100000,13,eval,895.355,44644440,0,0,false,min
UC4,std,DB2,100000,13,decrypt,5.126,134464,2097152,1,false,min
UC4,label_compact,DB2,100000,13,setup,71.857,27301384,0,0,false,min
UC4,label_compact,DB2,100000,13,precomp,0.000,0,0,0,false,min
UC4,label_compact,DB2,100000,13,encrypt,71.764,22173672,0,0,false,min
UC4,label_compact,DB2,100000,13,eval,1442.671,38184936,0,0,false,min
UC4,label_compact,DB2,100000,13,decrypt,81.037,-12584328,30408704,1,false,min
UC4,label_compact_max,DB2,100000,13,setup,66.619,19410040,0,0,false,min
UC4,label_compact_max,DB2,100000,13,precomp,0.000,0,0,0,false,min
UC4,label_compact_max,DB2,100000,13,encrypt,72.502,19709160,0,0,false,min
UC4,label_compact_max,DB2,100000,13,eval,1433.314,64820312,0,0,false,min
UC4,label_compact_max,DB2,100000,13,decrypt,83.349,12480160,30408704,1,false,min
UC4,label_compact_mb,DB2,100000,13,setup,68.429,29405808,0,0,false,min
UC4,label_compact_mb,DB2,100000,13,precomp,0.000,0,0,0,false,min
UC4,label_compact_mb,DB2,100000,13,encrypt,77.879,19055880,0,0,false,min
UC4,label_compact_mb,DB2,100000,13,eval,1425.128,38177352,0,0,false,min
UC4,label_compact_mb,DB2,100000,13,decrypt,77.165,19178376,30408704,1,false,min
UC4,std,DB2,100000,14,setup,79.512,26245488,0,0,false,min
UC4,std,DB2,100000,14,precomp,0.000,0,0,0,false,min
UC4,std,DB2,100000,14,encrypt,56.456,13913392,0,0,false,min
UC4,std,DB2,100000,14,eval,907.972,43061720,0,0,false,min
UC4,std,DB2,100000,14,decrypt,5.805,134464,2097152,1,false,min
UC4,label_compact,DB2,100000,14,setup,70.752,27433792,0,0,false,min
UC4,label_compact,DB2,100000,14,precomp,0.000,0,0,0,false,min
UC4,label_compact,DB2,100000,14,encrypt,71.845,19681992,0,0,false,min
UC4,label_compact,DB2,100000,14,eval,1418.529,38184280,0,0,false,min
UC4,label_compact,DB2,100000,14,decrypt,84.261,18260352,30408704,1,false,min
UC4,label_compact_max,DB2,100000,14,setup,70.005,27434048,0,0,false,min
UC4,label_compact_max,DB2,100000,14,precomp,0.000,0,0,0,false,min
UC4,label_compact_max,DB2,100000,14,encrypt,72.719,22174376,0,0,false,min
UC4,label_compact_max,DB2,100000,14,eval,1423.573,38184888,0,0,false,min
UC4,label_compact_max,DB2,100000,14,decrypt,81.879,10902856,30408704,1,false,min
UC4,label_compact_mb,DB2,100000,14,setup,69.173,29405920,0,0,false,min
UC4,label_compact_mb,DB2,100000,14,precomp,0.000,0,0,0,false,min
UC4,label_compact_mb,DB2,100000,14,encrypt,80.075,19052856,0,0,false,min
UC4,label_compact_mb,DB2,100000,14,eval,1432.747,38184600,0,0,false,min
UC4,label_compact_mb,DB2,100000,14,decrypt,82.879,10904664,30408704,1,false,min
UC4,std,DB2,100000,15,setup,78.833,24140920,0,0,false,min
UC4,std,DB2,100000,15,precomp,0.000,0,0,0,false,min
UC4,std,DB2,100000,15,encrypt,56.048,13913392,0,0,false,min
UC4,std,DB2,100000,15,eval,895.450,43061896,0,0,false,min
UC4,std,DB2,100000,15,decrypt,5.959,134464,2097152,1,false,min
UC4,label_compact,DB2,100000,15,setup,68.047,25724160,0,0,false,min
UC4,label_compact,DB2,100000,15,precomp,0.000,0,0,0,false,min
UC4,label_compact,DB2,100000,15,encrypt,72.813,22173064,0,0,false,min
UC4,label_compact,DB2,100000,15,eval,1423.611,61426208,0,0,false,min
UC4,label_compact,DB2,100000,15,decrypt,81.771,21808072,30408704,1,false,min
UC4,label_compact_max,DB2,100000,15,setup,76.571,21250872,0,0,false,min
UC4,label_compact_max,DB2,100000,15,precomp,0.000,0,0,0,false,min
UC4,label_compact_max,DB2,100000,15,encrypt,73.342,22173096,0,0,false,min
UC4,label_compact_max,DB2,100000,15,eval,1426.552,38184600,0,0,false,min
UC4,label_compact_max,DB2,100000,15,decrypt,81.801,20756592,30408704,1,false,min
UC4,label_compact_mb,DB2,100000,15,setup,74.736,27565152,0,0,false,min
UC4,label_compact_mb,DB2,100000,15,precomp,0.000,0,0,0,false,min
UC4,label_compact_mb,DB2,100000,15,encrypt,76.469,18127312,0,0,false,min
UC4,label_compact_mb,DB2,100000,15,eval,1421.886,26762024,0,0,false,min
UC4,label_compact_mb,DB2,100000,15,decrypt,80.203,19179720,30408704,1,false,min
UC4,std,DB2,100000,16,setup,79.542,24140808,0,0,false,min
UC4,std,DB2,100000,16,precomp,0.001,0,0,0,false,min
UC4,std,DB2,100000,16,encrypt,56.504,13913392,0,0,false,min
UC4,std,DB2,100000,16,eval,895.969,43061720,0,0,false,min
UC4,std,DB2,100000,16,decrypt,6.186,134464,2097152,1,false,min
UC4,label_compact,DB2,100000,16,setup,70.593,27433792,0,0,false,min
UC4,label_compact,DB2,100000,16,precomp,0.001,0,0,0,false,min
UC4,label_compact,DB2,100000,16,encrypt,74.324,19708920,0,0,false,min
UC4,label_compact,DB2,100000,16,eval,1412.188,61425136,0,0,false,min
UC4,label_compact,DB2,100000,16,decrypt,84.182,19178936,30408704,1,false,min
UC4,label_compact_max,DB2,100000,16,setup,71.276,23224464,0,0,false,min
UC4,label_compact_max,DB2,100000,16,precomp,0.000,0,0,0,false,min
UC4,label_compact_max,DB2,100000,16,encrypt,73.989,19789576,0,0,false,min
UC4,label_compact_max,DB2,100000,16,eval,1422.681,38184936,0,0,false,min
UC4,label_compact_max,DB2,100000,16,decrypt,86.454,-13374416,30408704,1,false,min
UC4,label_compact_mb,DB2,100000,16,setup,70.591,20462256,0,0,false,min
UC4,label_compact_mb,DB2,100000,16,precomp,0.000,0,0,0,false,min
UC4,label_compact_mb,DB2,100000,16,encrypt,77.751,18789304,0,0,false,min
UC4,label_compact_mb,DB2,100000,16,eval,1419.823,38184504,0,0,false,min
UC4,label_compact_mb,DB2,100000,16,decrypt,83.832,13531640,30408704,1,false,min
UC4,std,DB2,100000,17,setup,80.280,22563696,0,0,false,min
UC4,std,DB2,100000,17,precomp,0.000,0,0,0,false,min
UC4,std,DB2,100000,17,encrypt,56.588,13913392,0,0,false,min
UC4,std,DB2,100000,17,eval,893.675,43589224,0,0,false,min
UC4,std,DB2,100000,17,decrypt,5.800,134464,2097152,1,false,min
UC4,label_compact,DB2,100000,17,setup,69.614,27433776,0,0,false,min
UC4,label_compact,DB2,100000,17,precomp,0.000,0,0,0,false,min
UC4,label_compact,DB2,100000,17,encrypt,73.766,19709000,0,0,false,min
UC4,label_compact,DB2,100000,17,eval,1443.495,38184712,0,0,false,min
UC4,label_compact,DB2,100000,17,decrypt,84.315,10903752,30408704,1,false,min
UC4,label_compact_max,DB2,100000,17,setup,72.636,24671568,0,0,false,min
UC4,label_compact_max,DB2,100000,17,precomp,0.000,0,0,0,false,min
UC4,label_compact_max,DB2,100000,17,encrypt,72.483,19709416,0,0,false,min
UC4,label_compact_max,DB2,100000,17,eval,1422.062,49990608,0,0,false,min
UC4,label_compact_max,DB2,100000,17,decrypt,82.174,19178792,30408704,1,false,min
UC4,label_compact_mb,DB2,100000,17,setup,66.959,26776184,0,0,false,min
UC4,label_compact_mb,DB2,100000,17,precomp,0.000,0,0,0,false,min
UC4,label_compact_mb,DB2,100000,17,encrypt,80.559,21434816,0,0,false,min
UC4,label_compact_mb,DB2,100000,17,eval,1402.531,26936360,0,0,false,min
UC4,label_compact_mb,DB2,100000,17,decrypt,85.570,19179720,30408704,1,false,min
UC4,std,DB2,100000,18,setup,81.274,26509784,0,0,false,min
UC4,std,DB2,100000,18,precomp,0.000,0,0,0,false,min
UC4,std,DB2,100000,18,encrypt,57.051,13913392,0,0,false,min
UC4,std,DB2,100000,18,eval,895.449,43061720,0,0,false,min
UC4,std,DB2,100000,18,decrypt,5.273,134448,2097152,1,false,min
UC4,label_compact,DB2,100000,18,setup,69.498,20462288,0,0,false,min
UC4,label_compact,DB2,100000,18,precomp,0.000,0,0,0,false,min
UC4,label_compact,DB2,100000,18,encrypt,71.643,25710304,0,0,false,min
UC4,label_compact,DB2,100000,18,eval,1409.178,49999328,0,0,false,min
UC4,label_compact,DB2,100000,18,decrypt,80.220,-9432736,30408704,1,false,min
UC4,label_compact_max,DB2,100000,18,setup,70.317,27565104,0,0,false,min
UC4,label_compact_max,DB2,100000,18,precomp,0.000,0,0,0,false,min
UC4,label_compact_max,DB2,100000,18,encrypt,75.127,22173656,0,0,false,min
UC4,label_compact_max,DB2,100000,18,eval,1423.392,61426432,0,0,false,min
UC4,label_compact_max,DB2,100000,18,decrypt,83.470,10903752,30408704,1,false,min
UC4,label_compact_mb,DB2,100000,18,setup,70.790,23355472,0,0,false,min
UC4,label_compact_mb,DB2,100000,18,precomp,0.000,0,0,0,false,min
UC4,label_compact_mb,DB2,100000,18,encrypt,78.735,18127824,0,0,false,min
UC4,label_compact_mb,DB2,100000,18,eval,1422.400,38184936,0,0,false,min
UC4,label_compact_mb,DB2,100000,18,decrypt,81.450,19178376,30408704,1,false,min
UC4,std,DB2,100000,19,setup,86.313,24537128,0,0,false,min
UC4,std,DB2,100000,19,precomp,0.000,0,0,0,false,min
UC4,std,DB2,100000,19,encrypt,56.990,13913392,0,0,false,min
UC4,std,DB2,100000,19,eval,892.257,43061896,0,0,false,min
UC4,std,DB2,100000,19,decrypt,5.780,134464,2097152,1,false,min
UC4,label_compact,DB2,100000,19,setup,71.280,27808328,0,0,false,min
UC4,label_compact,DB2,100000,19,precomp,0.001,0,0,0,false,min
UC4,label_compact,DB2,100000,19,encrypt,74.684,22173736,0,0,false,min
UC4,label_compact,DB2,100000,19,eval,1425.123,72946328,0,0,false,min
UC4,label_compact,DB2,100000,19,decrypt,80.512,12480272,30408704,1,false,min
UC4,label_compact_max,DB2,100000,19,setup,69.016,27301304,0,0,false,min
UC4,label_compact_max,DB2,100000,19,precomp,0.000,0,0,0,false,min
UC4,label_compact_max,DB2,100000,19,encrypt,72.048,22173896,0,0,false,min
UC4,label_compact_max,DB2,100000,19,eval,1445.659,61426320,0,0,false,min
UC4,label_compact_max,DB2,100000,19,decrypt,81.270,10903304,30408704,1,false,min
UC4,label_compact_mb,DB2,100000,19,setup,70.598,27433872,0,0,false,min
UC4,label_compact_mb,DB2,100000,19,precomp,0.000,0,0,0,false,min
UC4,label_compact_mb,DB2,100000,19,encrypt,77.906,18125744,0,0,false,min
UC4,label_compact_mb,DB2,100000,19,eval,1438.806,26762536,0,0,false,min
UC4,label_compact_mb,DB2,100000,19,decrypt,82.910,19181080,30408704,1,false,min
UC4,std,DB2,100000,20,setup,84.012,24671560,0,0,false,min
UC4,std,DB2,100000,20,precomp,0.000,0,0,0,false,min
UC4,std,DB2,100000,20,encrypt,58.307,13913392,0,0,false,min
UC4,std,DB2,100000,20,eval,894.132,43061720,0,0,false,min
UC4,std,DB2,100000,20,decrypt,5.645,134464,2097152,1,false,min
UC4,label_compact,DB2,100000,20,setup,68.862,25727232,0,0,false,min
UC4,label_compact,DB2,100000,20,precomp,0.000,0,0,0,false,min
UC4,label_compact,DB2,100000,20,encrypt,73.193,19709032,0,0,false,min
UC4,label_compact,DB2,100000,20,eval,1437.115,73244008,0,0,false,min
UC4,label_compact,DB2,100000,20,decrypt,85.265,-13110832,30408704,1,false,min
UC4,label_compact_max,DB2,100000,20,setup,70.564,23091832,0,0,false,min
UC4,label_compact_max,DB2,100000,20,precomp,0.000,0,0,0,false,min
UC4,label_compact_max,DB2,100000,20,encrypt,73.926,19735928,0,0,false,min
UC4,label_compact_max,DB2,100000,20,eval,1413.992,38184728,0,0,false,min
UC4,label_compact_max,DB2,100000,20,decrypt,83.185,19179720,30408704,1,false,min
UC4,label_compact_mb,DB2,100000,20,setup,70.021,29405920,0,0,false,min
UC4,label_compact_mb,DB2,100000,20,precomp,0.000,0,0,0,false,min
UC4,label_compact_mb,DB2,100000,20,encrypt,76.601,19057352,0,0,false,min
UC4,label_compact_mb,DB2,100000,20,eval,1418.673,49995680,0,0,false,min
UC4,label_compact_mb,DB2,100000,20,decrypt,84.593,12480160,30408704,1,false,min
UC4,std,DB3,1000000,1,setup,78.176,30719080,0,0,false,min
UC4,std,DB3,1000000,1,precomp,0.000,0,0,0,false,min
UC4,std,DB3,1000000,1,encrypt,497.550,89317160,0,0,false,min
UC4,std,DB3,1000000,1,eval,7821.243,70667208,0,0,false,min
UC4,std,DB3,1000000,1,decrypt,4.507,6569568,2097152,1,false,min
UC4,label_compact,DB3,1000000,1,setup,65.790,23091800,0,0,false,min
UC4,label_compact,DB3,1000000,1,precomp,0.000,0,0,0,false,min
UC4,label_compact,DB3,1000000,1,encrypt,620.700,119051712,0,0,false,min
UC4,label_compact,DB3,1000000,1,eval,11716.526,223314128,0,0,false,min
UC4,label_compact,DB3,1000000,1,decrypt,653.255,47164680,261095424,1,false,min
UC4,label_compact_max,DB3,1000000,1,setup,64.781,23091832,0,0,false,min
UC4,label_compact_max,DB3,1000000,1,precomp,0.000,0,0,0,false,min
UC4,label_compact_max,DB3,1000000,1,encrypt,610.732,119052224,0,0,false,min
UC4,label_compact_max,DB3,1000000,1,eval,11728.647,328090984,0,0,false,min
UC4,label_compact_max,DB3,1000000,1,decrypt,650.595,47164904,261095424,1,false,min
UC4,label_compact_mb,DB3,1000000,1,setup,64.219,23488232,0,0,false,min
UC4,label_compact_mb,DB3,1000000,1,precomp,0.000,0,0,0,false,min
UC4,label_compact_mb,DB3,1000000,1,encrypt,657.853,169730032,0,0,false,min
UC4,label_compact_mb,DB3,1000000,1,eval,11729.957,304861760,0,0,false,min
UC4,label_compact_mb,DB3,1000000,1,decrypt,650.846,55441112,261095424,1,false,min
UC4,std,DB3,1000000,2,setup,74.297,30719128,0,0,false,min
UC4,std,DB3,1000000,2,precomp,0.000,0,0,0,false,min
UC4,std,DB3,1000000,2,encrypt,491.752,89036360,0,0,false,min
UC4,std,DB3,1000000,2,eval,7914.854,70667256,0,0,false,min
UC4,std,DB3,1000000,2,decrypt,4.828,6569568,2097152,1,false,min
UC4,label_compact,DB3,1000000,2,setup,66.422,23091800,0,0,false,min
UC4,label_compact,DB3,1000000,2,precomp,0.000,0,0,0,false,min
UC4,label_compact,DB3,1000000,2,encrypt,623.547,119051632,0,0,false,min
UC4,label_compact,DB3,1000000,2,eval,11732.159,339521096,0,0,false,min
UC4,label_compact,DB3,1000000,2,decrypt,653.170,47164680,261095424,1,false,min
UC4,label_compact_max,DB3,1000000,2,setup,64.858,23091944,0,0,false,min
UC4,label_compact_max,DB3,1000000,2,precomp,0.000,0,0,0,false,min
UC4,label_compact_max,DB3,1000000,2,encrypt,612.279,119052688,0,0,false,min
UC4,label_compact_max,DB3,1000000,2,eval,11728.364,223318736,0,0,false,min
UC4,label_compact_max,DB3,1000000,2,decrypt,650.304,47164680,261095424,1,false,min
UC4,label_compact_mb,DB3,1000000,2,setup,65.908,23091816,0,0,false,min
UC4,label_compact_mb,DB3,1000000,2,precomp,0.000,0,0,0,false,min
UC4,label_compact_mb,DB3,1000000,2,encrypt,654.456,169718928,0,0,false,min
UC4,label_compact_mb,DB3,1000000,2,eval,11744.922,281615512,0,0,false,min
UC4,label_compact_mb,DB3,1000000,2,decrypt,654.424,47164680,261095424,1,false,min
UC4,std,DB3,1000000,3,setup,76.228,28880936,0,0,false,min
UC4,std,DB3,1000000,3,precomp,0.000,0,0,0,false,min
UC4,std,DB3,1000000,3,encrypt,494.493,89036568,0,0,false,min
UC4,std,DB3,1000000,3,eval,7811.907,70667256,0,0,false,min
UC4,std,DB3,1000000,3,decrypt,4.474,6569568,2097152,1,false,min
UC4,label_compact,DB3,1000000,3,setup,65.960,23488136,0,0,false,min
UC4,label_compact,DB3,1000000,3,precomp,0.000,0,0,0,false,min
UC4,label_compact,DB3,1000000,3,encrypt,623.584,119051920,0,0,false,min
UC4,label_compact,DB3,1000000,3,eval,11730.605,165402672,0,0,false,min
UC4,label_compact,DB3,1000000,3,decrypt,654.281,47164680,261095424,1,false,min
UC4,label_compact_max,DB3,1000000,3,setup,65.648,23091832,0,0,false,min
UC4,label_compact_max,DB3,1000000,3,precomp,0.000,0,0,0,false,min
UC4,label_compact_max,DB3,1000000,3,encrypt,610.760,119051776,0,0,false,min
UC4,label_compact_max,DB3,1000000,3,eval,11721.026,304857216,0,0,false,min
UC4,label_compact_max,DB3,1000000,3,decrypt,650.536,47164680,261095424,1,false,min
UC4,label_compact_mb,DB3,1000000,3,setup,65.757,23091816,0,0,false,min
UC4,label_compact_mb,DB3,1000000,3,precomp,0.000,0,0,0,false,min
UC4,label_compact_mb,DB3,1000000,3,encrypt,662.324,169717152,0,0,false,min
UC4,label_compact_mb,DB3,1000000,3,eval,11729.443,351332704,0,0,false,min
UC4,label_compact_mb,DB3,1000000,3,decrypt,654.229,47164680,261095424,1,false,min
UC4,std,DB3,1000000,4,setup,74.594,30454848,0,0,false,min
UC4,std,DB3,1000000,4,precomp,0.000,0,0,0,false,min
UC4,std,DB3,1000000,4,encrypt,490.557,89036568,0,0,false,min
UC4,std,DB3,1000000,4,eval,7829.090,70667208,0,0,false,min
UC4,std,DB3,1000000,4,decrypt,4.475,6569568,2097152,1,false,min
UC4,label_compact,DB3,1000000,4,setup,65.786,23091800,0,0,false,min
UC4,label_compact,DB3,1000000,4,precomp,0.000,0,0,0,false,min
UC4,label_compact,DB3,1000000,4,encrypt,622.851,119053168,0,0,false,min
UC4,label_compact,DB3,1000000,4,eval,11757.768,351339424,0,0,false,min
UC4,label_compact,DB3,1000000,4,decrypt,658.889,47164792,261095424,1,false,min
UC4,label_compact_max,DB3,1000000,4,setup,67.706,23091832,0,0,false,min
UC4,label_compact_max,DB3,1000000,4,precomp,0.000,0,0,0,false,min
UC4,label_compact_max,DB3,1000000,4,encrypt,602.616,119052672,0,0,false,min
UC4,label_compact_max,DB3,1000000,4,eval,11750.094,374581240,0,0,false,min
UC4,label_compact_max,DB3,1000000,4,decrypt,655.562,55441224,261095424,1,false,min
UC4,label_compact_mb,DB3,1000000,4,setup,63.947,23619304,0,0,false,min
UC4,label_compact_mb,DB3,1000000,4,precomp,0.000,0,0,0,false,min
UC4,label_compact_mb,DB3,1000000,4,encrypt,655.761,169712560,0,0,false,min
UC4,label_compact_mb,DB3,1000000,4,eval,11710.991,281616072,0,0,false,min
UC4,label_compact_mb,DB3,1000000,4,decrypt,648.862,55441112,261095424,1,false,min
UC4,std,DB3,1000000,5,setup,78.870,30982432,0,0,false,min
UC4,std,DB3,1000000,5,precomp,0.000,0,0,0,false,min
UC4,std,DB3,1000000,5,encrypt,492.348,69920864,0,0,false,min
UC4,std,DB3,1000000,5,eval,7829.266,86492568,0,0,false,min
UC4,std,DB3,1000000,5,decrypt,4.534,6569568,2097152,1,false,min
UC4,label_compact,DB3,1000000,5,setup,64.692,23091800,0,0,false,min
UC4,label_compact,DB3,1000000,5,precomp,0.000,0,0,0,false,min
UC4,label_compact,DB3,1000000,5,encrypt,622.500,119052448,0,0,false,min
UC4,label_compact,DB3,1000000,5,eval,11732.929,351339536,0,0,false,min
UC4,label_compact,DB3,1000000,5,decrypt,654.901,47164680,261095424,1,false,min
UC4,label_compact_max,DB3,1000000,5,setup,63.364,23092056,0,0,false,min
UC4,label_compact_max,DB3,1000000,5,precomp,0.000,0,0,0,false,min
UC4,label_compact_max,DB3,1000000,5,encrypt,611.635,119052704,0,0,false,min
UC4,label_compact_max,DB3,1000000,5,eval,11759.019,328098392,0,0,false,min
UC4,label_compact_max,DB3,1000000,5,decrypt,653.252,47164680,261095424,1,false,min
UC4,label_compact_mb,DB3,1000000,5,setup,69.142,23091816,0,0,false,min
UC4,label_compact_mb,DB3,1000000,5,precomp,0.000,0,0,0,false,min
UC4,label_compact_mb,DB3,1000000,5,encrypt,661.016,169734704,0,0,false,min
UC4,label_compact_mb,DB3,1000000,5,eval,11715.790,328098072,0,0,false,min
UC4,label_compact_mb,DB3,1000000,5,decrypt,655.546,31136528,261095424,1,false,min
UC4,std,DB3,1000000,6,setup,82.446,22566880,0,0,false,min
UC4,std,DB3,1000000,6,precomp,0.000,0,0,0,false,min
UC4,std,DB3,1000000,6,encrypt,494.131,89036568,0,0,false,min
UC4,std,DB3,1000000,6,eval,7860.924,70667208,0,0,false,min
UC4,std,DB3,1000000,6,decrypt,4.630,6569568,2097152,1,false,min
UC4,label_compact,DB3,1000000,6,setup,64.733,23091848,0,0,false,min
UC4,label_compact,DB3,1000000,6,precomp,0.000,0,0,0,false,min
UC4,label_compact,DB3,1000000,6,encrypt,620.759,119051632,0,0,false,min
UC4,label_compact,DB3,1000000,6,eval,11738.975,277928632,0,0,false,min
UC4,label_compact,DB3,1000000,6,decrypt,649.386,47164680,261095424,1,false,min
UC4,label_compact_max,DB3,1000000,6,setup,64.565,23091832,0,0,false,min
UC4,label_compact_max,DB3,1000000,6,precomp,0.000,0,0,0,false,min
UC4,label_compact_max,DB3,1000000,6,encrypt,606.568,119052272,0,0,false,min
UC4,label_compact_max,DB3,1000000,6,eval,11726.739,176832016,0,0,false,min
UC4,label_compact_max,DB3,1000000,6,decrypt,652.844,55441112,261095424,1,false,min
UC4,label_compact_mb,DB3,1000000,6,setup,63.696,23091816,0,0,false,min
UC4,label_compact_mb,DB3,1000000,6,precomp,0.000,0,0,0,false,min
UC4,label_compact_mb,DB3,1000000,6,encrypt,652.104,169734144,0,0,false,min
UC4,label_compact_mb,DB3,1000000,6,eval,11730.674,339520744,0,0,false,min
UC4,label_compact_mb,DB3,1000000,6,decrypt,655.062,47164680,261095424,1,false,min
UC4,std,DB3,1000000,7,setup,74.124,30454960,0,0,false,min
UC4,std,DB3,1000000,7,precomp,0.000,0,0,0,false,min
UC4,std,DB3,1000000,7,encrypt,493.827,68515272,0,0,false,min
UC4,std,DB3,1000000,7,eval,7878.839,84382520,0,0,false,min
UC4,std,DB3,1000000,7,decrypt,4.473,6569568,2097152,1,false,min
UC4,label_compact,DB3,1000000,7,setup,65.297,23091800,0,0,false,min
UC4,label_compact,DB3,1000000,7,precomp,0.000,0,0,0,false,min
UC4,label_compact,DB3,1000000,7,encrypt,625.668,119052352,0,0,false,min
UC4,label_compact,DB3,1000000,7,eval,11729.828,211891168,0,0,false,min
UC4,label_compact,DB3,1000000,7,decrypt,648.821,54914216,261095424,1,false,min
UC4,label_compact_max,DB3,1000000,7,setup,67.422,25329176,0,0,false,min
UC4,label_compact_max,DB3,1000000,7,precomp,0.000,0,0,0,false,min
UC4,label_compact_max,DB3,1000000,7,encrypt,614.844,119052384,0,0,false,min
UC4,label_compact_max,DB3,1000000,7,eval,11724.623,153589208,0,0,false,min
UC4,label_compact_max,DB3,1000000,7,decrypt,654.373,55965696,261095424,1,false,min
UC4,label_compact_mb,DB3,1000000,7,setup,67.974,25329128,0,0,false,min
UC4,label_compact_mb,DB3,1000000,7,precomp,0.001,0,0,0,false,min
UC4,label_compact_mb,DB3,1000000,7,encrypt,654.726,96919024,0,0,false,min
UC4,label_compact_mb,DB3,1000000,7,eval,11736.513,351339456,0,0,false,min
UC4,label_compact_mb,DB3,1000000,7,decrypt,656.192,47164680,261095424,1,false,min
UC4,std,DB3,1000000,8,setup,75.928,28880920,0,0,false,min
UC4,std,DB3,1000000,8,precomp,0.000,0,0,0,false,min
UC4,std,DB3,1000000,8,encrypt,490.887,89036360,0,0,false,min
UC4,std,DB3,1000000,8,eval,7804.129,70667384,0,0,false,min
UC4,std,DB3,1000000,8,decrypt,4.662,6569568,2097152,1,false,min
UC4,label_compact,DB3,1000000,8,setup,66.256,23091800,0,0,false,min
UC4,label_compact,DB3,1000000,8,precomp,0.000,0,0,0,false,min
UC4,label_compact,DB3,1000000,8,encrypt,625.449,119052304,0,0,false,min
UC4,label_compact,DB3,1000000,8,eval,11734.937,200073416,0,0,false,min
UC4,label_compact,DB3,1000000,8,decrypt,654.585,55965696,261095424,1,false,min
UC4,label_compact_max,DB3,1000000,8,setup,65.187,23084776,0,0,false,min
UC4,label_compact_max,DB3,1000000,8,precomp,0.000,0,0,0,false,min
UC4,label_compact_max,DB3,1000000,8,encrypt,612.678,119052672,0,0,false,min
UC4,label_compact_max,DB3,1000000,8,eval,11725.807,374581128,0,0,false,min
UC4,label_compact_max,DB3,1000000,8,decrypt,654.319,47164680,261095424,1,false,min
UC4,label_compact_mb,DB3,1000000,8,setup,67.307,25460200,0,0,false,min
UC4,label_compact_mb,DB3,1000000,8,precomp,0.000,0,0,0,false,min
UC4,label_compact_mb,DB3,1000000,8,encrypt,667.232,96918960,0,0,false,min
UC4,label_compact_mb,DB3,1000000,8,eval,11751.093,165413280,0,0,false,min
UC4,label_compact_mb,DB3,1000000,8,decrypt,648.559,62138720,261095424,1,false,min
UC4,std,DB3,1000000,9,setup,79.102,26641792,0,0,false,min
UC4,std,DB3,1000000,9,precomp,0.001,0,0,0,false,min
UC4,std,DB3,1000000,9,encrypt,493.851,89880424,0,0,false,min
UC4,std,DB3,1000000,9,eval,7884.638,73832280,0,0,false,min
UC4,std,DB3,1000000,9,decrypt,4.916,6569568,2097152,1,false,min
UC4,label_compact,DB3,1000000,9,setup,67.009,23091800,0,0,false,min
UC4,label_compact,DB3,1000000,9,precomp,0.001,0,0,0,false,min
UC4,label_compact,DB3,1000000,9,encrypt,630.750,119051792,0,0,false,min
UC4,label_compact,DB3,1000000,9,eval,11744.134,258373920,0,0,false,min
UC4,label_compact,DB3,1000000,9,decrypt,652.926,47164680,261095424,1,false,min
UC4,label_compact_max,DB3,1000000,9,setup,63.411,23091832,0,0,false,min
UC4,label_compact_max,DB3,1000000,9,precomp,0.000,0,0,0,false,min
UC4,label_compact_max,DB3,1000000,9,encrypt,606.498,119052560,0,0,false,min
UC4,label_compact_max,DB3,1000000,9,eval,11712.647,165408416,0,0,false,min
UC4,label_compact_max,DB3,1000000,9,decrypt,654.241,47164680,261095424,1,false,min
UC4,label_compact_mb,DB3,1000000,9,setup,65.372,23619192,0,0,false,min
UC4,label_compact_mb,DB3,1000000,9,precomp,0.000,0,0,0,false,min
UC4,label_compact_mb,DB3,1000000,9,encrypt,661.095,169722848,0,0,false,min
UC4,label_compact_mb,DB3,1000000,9,eval,11739.887,176826944,0,0,false,min
UC4,label_compact_mb,DB3,1000000,9,decrypt,653.413,47164680,261095424,1,false,min
UC4,std,DB3,1000000,10,setup,73.825,28880920,0,0,false,min
UC4,std,DB3,1000000,10,precomp,0.000,0,0,0,false,min
UC4,std,DB3,1000000,10,encrypt,493.293,89036568,0,0,false,min
UC4,std,DB3,1000000,10,eval,7815.380,70667208,0,0,false,min
UC4,std,DB3,1000000,10,decrypt,4.467,6569568,2097152,1,false,min
UC4,label_compact,DB3,1000000,10,setup,64.126,23091800,0,0,false,min
UC4,label_compact,DB3,1000000,10,precomp,0.001,0,0,0,false,min
UC4,label_compact,DB3,1000000,10,encrypt,625.677,119051824,0,0,false,min
UC4,label_compact,DB3,1000000,10,eval,11720.064,176831792,0,0,false,min
UC4,label_compact,DB3,1000000,10,decrypt,651.374,47164680,261095424,1,false,min
UC4,label_compact_max,DB3,1000000,10,setup,65.036,23488136,0,0,false,min
UC4,label_compact_max,DB3,1000000,10,precomp,0.000,0,0,0,false,min
UC4,label_compact_max,DB3,1000000,10,encrypt,607.292,119053392,0,0,false,min
UC4,label_compact_max,DB3,1000000,10,eval,11706.641,304857008,0,0,false,min
UC4,label_compact_max,DB3,1000000,10,decrypt,652.001,47164680,261095424,1,false,min
UC4,label_compact_mb,DB3,1000000,10,setup,64.566,21517888,0,0,false,min
UC4,label_compact_mb,DB3,1000000,10,precomp,0.000,0,0,0,false,min
UC4,label_compact_mb,DB3,1000000,10,encrypt,660.198,169722048,0,0,false,min
UC4,label_compact_mb,DB3,1000000,10,eval,11707.789,223307104,0,0,false,min
UC4,label_compact_mb,DB3,1000000,10,decrypt,651.105,47164680,261095424,1,false,min
UC4,std,DB3,1000000,11,setup,74.470,30454848,0,0,false,min
UC4,std,DB3,1000000,11,precomp,0.000,0,0,0,false,min
UC4,std,DB3,1000000,11,encrypt,491.777,89036568,0,0,false,min
UC4,std,DB3,1000000,11,eval,7921.852,70667208,0,0,false,min
UC4,std,DB3,1000000,11,decrypt,4.517,6569568,2097152,1,false,min
UC4,label_compact,DB3,1000000,11,setup,64.276,23091800,0,0,false,min
UC4,label_compact,DB3,1000000,11,precomp,0.001,0,0,0,false,min
UC4,label_compact,DB3,1000000,11,encrypt,627.627,119052272,0,0,false,min
UC4,label_compact,DB3,1000000,11,eval,11726.992,258374032,0,0,false,min
UC4,label_compact,DB3,1000000,11,decrypt,650.087,47164680,261095424,1,false,min
UC4,label_compact_max,DB3,1000000,11,setup,64.239,23091832,0,0,false,min
UC4,label_compact_max,DB3,1000000,11,precomp,0.000,0,0,0,false,min
UC4,label_compact_max,DB3,1000000,11,encrypt,606.030,119052976,0,0,false,min
UC4,label_compact_max,DB3,1000000,11,eval,11751.906,339520984,0,0,false,min
UC4,label_compact_max,DB3,1000000,11,decrypt,654.415,47689264,261095424,1,false,min
UC4,label_compact_mb,DB3,1000000,11,setup,65.529,19413160,0,0,false,min
UC4,label_compact_mb,DB3,1000000,11,precomp,0.001,0,0,0,false,min
UC4,label_compact_mb,DB3,1000000,11,encrypt,659.245,96918768,0,0,false,min
UC4,label_compact_mb,DB3,1000000,11,eval,11741.884,281466584,0,0,false,min
UC4,label_compact_mb,DB3,1000000,11,decrypt,656.148,47164680,261095424,1,false,min
UC4,std,DB3,1000000,12,setup,74.937,28880920,0,0,false,min
UC4,std,DB3,1000000,12,precomp,0.000,0,0,0,false,min
UC4,std,DB3,1000000,12,encrypt,495.952,89036360,0,0,false,min
UC4,std,DB3,1000000,12,eval,7811.007,70667256,0,0,false,min
UC4,std,DB3,1000000,12,decrypt,4.493,6569568,2097152,1,false,min
UC4,label_compact,DB3,1000000,12,setup,64.700,23224432,0,0,false,min
UC4,label_compact,DB3,1000000,12,precomp,0.000,0,0,0,false,min
UC4,label_compact,DB3,1000000,12,encrypt,621.938,119052592,0,0,false,min
UC4,label_compact,DB3,1000000,12,eval,11731.110,165412944,0,0,false,min
UC4,label_compact,DB3,1000000,12,decrypt,653.632,55441112,261095424,1,false,min
UC4,label_compact_max,DB3,1000000,12,setup,62.730,23091832,0,0,false,min
UC4,label_compact_max,DB3,1000000,12,precomp,0.000,0,0,0,false,min
UC4,label_compact_max,DB3,1000000,12,encrypt,613.911,119052608,0,0,false,min
UC4,label_compact_max,DB3,1000000,12,eval,11723.526,165409264,0,0,false,min
UC4,label_compact_max,DB3,1000000,12,decrypt,651.958,68838712,261095424,1,false,min
UC4,label_compact_mb,DB3,1000000,12,setup,67.370,25329080,0,0,false,min
UC4,label_compact_mb,DB3,1000000,12,precomp,0.000,0,0,0,false,min
UC4,label_compact_mb,DB3,1000000,12,encrypt,657.066,169718464,0,0,false,min
UC4,label_compact_mb,DB3,1000000,12,eval,11734.962,165408192,0,0,false,min
UC4,label_compact_mb,DB3,1000000,12,decrypt,654.778,47164680,261095424,1,false,min
UC4,std,DB3,1000000,13,setup,75.060,28880920,0,0,false,min
UC4,std,DB3,1000000,13,precomp,0.000,0,0,0,false,min
UC4,std,DB3,1000000,13,encrypt,489.959,89036360,0,0,false,min
UC4,std,DB3,1000000,13,eval,7818.804,70667384,0,0,false,min
UC4,std,DB3,1000000,13,decrypt,4.466,6569568,2097152,1,false,min
UC4,label_compact,DB3,1000000,13,setup,66.478,23091800,0,0,false,min
UC4,label_compact,DB3,1000000,13,precomp,0.000,0,0,0,false,min
UC4,label_compact,DB3,1000000,13,encrypt,624.808,119052144,0,0,false,min
UC4,label_compact,DB3,1000000,13,eval,11702.190,339521544,0,0,false,min
UC4,label_compact,DB3,1000000,13,decrypt,653.085,47164696,261095424,1,false,min
UC4,label_compact_max,DB3,1000000,13,setup,65.604,23091832,0,0,false,min
UC4,label_compact_max,DB3,1000000,13,precomp,0.000,0,0,0,false,min
UC4,label_compact_max,DB3,1000000,13,encrypt,615.581,119052816,0,0,false,min
UC4,label_compact_max,DB3,1000000,13,eval,11710.715,176824384,0,0,false,min
UC4,label_compact_max,DB3,1000000,13,decrypt,654.588,55441112,261095424,1,false,min
UC4,label_compact_mb,DB3,1000000,13,setup,67.003,23091768,0,0,false,min
UC4,label_compact_mb,DB3,1000000,13,precomp,0.001,0,0,0,false,min
UC4,label_compact_mb,DB3,1000000,13,encrypt,653.111,169730064,0,0,false,min
UC4,label_compact_mb,DB3,1000000,13,eval,11730.528,316275312,0,0,false,min
UC4,label_compact_mb,DB3,1000000,13,decrypt,651.243,47164680,261095424,1,false,min
UC4,std,DB3,1000000,14,setup,75.731,22566880,0,0,false,min
UC4,std,DB3,1000000,14,precomp,0.000,0,0,0,false,min
UC4,std,DB3,1000000,14,encrypt,492.520,89036360,0,0,false,min
UC4,std,DB3,1000000,14,eval,7871.702,70667384,0,0,false,min
UC4,std,DB3,1000000,14,decrypt,4.753,6569568,2097152,1,false,min
UC4,label_compact,DB3,1000000,14,setup,63.132,23091800,0,0,false,min
UC4,label_compact,DB3,1000000,14,precomp,0.000,0,0,0,false,min
UC4,label_compact,DB3,1000000,14,encrypt,622.199,119051872,0,0,false,min
UC4,label_compact,DB3,1000000,14,eval,11745.072,374581144,0,0,false,min
UC4,label_compact,DB3,1000000,14,decrypt,656.546,47164680,261095424,1,false,min
UC4,label_compact_max,DB3,1000000,14,setup,63.602,23091832,0,0,false,min
UC4,label_compact_max,DB3,1000000,14,precomp,0.000,0,0,0,false,min
UC4,label_compact_max,DB3,1000000,14,encrypt,609.162,119052576,0,0,false,min
UC4,label_compact_max,DB3,1000000,14,eval,11723.195,304856896,0,0,false,min
UC4,label_compact_max,DB3,1000000,14,decrypt,652.417,47164680,261095424,1,false,min
UC4,label_compact_mb,DB3,1000000,14,setup,66.376,31510488,0,0,false,min
UC4,label_compact_mb,DB3,1000000,14,precomp,0.000,0,0,0,false,min
UC4,label_compact_mb,DB3,1000000,14,encrypt,657.334,169729024,0,0,false,min
UC4,label_compact_mb,DB3,1000000,14,eval,11714.711,165407968,0,0,false,min
UC4,label_compact_mb,DB3,1000000,14,decrypt,654.310,55441224,261095424,1,false,min
UC4,std,DB3,1000000,15,setup,74.083,30719128,0,0,false,min
UC4,std,DB3,1000000,15,precomp,0.000,0,0,0,false,min
UC4,std,DB3,1000000,15,encrypt,493.197,89036360,0,0,false,min
UC4,std,DB3,1000000,15,eval,7898.653,70667208,0,0,false,min
UC4,std,DB3,1000000,15,decrypt,4.502,6569568,2097152,1,false,min
UC4,label_compact,DB3,1000000,15,setup,63.887,23091800,0,0,false,min
UC4,label_compact,DB3,1000000,15,precomp,0.000,0,0,0,false,min
UC4,label_compact,DB3,1000000,15,encrypt,620.470,119052832,0,0,false,min
UC4,label_compact,DB3,1000000,15,eval,11717.681,200071752,0,0,false,min
UC4,label_compact,DB3,1000000,15,decrypt,653.320,55441112,261095424,1,false,min
UC4,label_compact_max,DB3,1000000,15,setup,67.678,24671568,0,0,false,min
UC4,label_compact_max,DB3,1000000,15,precomp,0.000,0,0,0,false,min
UC4,label_compact_max,DB3,1000000,15,encrypt,613.758,119051504,0,0,false,min
UC4,label_compact_max,DB3,1000000,15,eval,11714.006,211891056,0,0,false,min
UC4,label_compact_max,DB3,1000000,15,decrypt,648.884,47164680,261095424,1,false,min
UC4,label_compact_mb,DB3,1000000,15,setup,63.425,25196448,0,0,false,min
UC4,label_compact_mb,DB3,1000000,15,precomp,0.000,0,0,0,false,min
UC4,label_compact_mb,DB3,1000000,15,encrypt,655.297,169725184,0,0,false,min
UC4,label_compact_mb,DB3,1000000,15,eval,11724.665,316272752,0,0,false,min
UC4,label_compact_mb,DB3,1000000,15,decrypt,648.468,55965808,261095424,1,false,min
UC4,std,DB3,1000000,16,setup,74.707,33090280,0,0,false,min
UC4,std,DB3,1000000,16,precomp,0.000,0,0,0,false,min
UC4,std,DB3,1000000,16,encrypt,492.699,89880440,0,0,false,min
UC4,std,DB3,1000000,16,eval,7963.366,87547592,0,0,false,min
UC4,std,DB3,1000000,16,decrypt,4.492,6569568,2097152,1,false,min
UC4,label_compact,DB3,1000000,16,setup,68.650,21251032,0,0,false,min
UC4,label_compact,DB3,1000000,16,precomp,0.000,0,0,0,false,min
UC4,label_compact,DB3,1000000,16,encrypt,625.990,137776320,0,0,false,min
UC4,label_compact,DB3,1000000,16,eval,11737.480,269789888,0,0,false,min
UC4,label_compact,DB3,1000000,16,decrypt,649.679,55441112,261095424,1,false,min
UC4,label_compact_max,DB3,1000000,16,setup,63.461,22566888,0,0,false,min
UC4,label_compact_max,DB3,1000000,16,precomp,0.000,0,0,0,false,min
UC4,label_compact_max,DB3,1000000,16,encrypt,609.761,119052560,0,0,false,min
UC4,label_compact_max,DB3,1000000,16,eval,11737.817,258374464,0,0,false,min
UC4,label_compact_max,DB3,1000000,16,decrypt,653.158,47164680,261095424,1,false,min
UC4,label_compact_mb,DB3,1000000,16,setup,67.335,23091384,0,0,false,min
UC4,label_compact_mb,DB3,1000000,16,precomp,0.000,0,0,0,false,min
UC4,label_compact_mb,DB3,1000000,16,encrypt,654.371,169729040,0,0,false,min
UC4,label_compact_mb,DB3,1000000,16,eval,11721.240,281616936,0,0,false,min
UC4,label_compact_mb,DB3,1000000,16,decrypt,651.849,47689264,261095424,1,false,min
UC4,std,DB3,1000000,17,setup,75.261,30454848,0,0,false,min
UC4,std,DB3,1000000,17,precomp,0.000,0,0,0,false,min
UC4,std,DB3,1000000,17,encrypt,494.789,68795720,0,0,false,min
UC4,std,DB3,1000000,17,eval,7856.940,25828680,0,0,false,min
UC4,std,DB3,1000000,17,decrypt,4.461,6569568,2097152,1,false,min
UC4,label_compact,DB3,1000000,17,setup,67.029,23091416,0,0,false,min
UC4,label_compact,DB3,1000000,17,precomp,0.001,0,0,0,false,min
UC4,label_compact,DB3,1000000,17,encrypt,630.246,119052048,0,0,false,min
UC4,label_compact,DB3,1000000,17,eval,11743.295,339521096,0,0,false,min
UC4,label_compact,DB3,1000000,17,decrypt,662.186,97347920,261095424,1,false,min
UC4,label_compact_max,DB3,1000000,17,setup,64.402,23091832,0,0,false,min
UC4,label_compact_max,DB3,1000000,17,precomp,0.000,0,0,0,false,min
UC4,label_compact_max,DB3,1000000,17,encrypt,606.567,119052128,0,0,false,min
UC4,label_compact_max,DB3,1000000,17,eval,11713.997,200072168,0,0,false,min
UC4,label_compact_max,DB3,1000000,17,decrypt,653.753,47164680,261095424,1,false,min
UC4,label_compact_mb,DB3,1000000,17,setup,63.469,23091768,0,0,false,min
UC4,label_compact_mb,DB3,1000000,17,precomp,0.000,0,0,0,false,min
UC4,label_compact_mb,DB3,1000000,17,encrypt,654.791,169727616,0,0,false,min
UC4,label_compact_mb,DB3,1000000,17,eval,11747.463,165023512,0,0,false,min
UC4,label_compact_mb,DB3,1000000,17,decrypt,654.158,55441112,261095424,1,false,min
UC4,std,DB3,1000000,18,setup,74.992,30719256,0,0,false,min
UC4,std,DB3,1000000,18,precomp,0.000,0,0,0,false,min
UC4,std,DB3,1000000,18,encrypt,493.150,89036360,0,0,false,min
UC4,std,DB3,1000000,18,eval,7895.526,70667256,0,0,false,min
UC4,std,DB3,1000000,18,decrypt,5.521,6569568,2097152,1,false,min
UC4,label_compact,DB3,1000000,18,setup,64.342,23091800,0,0,false,min
UC4,label_compact,DB3,1000000,18,precomp,0.001,0,0,0,false,min
UC4,label_compact,DB3,1000000,18,encrypt,627.876,119052528,0,0,false,min
UC4,label_compact,DB3,1000000,18,eval,11742.753,200072280,0,0,false,min
UC4,label_compact,DB3,1000000,18,decrypt,656.144,47164680,261095424,1,false,min
UC4,label_compact_max,DB3,1000000,18,setup,65.261,23091832,0,0,false,min
UC4,label_compact_max,DB3,1000000,18,precomp,0.000,0,0,0,false,min
UC4,label_compact_max,DB3,1000000,18,encrypt,611.443,119052944,0,0,false,min
UC4,label_compact_max,DB3,1000000,18,eval,11715.955,165408208,0,0,false,min
UC4,label_compact_max,DB3,1000000,18,decrypt,650.683,47164680,261095424,1,false,min
UC4,label_compact_mb,DB3,1000000,18,setup,63.951,27829096,0,0,false,min
UC4,label_compact_mb,DB3,1000000,18,precomp,0.000,0,0,0,false,min
UC4,label_compact_mb,DB3,1000000,18,encrypt,658.677,169713872,0,0,false,min
UC4,label_compact_mb,DB3,1000000,18,eval,11708.448,281614744,0,0,false,min
UC4,label_compact_mb,DB3,1000000,18,decrypt,658.841,45585872,261095424,1,false,min
UC4,std,DB3,1000000,19,setup,74.108,26641808,0,0,false,min
UC4,std,DB3,1000000,19,precomp,0.000,0,0,0,false,min
UC4,std,DB3,1000000,19,encrypt,494.000,89598600,0,0,false,min
UC4,std,DB3,1000000,19,eval,7835.101,70667208,0,0,false,min
UC4,std,DB3,1000000,19,decrypt,4.447,6569568,2097152,1,false,min
UC4,label_compact,DB3,1000000,19,setup,64.514,23091800,0,0,false,min
UC4,label_compact,DB3,1000000,19,precomp,0.000,0,0,0,false,min
UC4,label_compact,DB3,1000000,19,encrypt,626.503,119052080,0,0,false,min
UC4,label_compact,DB3,1000000,19,eval,11743.660,385995896,0,0,false,min
UC4,label_compact,DB3,1000000,19,decrypt,654.733,30611832,261095424,1,false,min
UC4,label_compact_max,DB3,1000000,19,setup,64.816,29936672,0,0,false,min
UC4,label_compact_max,DB3,1000000,19,precomp,0.000,0,0,0,false,min
UC4,label_compact_max,DB3,1000000,19,encrypt,611.645,84668024,0,0,false,min
UC4,label_compact_max,DB3,1000000,19,eval,11709.351,200072488,0,0,false,min
UC4,label_compact_max,DB3,1000000,19,decrypt,649.618,47164680,261095424,1,false,min
UC4,label_compact_mb,DB3,1000000,19,setup,64.261,23091768,0,0,false,min
UC4,label_compact_mb,DB3,1000000,19,precomp,0.000,0,0,0,false,min
UC4,label_compact_mb,DB3,1000000,19,encrypt,658.630,169714864,0,0,false,min
UC4,label_compact_mb,DB3,1000000,19,eval,11733.527,153589864,0,0,false,min
UC4,label_compact_mb,DB3,1000000,19,decrypt,652.248,47164680,261095424,1,false,min
UC4,std,DB3,1000000,20,setup,75.774,28880920,0,0,false,min
UC4,std,DB3,1000000,20,precomp,0.000,0,0,0,false,min
UC4,std,DB3,1000000,20,encrypt,494.736,68515272,0,0,false,min
UC4,std,DB3,1000000,20,eval,7853.357,81217496,0,0,false,min
UC4,std,DB3,1000000,20,decrypt,4.527,6569568,2097152,1,false,min
UC4,label_compact,DB3,1000000,20,setup,63.775,23091912,0,0,false,min
UC4,label_compact,DB3,1000000,20,precomp,0.000,0,0,0,false,min
UC4,label_compact,DB3,1000000,20,encrypt,623.839,119053200,0,0,false,min
UC4,label_compact,DB3,1000000,20,eval,11717.795,374581016,0,0,false,min
UC4,label_compact,DB3,1000000,20,decrypt,650.454,47164680,261095424,1,false,min
UC4,label_compact_max,DB3,1000000,20,setup,63.342,23091832,0,0,false,min
UC4,label_compact_max,DB3,1000000,20,precomp,0.000,0,0,0,false,min
UC4,label_compact_max,DB3,1000000,20,encrypt,613.206,119052656,0,0,false,min
UC4,label_compact_max,DB3,1000000,20,eval,11699.708,316279360,0,0,false,min
UC4,label_compact_max,DB3,1000000,20,decrypt,654.243,47164680,261095424,1,false,min
UC4,label_compact_mb,DB3,1000000,20,setup,62.829,23488056,0,0,false,min
UC4,label_compact_mb,DB3,1000000,20,precomp,0.000,0,0,0,false,min
UC4,label_compact_mb,DB3,1000000,20,encrypt,654.109,96918208,0,0,false,min
UC4,label_compact_mb,DB3,1000000,20,eval,11731.747,161730352,0,0,false,min
UC4,label_compact_mb,DB3,1000000,20,decrypt,652.156,71994072,261095424,1,false,min
