use_case,variant,db_label,n,run_id,phase,elapsed_ms,heap_b,comm_bytes,rounds,correct,param_profile
UC4,std,DB1,512,1,setup,257.287,65322376,0,0,false,full
UC4,std,DB1,512,1,precomp,0.000,0,0,0,false,full
UC4,std,DB1,512,1,encrypt,13.767,7139128,0,0,false,full
UC4,std,DB1,512,1,eval,275.975,52191448,0,0,false,full
UC4,std,DB1,512,1,decrypt,8.576,4860792,4194304,1,true,full
UC4,label_compact,DB1,512,1,setup,211.762,72416176,0,0,false,full
UC4,label_compact,DB1,512,1,precomp,0.000,0,0,0,false,full
UC4,label_compact,DB1,512,1,encrypt,14.688,12598304,0,0,false,full
UC4,label_compact,DB1,512,1,eval,258.219,65274016,0,0,false,full
UC4,label_compact,DB1,512,1,decrypt,22.771,16675640,7340032,1,true,full
UC4,std,DB1,512,2,setup,244.474,70304696,0,0,false,full
UC4,std,DB1,512,2,precomp,0.000,0,0,0,false,full
UC4,std,DB1,512,2,encrypt,13.037,7139128,0,0,false,full
UC4,std,DB1,512,2,eval,284.798,52191448,0,0,false,full
UC4,std,DB1,512,2,decrypt,7.696,4860792,4194304,1,true,full
UC4,label_compact,DB1,512,2,setup,217.876,72145664,0,0,false,full
UC4,label_compact,DB1,512,2,precomp,0.000,0,0,0,false,full
UC4,label_compact,DB1,512,2,encrypt,14.787,12598544,0,0,false,full
UC4,label_compact,DB1,512,2,eval,261.395,85637600,0,0,false,full
UC4,label_compact,DB1,512,2,decrypt,17.031,4733968,7340032,1,true,full
UC4,std,DB1,512,3,setup,235.091,63212912,0,0,false,full
UC4,std,DB1,512,3,precomp,0.000,0,0,0,false,full
UC4,std,DB1,512,3,encrypt,13.496,7139128,0,0,false,full
UC4,std,DB1,512,3,eval,277.846,52191448,0,0,false,full
UC4,std,DB1,512,3,decrypt,10.765,137456,4194304,1,true,full
UC4,label_compact,DB1,512,3,setup,220.473,51267528,0,0,false,full
UC4,label_compact,DB1,512,3,precomp,0.000,0,0,0,false,full
UC4,label_compact,DB1,512,3,encrypt,15.525,12598400,0,0,false,full
UC4,label_compact,DB1,512,3,eval,268.185,65274224,0,0,false,full
UC4,label_compact,DB1,512,3,decrypt,17.896,16679560,7340032,1,true,full
UC4,std,DB1,512,4,setup,246.151,54281280,0,0,false,full
UC4,std,DB1,512,4,precomp,0.000,0,0,0,false,full
UC4,std,DB1,512,4,encrypt,12.730,7139128,0,0,false,full
UC4,std,DB1,512,4,eval,276.509,52191448,0,0,false,full
UC4,std,DB1,512,4,decrypt,8.720,-2226240,4194304,1,true,full
UC4,label_compact,DB1,512,4,setup,208.728,72145776,0,0,false,full
UC4,label_compact,DB1,512,4,precomp,0.000,0,0,0,false,full
UC4,label_compact,DB1,512,4,encrypt,14.197,12598480,0,0,false,full
UC4,label_compact,DB1,512,4,eval,255.371,65273808,0,0,false,full
UC4,label_compact,DB1,512,4,decrypt,19.217,16675624,7340032,1,true,full
UC4,std,DB1,512,5,setup,232.912,70304568,0,0,false,full
UC4,std,DB1,512,5,precomp,0.000,0,0,0,false,full
UC4,std,DB1,512,5,encrypt,12.684,7139128,0,0,false,full
UC4,std,DB1,512,5,eval,273.079,54298568,0,0,false,full
UC4,std,DB1,512,5,decrypt,9.633,-2226368,4194304,1,true,full
UC4,label_compact,DB1,512,5,setup,205.945,62168672,0,0,false,full
UC4,label_compact,DB1,512,5,precomp,0.001,0,0,0,false,full
UC4,label_compact,DB1,512,5,encrypt,14.312,12598464,0,0,false,full
UC4,label_compact,DB1,512,5,eval,260.388,65262240,0,0,false,full
UC4,label_compact,DB1,512,5,decrypt,20.300,16676296,7340032,1,true,full
UC4,std,DB1,512,6,setup,239.492,68465888,0,0,false,full
UC4,std,DB1,512,6,precomp,0.000,0,0,0,false,full
UC4,std,DB1,512,6,encrypt,12.953,7139128,0,0,false,full
UC4,std,DB1,512,6,eval,273.993,52191512,0,0,false,full
UC4,std,DB1,512,6,decrypt,9.933,-2226240,4194304,1,true,full
UC4,label_compact,DB1,512,6,setup,204.725,51134688,0,0,false,full
UC4,label_compact,DB1,512,6,precomp,0.000,0,0,0,false,full
UC4,label_compact,DB1,512,6,encrypt,14.708,12598384,0,0,false,full
UC4,label_compact,DB1,512,6,eval,254.990,44513560,0,0,false,full
UC4,label_compact,DB1,512,6,decrypt,17.030,16675400,7340032,1,true,full
UC4,std,DB1,512,7,setup,234.531,75556744,0,0,false,full
UC4,std,DB1,512,7,precomp,0.000,0,0,0,false,full
UC4,std,DB1,512,7,encrypt,12.588,7139128,0,0,false,full
UC4,std,DB1,512,7,eval,268.005,54298568,0,0,false,full
UC4,std,DB1,512,7,decrypt,8.363,137456,4194304,1,true,full
UC4,label_compact,DB1,512,7,setup,215.242,70572064,0,0,false,full
UC4,label_compact,DB1,512,7,precomp,0.000,0,0,0,false,full
UC4,label_compact,DB1,512,7,encrypt,14.461,12598368,0,0,false,full
UC4,label_compact,DB1,512,7,eval,251.388,44514232,0,0,false,full
UC4,label_compact,DB1,512,7,decrypt,18.562,16675512,7340032,1,true,full
UC4,std,DB1,512,8,setup,236.734,75556824,0,0,false,full
UC4,std,DB1,512,8,precomp,0.000,0,0,0,false,full
UC4,std,DB1,512,8,encrypt,13.737,7139128,0,0,false,full
UC4,std,DB1,512,8,eval,268.424,54298568,0,0,false,full
UC4,std,DB1,512,8,decrypt,9.384,137456,4194304,1,true,full
UC4,label_compact,DB1,512,8,setup,203.098,65318976,0,0,false,full
UC4,label_compact,DB1,512,8,precomp,0.000,0,0,0,false,full
UC4,label_compact,DB1,512,8,encrypt,15.317,12598272,0,0,false,full
UC4,label_compact,DB1,512,8,eval,251.095,65274224,0,0,false,full
UC4,label_compact,DB1,512,8,decrypt,17.054,-1570240,7340032,1,true,full
UC4,std,DB1,512,9,setup,242.265,70571824,0,0,false,full
UC4,std,DB1,512,9,precomp,0.000,0,0,0,false,full
UC4,std,DB1,512,9,encrypt,14.451,7139128,0,0,false,full
UC4,std,DB1,512,9,eval,269.930,53244936,0,0,false,full
UC4,std,DB1,512,9,decrypt,11.432,-2226432,4194304,1,true,full
UC4,label_compact,DB1,512,9,setup,209.517,51663568,0,0,false,full
UC4,label_compact,DB1,512,9,precomp,0.000,0,0,0,false,full
UC4,label_compact,DB1,512,9,encrypt,15.806,12598512,0,0,false,full
UC4,label_compact,DB1,512,9,eval,251.986,85637808,0,0,false,full
UC4,label_compact,DB1,512,9,decrypt,17.623,-1571248,7340032,1,true,full
UC4,std,DB1,512,10,setup,234.816,68466000,0,0,false,full
UC4,std,DB1,512,10,precomp,0.000,0,0,0,false,full
UC4,std,DB1,512,10,encrypt,13.832,7139128,0,0,false,full
UC4,std,DB1,512,10,eval,274.639,54298568,0,0,false,full
UC4,std,DB1,512,10,decrypt,9.152,-2223168,4194304,1,true,full
UC4,label_compact,DB1,512,10,setup,202.566,72145776,0,0,false,full
UC4,label_compact,DB1,512,10,precomp,0.000,0,0,0,false,full
UC4,label_compact,DB1,512,10,encrypt,14.759,12598112,0,0,false,full
UC4,label_compact,DB1,512,10,eval,254.502,44514216,0,0,false,full
UC4,label_compact,DB1,512,10,decrypt,16.663,16675624,7340032,1,true,full
UC4,std,DB1,512,11,setup,232.681,70039808,0,0,false,full
UC4,std,DB1,512,11,precomp,0.000,0,0,0,false,full
UC4,std,DB1,512,11,encrypt,13.782,7139128,0,0,false,full
UC4,std,DB1,512,11,eval,272.532,53244984,0,0,false,full
UC4,std,DB1,512,11,decrypt,10.325,-2226432,4194304,1,true,full
UC4,label_compact,DB1,512,11,setup,205.606,61640144,0,0,false,full
UC4,label_compact,DB1,512,11,precomp,0.000,0,0,0,false,full
UC4,label_compact,DB1,512,11,encrypt,14.006,12598416,0,0,false,full
UC4,label_compact,DB1,512,11,eval,256.445,44513688,0,0,false,full
UC4,label_compact,DB1,512,11,decrypt,17.243,16675400,7340032,1,true,full
UC4,std,DB1,512,12,setup,232.357,68465792,0,0,false,full
UC4,std,DB1,512,12,precomp,0.000,0,0,0,false,full
UC4,std,DB1,512,12,encrypt,13.603,7139128,0,0,false,full
UC4,std,DB1,512,12,eval,273.689,52191448,0,0,false,full
UC4,std,DB1,512,12,decrypt,9.292,6306136,4194304,1,true,full
UC4,label_compact,DB1,512,12,setup,206.260,49560384,0,0,false,full
UC4,label_compact,DB1,512,12,precomp,0.000,0,0,0,false,full
UC4,label_compact,DB1,512,12,encrypt,14.819,12598512,0,0,false,full
UC4,label_compact,DB1,512,12,eval,263.735,44513448,0,0,false,full
UC4,label_compact,DB1,512,12,decrypt,20.511,-1570912,7340032,1,true,full
UC4,std,DB1,512,13,setup,231.977,64786944,0,0,false,full
UC4,std,DB1,512,13,precomp,0.000,0,0,0,false,full
UC4,std,DB1,512,13,encrypt,14.173,7139128,0,0,false,full
UC4,std,DB1,512,13,eval,270.028,53244984,0,0,false,full
UC4,std,DB1,512,13,decrypt,8.312,136800,4194304,1,true,full
UC4,label_compact,DB1,512,13,setup,204.305,51267528,0,0,false,full
UC4,label_compact,DB1,512,13,precomp,0.000,0,0,0,false,full
UC4,label_compact,DB1,512,13,encrypt,15.395,12598560,0,0,false,full
UC4,label_compact,DB1,512,13,eval,254.207,65273568,0,0,false,full
UC4,label_compact,DB1,512,13,decrypt,20.219,19303840,7340032,1,true,full
UC4,std,DB1,512,14,setup,233.699,60066096,0,0,false,full
UC4,std,DB1,512,14,precomp,0.000,0,0,0,false,full
UC4,std,DB1,512,14,encrypt,14.197,7139128,0,0,false,full
UC4,std,DB1,512,14,eval,279.342,52191624,0,0,false,full
UC4,std,DB1,512,14,decrypt,7.739,6309192,4194304,1,true,full
UC4,label_compact,DB1,512,14,setup,208.025,51134688,0,0,false,full
UC4,label_compact,DB1,512,14,precomp,0.000,0,0,0,false,full
UC4,label_compact,DB1,512,14,encrypt,14.880,12598496,0,0,false,full
UC4,label_compact,DB1,512,14,eval,261.545,29541256,0,0,false,full
UC4,label_compact,DB1,512,14,decrypt,21.550,-1570464,7340032,1,true,full
UC4,std,DB1,512,15,setup,235.587,59534128,0,0,false,full
UC4,std,DB1,512,15,precomp,0.000,0,0,0,false,full
UC4,std,DB1,512,15,encrypt,13.561,7139128,0,0,false,full
UC4,std,DB1,512,15,eval,272.298,52191400,0,0,false,full
UC4,std,DB1,512,15,decrypt,9.086,137456,4194304,1,true,full
UC4,label_compact,DB1,512,15,setup,209.912,51666560,0,0,false,full
UC4,label_compact,DB1,512,15,precomp,0.001,0,0,0,false,full
UC4,label_compact,DB1,512,15,encrypt,15.523,12598576,0,0,false,full
UC4,label_compact,DB1,512,15,eval,250.881,65273680,0,0,false,full
UC4,label_compact,DB1,512,15,decrypt,17.408,16675736,7340032,1,true,full
UC4,std,DB1,512,16,setup,232.691,70304344,0,0,false,full
UC4,std,DB1,512,16,precomp,0.000,0,0,0,false,full
UC4,std,DB1,512,16,encrypt,12.624,7139128,0,0,false,full
UC4,std,DB1,512,16,eval,273.429,52191448,0,0,false,full
UC4,std,DB1,512,16,decrypt,9.036,6306136,4194304,1,true,full
UC4,label_compact,DB1,512,16,setup,204.286,70571952,0,0,false,full
UC4,label_compact,DB1,512,16,precomp,0.000,0,0,0,false,full
UC4,label_compact,DB1,512,16,encrypt,14.812,12598368,0,0,false,full
UC4,label_compact,DB1,512,16,eval,260.804,26004104,0,0,false,full
UC4,label_compact,DB1,512,16,decrypt,18.761,16675400,7340032,1,true,full
UC4,std,DB1,512,17,setup,237.442,73718640,0,0,false,full
UC4,std,DB1,512,17,precomp,0.000,0,0,0,false,full
UC4,std,DB1,512,17,encrypt,12.571,7139128,0,0,false,full
UC4,std,DB1,512,17,eval,274.983,55352104,0,0,false,full
UC4,std,DB1,512,17,decrypt,7.943,-2226432,4194304,1,true,full
UC4,label_compact,DB1,512,17,setup,203.998,70572176,0,0,false,full
UC4,label_compact,DB1,512,17,precomp,0.000,0,0,0,false,full
UC4,label_compact,DB1,512,17,encrypt,14.245,12598352,0,0,false,full
UC4,label_compact,DB1,512,17,eval,262.839,65273792,0,0,false,full
UC4,label_compact,DB1,512,17,decrypt,21.111,-1570576,7340032,1,true,full
UC4,std,DB1,512,18,setup,243.935,75292832,0,0,false,full
UC4,std,DB1,512,18,precomp,0.000,0,0,0,false,full
UC4,std,DB1,512,18,encrypt,13.185,7139128,0,0,false,full
UC4,std,DB1,512,18,eval,279.910,52191624,0,0,false,full
UC4,std,DB1,512,18,decrypt,9.834,-2226432,4194304,1,true,full
UC4,label_compact,DB1,512,18,setup,207.411,72145664,0,0,false,full
UC4,label_compact,DB1,512,18,precomp,0.000,0,0,0,false,full
UC4,label_compact,DB1,512,18,encrypt,15.584,12598576,0,0,false,full
UC4,label_compact,DB1,512,18,eval,252.817,65273808,0,0,false,full
UC4,label_compact,DB1,512,18,decrypt,18.984,-253304,7340032,1,true,full
UC4,std,DB1,512,19,setup,228.629,57960048,0,0,false,full
UC4,std,DB1,512,19,precomp,0.000,0,0,0,false,full
UC4,std,DB1,512,19,encrypt,13.055,7139128,0,0,false,full
UC4,std,DB1,512,19,eval,270.295,52191448,0,0,false,full
UC4,std,DB1,512,19,decrypt,8.767,4860792,4194304,1,true,full
UC4,label_compact,DB1,512,19,setup,200.820,65319088,0,0,false,full
UC4,label_compact,DB1,512,19,precomp,0.000,0,0,0,false,full
UC4,label_compact,DB1,512,19,encrypt,14.439,12598544,0,0,false,full
UC4,label_compact,DB1,512,19,eval,249.084,68086392,0,0,false,full
UC4,label_compact,DB1,512,19,decrypt,20.194,16675400,7340032,1,true,full
UC4,std,DB1,512,20,setup,231.573,70304568,0,0,false,full
UC4,std,DB1,512,20,precomp,0.000,0,0,0,false,full
UC4,std,DB1,512,20,encrypt,13.676,7139128,0,0,false,full
UC4,std,DB1,512,20,eval,268.454,54298568,0,0,false,full
UC4,std,DB1,512,20,decrypt,7.184,6305944,4194304,1,true,full
UC4,label_compact,DB1,512,20,setup,201.637,51134576,0,0,false,full
UC4,label_compact,DB1,512,20,precomp,0.000,0,0,0,false,full
UC4,label_compact,DB1,512,20,encrypt,15.766,12598544,0,0,false,full
UC4,label_compact,DB1,512,20,eval,251.890,44513800,0,0,false,full
UC4,label_compact,DB1,512,20,decrypt,18.423,16675400,7340032,1,true,full
UC4,std,DB2,100000,1,setup,232.901,54545320,0,0,false,full
UC4,std,DB2,100000,1,precomp,0.000,0,0,0,false,full
UC4,std,DB2,100000,1,encrypt,92.105,26251768,0,0,false,full
UC4,std,DB2,100000,1,eval,1834.187,38767000,0,0,false,full
UC4,std,DB2,100000,1,decrypt,8.794,4860344,4194304,1,true,full
UC4,label_compact,DB2,100000,1,setup,197.326,56915840,0,0,false,full
UC4,label_compact,DB2,100000,1,precomp,0.000,0,0,0,false,full
UC4,label_compact,DB2,100000,1,encrypt,110.765,50932216,0,0,false,full
UC4,label_compact,DB2,100000,1,eval,1655.888,104512480,0,0,false,full
UC4,label_compact,DB2,100000,1,decrypt,105.501,13262048,45088768,1,true,full
UC4,std,DB2,100000,2,setup,229.862,75292832,0,0,false,full
UC4,std,DB2,100000,2,precomp,0.000,0,0,0,false,full
UC4,std,DB2,100000,2,encrypt,89.552,26251768,0,0,false,full
UC4,std,DB2,100000,2,eval,1828.102,38766968,0,0,false,full
UC4,std,DB2,100000,2,decrypt,9.527,4860344,4194304,1,true,full
UC4,label_compact,DB2,100000,2,setup,205.802,51664128,0,0,false,full
UC4,label_compact,DB2,100000,2,precomp,0.000,0,0,0,false,full
UC4,label_compact,DB2,100000,2,encrypt,107.982,50932072,0,0,false,full
UC4,label_compact,DB2,100000,2,eval,1663.419,84157184,0,0,false,full
UC4,label_compact,DB2,100000,2,decrypt,103.086,16675848,45088768,1,true,full
UC4,std,DB2,100000,3,setup,230.953,75292832,0,0,false,full
UC4,std,DB2,100000,3,precomp,0.000,0,0,0,false,full
UC4,std,DB2,100000,3,encrypt,91.139,26251768,0,0,false,full
UC4,std,DB2,100000,3,eval,1832.469,38766888,0,0,false,full
UC4,std,DB2,100000,3,decrypt,8.592,4860344,4194304,1,true,full
UC4,label_compact,DB2,100000,3,setup,198.638,51398600,0,0,false,full
UC4,label_compact,DB2,100000,3,precomp,0.000,0,0,0,false,full
UC4,label_compact,DB2,100000,3,encrypt,109.466,50931736,0,0,false,full
UC4,label_compact,DB2,100000,3,eval,1673.126,63387608,0,0,false,full
UC4,label_compact,DB2,100000,3,decrypt,107.134,16681872,45088768,1,true,full
UC4,std,DB2,100000,4,setup,228.803,73718752,0,0,false,full
UC4,std,DB2,100000,4,precomp,0.000,0,0,0,false,full
UC4,std,DB2,100000,4,encrypt,90.489,26251768,0,0,false,full
UC4,std,DB2,100000,4,eval,1825.428,38767000,0,0,false,full
UC4,std,DB2,100000,4,decrypt,8.793,4860344,4194304,1,true,full
UC4,label_compact,DB2,100000,4,setup,201.707,56387392,0,0,false,full
UC4,label_compact,DB2,100000,4,precomp,0.000,0,0,0,false,full
UC4,label_compact,DB2,100000,4,encrypt,114.234,50932392,0,0,false,full
UC4,label_compact,DB2,100000,4,eval,1661.021,125280872,0,0,false,full
UC4,label_compact,DB2,100000,4,decrypt,102.144,-19135928,45088768,1,true,full
UC4,std,DB2,100000,5,setup,228.703,73718528,0,0,false,full
UC4,std,DB2,100000,5,precomp,0.000,0,0,0,false,full
UC4,std,DB2,100000,5,encrypt,88.728,26251768,0,0,false,full
UC4,std,DB2,100000,5,eval,1830.109,38766888,0,0,false,full
UC4,std,DB2,100000,5,decrypt,9.280,4860344,4194304,1,true,full
UC4,label_compact,DB2,100000,5,setup,200.095,56915920,0,0,false,full
UC4,label_compact,DB2,100000,5,precomp,0.000,0,0,0,false,full
UC4,label_compact,DB2,100000,5,encrypt,108.250,50931848,0,0,false,full
UC4,label_compact,DB2,100000,5,eval,1674.193,84156016,0,0,false,full
UC4,label_compact,DB2,100000,5,decrypt,100.888,29941128,45088768,1,true,full
UC4,std,DB2,100000,6,setup,229.575,70571936,0,0,false,full
UC4,std,DB2,100000,6,precomp,0.000,0,0,0,false,full
UC4,std,DB2,100000,6,encrypt,90.704,26251768,0,0,false,full
UC4,std,DB2,100000,6,eval,1834.334,38766904,0,0,false,full
UC4,std,DB2,100000,6,decrypt,8.883,4860344,4194304,1,true,full
UC4,label_compact,DB2,100000,6,setup,203.238,70571952,0,0,false,full
UC4,label_compact,DB2,100000,6,precomp,0.001,0,0,0,false,full
UC4,label_compact,DB2,100000,6,encrypt,107.697,50931848,0,0,false,full
UC4,label_compact,DB2,100000,6,eval,1649.538,104519984,0,0,false,full
UC4,label_compact,DB2,100000,6,decrypt,101.107,19303840,45088768,1,true,full
UC4,std,DB2,100000,7,setup,233.742,54545384,0,0,false,full
UC4,std,DB2,100000,7,precomp,0.000,0,0,0,false,full
UC4,std,DB2,100000,7,encrypt,88.648,26251768,0,0,false,full
UC4,std,DB2,100000,7,eval,1826.519,38766904,0,0,false,full
UC4,std,DB2,100000,7,decrypt,10.002,4860344,4194304,1,true,full
UC4,label_compact,DB2,100000,7,setup,204.166,56915616,0,0,false,full
UC4,label_compact,DB2,100000,7,precomp,0.000,0,0,0,false,full
UC4,label_compact,DB2,100000,7,encrypt,106.950,50931672,0,0,false,full
UC4,label_compact,DB2,100000,7,eval,1663.510,125268760,0,0,false,full
UC4,label_compact,DB2,100000,7,decrypt,102.611,32565392,45088768,1,true,full
UC4,std,DB2,100000,8,setup,227.804,73718528,0,0,false,full
UC4,std,DB2,100000,8,precomp,0.000,0,0,0,false,full
UC4,std,DB2,100000,8,encrypt,88.848,26251768,0,0,false,full
UC4,std,DB2,100000,8,eval,1832.172,38767000,0,0,false,full
UC4,std,DB2,100000,8,decrypt,8.225,4860344,4194304,1,true,full
UC4,label_compact,DB2,100000,8,setup,203.276,56915616,0,0,false,full
UC4,label_compact,DB2,100000,8,precomp,0.001,0,0,0,false,full
UC4,label_compact,DB2,100000,8,encrypt,108.224,50931784,0,0,false,full
UC4,label_compact,DB2,100000,8,eval,1660.912,84156848,0,0,false,full
UC4,label_compact,DB2,100000,8,decrypt,107.308,-20452640,45088768,1,true,full
UC4,std,DB2,100000,9,setup,233.282,54545384,0,0,false,full
UC4,std,DB2,100000,9,precomp,0.000,0,0,0,false,full
UC4,std,DB2,100000,9,encrypt,91.592,26251768,0,0,false,full
UC4,std,DB2,100000,9,eval,1832.308,38766904,0,0,false,full
UC4,std,DB2,100000,9,decrypt,11.602,4860344,4194304,1,true,full
UC4,label_compact,DB2,100000,9,setup,197.740,56915616,0,0,false,full
UC4,label_compact,DB2,100000,9,precomp,0.000,0,0,0,false,full
UC4,label_compact,DB2,100000,9,encrypt,109.822,50932456,0,0,false,full
UC4,label_compact,DB2,100000,9,eval,1670.313,125280088,0,0,false,full
UC4,label_compact,DB2,100000,9,decrypt,102.759,-17560144,45088768,1,true,full
UC4,std,DB2,100000,10,setup,232.759,59799080,0,0,false,full
UC4,std,DB2,100000,10,precomp,0.000,0,0,0,false,full
UC4,std,DB2,100000,10,encrypt,91.160,26251768,0,0,false,full
UC4,std,DB2,100000,10,eval,1845.516,38766888,0,0,false,full
UC4,std,DB2,100000,10,decrypt,9.393,4860344,4194304,1,true,full
UC4,label_compact,DB2,100000,10,setup,201.020,56915728,0,0,false,full
UC4,label_compact,DB2,100000,10,precomp,0.001,0,0,0,false,full
UC4,label_compact,DB2,100000,10,encrypt,109.275,50931896,0,0,false,full
UC4,label_compact,DB2,100000,10,eval,1670.489,63396744,0,0,false,full
UC4,label_compact,DB2,100000,10,decrypt,101.349,19303952,45088768,1,true,full
UC4,std,DB2,100000,11,setup,232.054,54281216,0,0,false,full
UC4,std,DB2,100000,11,precomp,0.001,0,0,0,false,full
UC4,std,DB2,100000,11,encrypt,90.742,26251768,0,0,false,full
UC4,std,DB2,100000,11,eval,1826.442,38766904,0,0,false,full
UC4,std,DB2,100000,11,decrypt,7.456,4860344,4194304,1,true,full
UC4,label_compact,DB2,100000,11,setup,200.109,51531680,0,0,false,full
UC4,label_compact,DB2,100000,11,precomp,0.000,0,0,0,false,full
UC4,label_compact,DB2,100000,11,encrypt,109.632,50931896,0,0,false,full
UC4,label_compact,DB2,100000,11,eval,1657.395,125280760,0,0,false,full
UC4,label_compact,DB2,100000,11,decrypt,101.434,20879616,45088768,1,true,full
UC4,std,DB2,100000,12,setup,230.279,73718528,0,0,false,full
UC4,std,DB2,100000,12,precomp,0.000,0,0,0,false,full
UC4,std,DB2,100000,12,encrypt,88.624,26251768,0,0,false,full
UC4,std,DB2,100000,12,eval,1825.979,38766888,0,0,false,full
UC4,std,DB2,100000,12,decrypt,8.207,4860344,4194304,1,true,full
UC4,label_compact,DB2,100000,12,setup,205.986,72146144,0,0,false,full
UC4,label_compact,DB2,100000,12,precomp,0.001,0,0,0,false,full
UC4,label_compact,DB2,100000,12,encrypt,108.926,50932040,0,0,false,full
UC4,label_compact,DB2,100000,12,eval,1662.860,145644104,0,0,false,full
UC4,label_compact,DB2,100000,12,decrypt,104.762,16674952,45088768,1,true,full
UC4,std,DB2,100000,13,setup,230.032,75557448,0,0,false,full
UC4,std,DB2,100000,13,precomp,0.001,0,0,0,false,full
UC4,std,DB2,100000,13,encrypt,89.071,26251768,0,0,false,full
UC4,std,DB2,100000,13,eval,1825.682,38766904,0,0,false,full
UC4,std,DB2,100000,13,decrypt,8.623,4860344,4194304,1,true,full
UC4,label_compact,DB2,100000,13,setup,194.197,56915728,0,0,false,full
UC4,label_compact,DB2,100000,13,precomp,0.000,0,0,0,false,full
UC4,label_compact,DB2,100000,13,encrypt,109.295,50932024,0,0,false,full
UC4,label_compact,DB2,100000,13,eval,1663.585,125268584,0,0,false,full
UC4,label_compact,DB2,100000,13,decrypt,102.643,-17560144,45088768,1,true,full
UC4,std,DB2,100000,14,setup,232.342,59527136,0,0,false,full
UC4,std,DB2,100000,14,precomp,0.000,0,0,0,false,full
UC4,std,DB2,100000,14,encrypt,90.187,26251768,0,0,false,full
UC4,std,DB2,100000,14,eval,1833.906,38767000,0,0,false,full
UC4,std,DB2,100000,14,decrypt,7.828,4860344,4194304,1,true,full
UC4,label_compact,DB2,100000,14,setup,204.701,51134688,0,0,false,full
UC4,label_compact,DB2,100000,14,precomp,0.000,0,0,0,false,full
UC4,label_compact,DB2,100000,14,encrypt,110.660,50931720,0,0,false,full
UC4,label_compact,DB2,100000,14,eval,1649.956,104520976,0,0,false,full
UC4,label_compact,DB2,100000,14,decrypt,106.334,-17560144,45088768,1,true,full
UC4,std,DB2,100000,15,setup,233.914,54545288,0,0,false,full
UC4,std,DB2,100000,15,precomp,0.000,0,0,0,false,full
UC4,std,DB2,100000,15,encrypt,93.286,26251768,0,0,false,full
UC4,std,DB2,100000,15,eval,1825.029,38766904,0,0,false,full
UC4,std,DB2,100000,15,decrypt,8.714,4860344,4194304,1,true,full
UC4,label_compact,DB2,100000,15,setup,196.867,62172384,0,0,false,full
UC4,label_compact,DB2,100000,15,precomp,0.000,0,0,0,false,full
UC4,label_compact,DB2,100000,15,encrypt,108.519,50932008,0,0,false,full
UC4,label_compact,DB2,100000,15,eval,1706.499,84156416,0,0,false,full
UC4,label_compact,DB2,100000,15,decrypt,103.256,34141056,45088768,1,true,full
UC4,std,DB2,100000,16,setup,230.243,54545384,0,0,false,full
UC4,std,DB2,100000,16,precomp,0.000,0,0,0,false,full
UC4,std,DB2,100000,16,encrypt,92.171,26251768,0,0,false,full
UC4,std,DB2,100000,16,eval,1828.548,38766904,0,0,false,full
UC4,std,DB2,100000,16,decrypt,8.668,4860344,4194304,1,true,full
UC4,label_compact,DB2,100000,16,setup,193.779,56915808,0,0,false,full
UC4,label_compact,DB2,100000,16,precomp,0.000,0,0,0,false,full
UC4,label_compact,DB2,100000,16,encrypt,107.029,50932056,0,0,false,full
UC4,label_compact,DB2,100000,16,eval,1672.509,125280088,0,0,false,full
UC4,label_compact,DB2,100000,16,decrypt,101.825,-14935616,45088768,1,true,full
UC4,std,DB2,100000,17,setup,232.185,65319072,0,0,false,full
UC4,std,DB2,100000,17,precomp,0.000,0,0,0,false,full
UC4,std,DB2,100000,17,encrypt,89.713,26251768,0,0,false,full
UC4,std,DB2,100000,17,eval,1830.145,39820472,0,0,false,full
UC4,std,DB2,100000,17,decrypt,9.292,4860344,4194304,1,true,full
UC4,label_compact,DB2,100000,17,setup,202.103,66893120,0,0,false,full
UC4,label_compact,DB2,100000,17,precomp,0.000,0,0,0,false,full
UC4,label_compact,DB2,100000,17,encrypt,108.581,50931880,0,0,false,full
UC4,label_compact,DB2,100000,17,eval,1663.980,63396728,0,0,false,full
UC4,label_compact,DB2,100000,17,decrypt,104.272,-19135704,45088768,1,true,full
UC4,std,DB2,100000,18,setup,227.956,73718640,0,0,false,full
UC4,std,DB2,100000,18,precomp,0.000,0,0,0,false,full
UC4,std,DB2,100000,18,encrypt,93.306,26251768,0,0,false,full
UC4,std,DB2,100000,18,eval,1829.508,38766904,0,0,false,full
UC4,std,DB2,100000,18,decrypt,8.746,4860344,4194304,1,true,full
UC4,label_compact,DB2,100000,18,setup,198.504,51662864,0,0,false,full
UC4,label_compact,DB2,100000,18,precomp,0.000,0,0,0,false,full
UC4,label_compact,DB2,100000,18,encrypt,107.965,50931768,0,0,false,full
UC4,label_compact,DB2,100000,18,eval,1664.532,125281000,0,0,false,full
UC4,label_compact,DB2,100000,18,decrypt,103.420,16675288,45088768,1,true,full
UC4,std,DB2,100000,19,setup,228.867,75292352,0,0,false,full
UC4,std,DB2,100000,19,precomp,0.001,0,0,0,false,full
UC4,std,DB2,100000,19,encrypt,89.022,26251768,0,0,false,full
UC4,std,DB2,100000,19,eval,1829.147,38766904,0,0,false,full
UC4,std,DB2,100000,19,decrypt,8.520,4860344,4194304,1,true,full
UC4,label_compact,DB2,100000,19,setup,196.934,56784656,0,0,false,full
UC4,label_compact,DB2,100000,19,precomp,0.000,0,0,0,false,full
UC4,label_compact,DB2,100000,19,encrypt,106.887,50931880,0,0,false,full
UC4,label_compact,DB2,100000,19,eval,1665.512,140758584,0,0,false,full
UC4,label_compact,DB2,100000,19,decrypt,99.891,-14148992,45088768,1,true,full
UC4,std,DB2,100000,20,setup,230.688,54281104,0,0,false,full
UC4,std,DB2,100000,20,precomp,0.000,0,0,0,false,full
UC4,std,DB2,100000,20,encrypt,89.290,26251768,0,0,false,full
UC4,std,DB2,100000,20,eval,1827.725,38766888,0,0,false,full
UC4,std,DB2,100000,20,decrypt,7.965,4860344,4194304,1,true,full
UC4,label_compact,DB2,100000,20,setup,199.717,70571840,0,0,false,full
UC4,label_compact,DB2,100000,20,precomp,0.000,0,0,0,false,full
UC4,label_compact,DB2,100000,20,encrypt,105.748,50931976,0,0,false,full
UC4,label_compact,DB2,100000,20,eval,1654.821,63397240,0,0,false,full
UC4,label_compact,DB2,100000,20,decrypt,106.127,-14148544,45088768,1,true,full
UC4,std,DB3,1000000,1,setup,226.971,70039904,0,0,false,full
UC4,std,DB3,1000000,1,precomp,0.001,0,0,0,false,full
UC4,std,DB3,1000000,1,encrypt,785.146,137270304,0,0,false,full
UC4,std,DB3,1000000,1,eval,16008.378,60002824,0,0,false,full
UC4,std,DB3,1000000,1,decrypt,9.194,11820368,4194304,1,true,full
UC4,label_compact,DB3,1000000,1,setup,186.170,58886928,0,0,false,full
UC4,label_compact,DB3,1000000,1,precomp,0.000,0,0,0,false,full
UC4,label_compact,DB3,1000000,1,encrypt,930.526,221687976,0,0,false,full
UC4,label_compact,DB3,1000000,1,eval,13944.357,359856880,0,0,false,full
UC4,label_compact,DB3,1000000,1,decrypt,844.355,175813128,391118848,1,true,full
UC4,std,DB3,1000000,2,setup,217.519,64786624,0,0,false,full
UC4,std,DB3,1000000,2,precomp,0.000,0,0,0,false,full
UC4,std,DB3,1000000,2,encrypt,782.864,137270304,0,0,false,full
UC4,std,DB3,1000000,2,eval,16725.069,60002712,0,0,false,full
UC4,std,DB3,1000000,2,decrypt,7.926,11820368,4194304,1,true,full
UC4,label_compact,DB3,1000000,2,setup,199.690,77639008,0,0,false,full
UC4,label_compact,DB3,1000000,2,precomp,0.000,0,0,0,false,full
UC4,label_compact,DB3,1000000,2,encrypt,985.663,221687368,0,0,false,full
UC4,label_compact,DB3,1000000,2,eval,14629.417,565476232,0,0,false,full
UC4,label_compact,DB3,1000000,2,decrypt,896.213,189074680,391118848,1,true,full
UC4,std,DB3,1000000,3,setup,230.801,70039712,0,0,false,full
UC4,std,DB3,1000000,3,precomp,0.001,0,0,0,false,full
UC4,std,DB3,1000000,3,encrypt,833.934,137270304,0,0,false,full
UC4,std,DB3,1000000,3,eval,16733.078,60002808,0,0,false,full
UC4,std,DB3,1000000,3,decrypt,7.297,11820368,4194304,1,true,full
UC4,label_compact,DB3,1000000,3,setup,196.136,77398896,0,0,false,full
UC4,label_compact,DB3,1000000,3,precomp,0.000,0,0,0,false,full
UC4,label_compact,DB3,1000000,3,encrypt,935.636,221688648,0,0,false,full
UC4,label_compact,DB3,1000000,3,eval,14073.703,586221248,0,0,false,full
UC4,label_compact,DB3,1000000,3,decrypt,847.633,189074680,391118848,1,true,full
UC4,std,DB3,1000000,4,setup,218.066,64786992,0,0,false,full
UC4,std,DB3,1000000,4,precomp,0.001,0,0,0,false,full
UC4,std,DB3,1000000,4,encrypt,786.398,137270304,0,0,false,full
UC4,std,DB3,1000000,4,eval,16093.018,60002712,0,0,false,full
UC4,std,DB3,1000000,4,decrypt,7.204,11820368,4194304,1,true,full
UC4,label_compact,DB3,1000000,4,setup,189.551,51399208,0,0,false,full
UC4,label_compact,DB3,1000000,4,precomp,0.000,0,0,0,false,full
UC4,label_compact,DB3,1000000,4,encrypt,929.440,221688408,0,0,false,full
UC4,label_compact,DB3,1000000,4,eval,13883.197,236483768,0,0,false,full
UC4,label_compact,DB3,1000000,4,decrypt,836.410,202336248,391118848,1,true,full
UC4,std,DB3,1000000,5,setup,214.766,70039856,0,0,false,full
UC4,std,DB3,1000000,5,precomp,0.000,0,0,0,false,full
UC4,std,DB3,1000000,5,encrypt,785.666,137270304,0,0,false,full
UC4,std,DB3,1000000,5,eval,16015.924,60002728,0,0,false,full
UC4,std,DB3,1000000,5,decrypt,7.223,11820368,4194304,1,true,full
UC4,label_compact,DB3,1000000,5,setup,186.468,72649824,0,0,false,full
UC4,label_compact,DB3,1000000,5,precomp,0.000,0,0,0,false,full
UC4,label_compact,DB3,1000000,5,encrypt,925.683,221688280,0,0,false,full
UC4,label_compact,DB3,1000000,5,eval,13872.862,586236240,0,0,false,full
UC4,label_compact,DB3,1000000,5,decrypt,838.208,202336648,391118848,1,true,full
UC4,std,DB3,1000000,6,setup,215.619,70303880,0,0,false,full
UC4,std,DB3,1000000,6,precomp,0.000,0,0,0,false,full
UC4,std,DB3,1000000,6,encrypt,787.734,137270304,0,0,false,full
UC4,std,DB3,1000000,6,eval,16026.074,60002472,0,0,false,full
UC4,std,DB3,1000000,6,decrypt,7.200,11820368,4194304,1,true,full
UC4,label_compact,DB3,1000000,6,setup,187.759,77398896,0,0,false,full
UC4,label_compact,DB3,1000000,6,precomp,0.001,0,0,0,false,full
UC4,label_compact,DB3,1000000,6,encrypt,928.369,221687816,0,0,false,full
UC4,label_compact,DB3,1000000,6,eval,13877.802,483219736,0,0,false,full
UC4,label_compact,DB3,1000000,6,decrypt,835.590,189074680,391118848,1,true,full
UC4,std,DB3,1000000,7,setup,216.907,60063264,0,0,false,full
UC4,std,DB3,1000000,7,precomp,0.000,0,0,0,false,full
UC4,std,DB3,1000000,7,encrypt,787.170,137270304,0,0,false,full
UC4,std,DB3,1000000,7,eval,16015.401,60002472,0,0,false,full
UC4,std,DB3,1000000,7,decrypt,7.268,11820368,4194304,1,true,full
UC4,label_compact,DB3,1000000,7,setup,187.529,77638872,0,0,false,full
UC4,label_compact,DB3,1000000,7,precomp,0.000,0,0,0,false,full
UC4,label_compact,DB3,1000000,7,encrypt,923.014,221687176,0,0,false,full
UC4,label_compact,DB3,1000000,7,eval,13883.475,462864536,0,0,false,full
UC4,label_compact,DB3,1000000,7,decrypt,835.227,189074680,391118848,1,true,full
UC4,std,DB3,1000000,8,setup,215.409,70040080,0,0,false,full
UC4,std,DB3,1000000,8,precomp,0.001,0,0,0,false,full
UC4,std,DB3,1000000,8,encrypt,784.353,137270304,0,0,false,full
UC4,std,DB3,1000000,8,eval,16025.383,60002520,0,0,false,full
UC4,std,DB3,1000000,8,decrypt,7.630,11820368,4194304,1,true,full
UC4,label_compact,DB3,1000000,8,setup,186.201,72649600,0,0,false,full
UC4,label_compact,DB3,1000000,8,precomp,0.000,0,0,0,false,full
UC4,label_compact,DB3,1000000,8,encrypt,930.910,221687912,0,0,false,full
UC4,label_compact,DB3,1000000,8,eval,13852.439,540576744,0,0,false,full
UC4,label_compact,DB3,1000000,8,decrypt,841.652,202336232,391118848,1,true,full
UC4,std,DB3,1000000,9,setup,219.585,70568560,0,0,false,full
UC4,std,DB3,1000000,9,precomp,0.000,0,0,0,false,full
UC4,std,DB3,1000000,9,encrypt,784.032,137270304,0,0,false,full
UC4,std,DB3,1000000,9,eval,16018.875,60002712,0,0,false,full
UC4,std,DB3,1000000,9,decrypt,7.481,11820368,4194304,1,true,full
UC4,label_compact,DB3,1000000,9,setup,185.056,72657632,0,0,false,full
UC4,label_compact,DB3,1000000,9,precomp,0.000,0,0,0,false,full
UC4,label_compact,DB3,1000000,9,encrypt,936.119,221687880,0,0,false,full
UC4,label_compact,DB3,1000000,9,eval,13864.708,339485200,0,0,false,full
UC4,label_compact,DB3,1000000,9,decrypt,844.555,202336232,391118848,1,true,full
UC4,std,DB3,1000000,10,setup,218.175,70303976,0,0,false,full
UC4,std,DB3,1000000,10,precomp,0.001,0,0,0,false,full
UC4,std,DB3,1000000,10,encrypt,783.110,137270304,0,0,false,full
UC4,std,DB3,1000000,10,eval,16022.747,60002584,0,0,false,full
UC4,std,DB3,1000000,10,decrypt,7.154,11820368,4194304,1,true,full
UC4,label_compact,DB3,1000000,10,setup,186.860,77398896,0,0,false,full
UC4,label_compact,DB3,1000000,10,precomp,0.000,0,0,0,false,full
UC4,label_compact,DB3,1000000,10,encrypt,927.670,221687320,0,0,false,full
UC4,label_compact,DB3,1000000,10,eval,13883.174,586224736,0,0,false,full
UC4,label_compact,DB3,1000000,10,decrypt,839.959,189074680,391118848,1,true,full
UC4,std,DB3,1000000,11,setup,215.233,70039968,0,0,false,full
UC4,std,DB3,1000000,11,precomp,0.000,0,0,0,false,full
UC4,std,DB3,1000000,11,encrypt,782.619,137270304,0,0,false,full
UC4,std,DB3,1000000,11,eval,16010.290,60002584,0,0,false,full
UC4,std,DB3,1000000,11,decrypt,7.370,11820368,4194304,1,true,full
UC4,label_compact,DB3,1000000,11,setup,187.183,51134688,0,0,false,full
UC4,label_compact,DB3,1000000,11,precomp,0.000,0,0,0,false,full
UC4,label_compact,DB3,1000000,11,encrypt,927.505,221688168,0,0,false,full
UC4,label_compact,DB3,1000000,11,eval,13893.563,236484216,0,0,false,full
UC4,label_compact,DB3,1000000,11,decrypt,836.259,189074680,391118848,1,true,full
UC4,std,DB3,1000000,12,setup,215.379,64786992,0,0,false,full
UC4,std,DB3,1000000,12,precomp,0.000,0,0,0,false,full
UC4,std,DB3,1000000,12,encrypt,783.853,137270304,0,0,false,full
UC4,std,DB3,1000000,12,eval,16010.287,60002584,0,0,false,full
UC4,std,DB3,1000000,12,decrypt,7.209,11820368,4194304,1,true,full
UC4,label_compact,DB3,1000000,12,setup,188.006,77376064,0,0,false,full
UC4,label_compact,DB3,1000000,12,precomp,0.000,0,0,0,false,full
UC4,label_compact,DB3,1000000,12,encrypt,928.981,221688072,0,0,false,full
UC4,label_compact,DB3,1000000,12,eval,13894.350,442105456,0,0,false,full
UC4,label_compact,DB3,1000000,12,decrypt,834.630,202336232,391118848,1,true,full
UC4,std,DB3,1000000,13,setup,219.012,65318960,0,0,false,full
UC4,std,DB3,1000000,13,precomp,0.000,0,0,0,false,full
UC4,std,DB3,1000000,13,encrypt,785.165,137270304,0,0,false,full
UC4,std,DB3,1000000,13,eval,16126.471,60002520,0,0,false,full
UC4,std,DB3,1000000,13,decrypt,7.210,11820368,4194304,1,true,full
UC4,label_compact,DB3,1000000,13,setup,191.582,49560496,0,0,false,full
UC4,label_compact,DB3,1000000,13,precomp,0.001,0,0,0,false,full
UC4,label_compact,DB3,1000000,13,encrypt,933.030,221687528,0,0,false,full
UC4,label_compact,DB3,1000000,13,eval,13883.591,603931016,0,0,false,full
UC4,label_compact,DB3,1000000,13,decrypt,836.740,202336440,391118848,1,true,full
UC4,std,DB3,1000000,14,setup,214.301,65316144,0,0,false,full
UC4,std,DB3,1000000,14,precomp,0.000,0,0,0,false,full
UC4,std,DB3,1000000,14,encrypt,784.011,137270304,0,0,false,full
UC4,std,DB3,1000000,14,eval,16022.062,60002520,0,0,false,full
UC4,std,DB3,1000000,14,decrypt,7.187,11820368,4194304,1,true,full
UC4,label_compact,DB3,1000000,14,setup,187.384,77398896,0,0,false,full
UC4,label_compact,DB3,1000000,14,precomp,0.000,0,0,0,false,full
UC4,label_compact,DB3,1000000,14,encrypt,926.232,221687720,0,0,false,full
UC4,label_compact,DB3,1000000,14,eval,13877.659,359855488,0,0,false,full
UC4,label_compact,DB3,1000000,14,decrypt,834.759,189074680,391118848,1,true,full
UC4,std,DB3,1000000,15,setup,219.310,63212800,0,0,false,full
UC4,std,DB3,1000000,15,precomp,0.000,0,0,0,false,full
UC4,std,DB3,1000000,15,encrypt,785.347,137270304,0,0,false,full
UC4,std,DB3,1000000,15,eval,15998.079,60002712,0,0,false,full
UC4,std,DB3,1000000,15,decrypt,7.201,11820368,4194304,1,true,full
UC4,label_compact,DB3,1000000,15,setup,186.925,51398792,0,0,false,full
UC4,label_compact,DB3,1000000,15,precomp,0.000,0,0,0,false,full
UC4,label_compact,DB3,1000000,15,encrypt,932.069,221688920,0,0,false,full
UC4,label_compact,DB3,1000000,15,eval,13877.762,586236464,0,0,false,full
UC4,label_compact,DB3,1000000,15,decrypt,841.977,189074792,391118848,1,true,full
UC4,std,DB3,1000000,16,setup,220.100,64786624,0,0,false,full
UC4,std,DB3,1000000,16,precomp,0.000,0,0,0,false,full
UC4,std,DB3,1000000,16,encrypt,783.173,137270304,0,0,false,full
UC4,std,DB3,1000000,16,eval,15980.959,60002488,0,0,false,full
UC4,std,DB3,1000000,16,decrypt,8.163,11820368,4194304,1,true,full
UC4,label_compact,DB3,1000000,16,setup,189.530,72650976,0,0,false,full
UC4,label_compact,DB3,1000000,16,precomp,0.000,0,0,0,false,full
UC4,label_compact,DB3,1000000,16,encrypt,927.115,221687736,0,0,false,full
UC4,label_compact,DB3,1000000,16,eval,13858.945,586217520,0,0,false,full
UC4,label_compact,DB3,1000000,16,decrypt,839.954,189074792,391118848,1,true,full
UC4,std,DB3,1000000,17,setup,216.479,75292352,0,0,false,full
UC4,std,DB3,1000000,17,precomp,0.000,0,0,0,false,full
UC4,std,DB3,1000000,17,encrypt,786.214,137270304,0,0,false,full
UC4,std,DB3,1000000,17,eval,16025.907,60002712,0,0,false,full
UC4,std,DB3,1000000,17,decrypt,7.188,11820368,4194304,1,true,full
UC4,label_compact,DB3,1000000,17,setup,187.318,77398896,0,0,false,full
UC4,label_compact,DB3,1000000,17,precomp,0.000,0,0,0,false,full
UC4,label_compact,DB3,1000000,17,encrypt,928.361,221688664,0,0,false,full
UC4,label_compact,DB3,1000000,17,eval,13878.012,359856736,0,0,false,full
UC4,label_compact,DB3,1000000,17,decrypt,835.192,202336232,391118848,1,true,full
UC4,std,DB3,1000000,18,setup,219.097,64786624,0,0,false,full
UC4,std,DB3,1000000,18,precomp,0.000,0,0,0,false,full
UC4,std,DB3,1000000,18,encrypt,786.996,137270304,0,0,false,full
UC4,std,DB3,1000000,18,eval,15997.733,60002488,0,0,false,full
UC4,std,DB3,1000000,18,decrypt,7.541,11820368,4194304,1,true,full
UC4,label_compact,DB3,1000000,18,setup,186.353,77399008,0,0,false,full
UC4,label_compact,DB3,1000000,18,precomp,0.000,0,0,0,false,full
UC4,label_compact,DB3,1000000,18,encrypt,925.093,221688744,0,0,false,full
UC4,label_compact,DB3,1000000,18,eval,13918.259,236484232,0,0,false,full
UC4,label_compact,DB3,1000000,18,decrypt,837.927,189074680,391118848,1,true,full
UC4,std,DB3,1000000,19,setup,218.569,70437072,0,0,false,full
UC4,std,DB3,1000000,19,precomp,0.000,0,0,0,false,full
UC4,std,DB3,1000000,19,encrypt,787.266,137270304,0,0,false,full
UC4,std,DB3,1000000,19,eval,16046.196,60002520,0,0,false,full
UC4,std,DB3,1000000,19,decrypt,7.209,11820368,4194304,1,true,full
UC4,label_compact,DB3,1000000,19,setup,185.438,51398632,0,0,false,full
UC4,label_compact,DB3,1000000,19,precomp,0.000,0,0,0,false,full
UC4,label_compact,DB3,1000000,19,encrypt,929.429,221688280,0,0,false,full
UC4,label_compact,DB3,1000000,19,eval,13856.942,257244656,0,0,false,full
UC4,label_compact,DB3,1000000,19,decrypt,836.130,29936056,391118848,1,true,full
UC4,std,DB3,1000000,20,setup,216.685,60063280,0,0,false,full
UC4,std,DB3,1000000,20,precomp,0.000,0,0,0,false,full
UC4,std,DB3,1000000,20,encrypt,781.590,137270304,0,0,false,full
UC4,std,DB3,1000000,20,eval,15990.534,60002472,0,0,false,full
UC4,std,DB3,1000000,20,decrypt,7.215,11820368,4194304,1,true,full
UC4,label_compact,DB3,1000000,20,setup,188.041,77399008,0,0,false,full
UC4,label_compact,DB3,1000000,20,precomp,0.000,0,0,0,false,full
UC4,label_compact,DB3,1000000,20,encrypt,930.284,221689112,0,0,false,full
UC4,label_compact,DB3,1000000,20,eval,13857.788,421740608,0,0,false,full
UC4,label_compact,DB3,1000000,20,decrypt,834.395,202336232,391118848,1,true,full
UC4,std,DB1,512,1,setup,216.820,78939904,0,0,false,tight
UC4,std,DB1,512,1,precomp,0.000,0,0,0,false,tight
UC4,std,DB1,512,1,encrypt,12.720,7139048,0,0,false,tight
UC4,std,DB1,512,1,eval,269.847,52191400,0,0,false,tight
UC4,std,DB1,512,1,decrypt,9.021,-2226464,4194304,1,true,tight
UC4,label_compact,DB1,512,1,setup,201.618,51134688,0,0,false,tight
UC4,label_compact,DB1,512,1,precomp,0.000,0,0,0,false,tight
UC4,label_compact,DB1,512,1,encrypt,15.868,12598528,0,0,false,tight
UC4,label_compact,DB1,512,1,eval,255.064,24149464,0,0,false,tight
UC4,label_compact,DB1,512,1,decrypt,17.718,16675288,7340032,1,false,tight
UC4,std,DB1,512,2,setup,233.987,75556824,0,0,false,tight
UC4,std,DB1,512,2,precomp,0.000,0,0,0,false,tight
UC4,std,DB1,512,2,encrypt,13.007,7139048,0,0,false,tight
UC4,std,DB1,512,2,eval,268.768,54298520,0,0,false,tight
UC4,std,DB1,512,2,decrypt,8.155,6305896,4194304,1,true,tight
UC4,label_compact,DB1,512,2,setup,206.180,70571840,0,0,false,tight
UC4,label_compact,DB1,512,2,precomp,0.000,0,0,0,false,tight
UC4,label_compact,DB1,512,2,encrypt,14.221,12598448,0,0,false,tight
UC4,label_compact,DB1,512,2,eval,242.334,24149576,0,0,false,tight
UC4,label_compact,DB1,512,2,decrypt,17.584,16675288,7340032,1,false,tight
UC4,std,DB1,512,3,setup,233.230,70039696,0,0,false,tight
UC4,std,DB1,512,3,precomp,0.000,0,0,0,false,tight
UC4,std,DB1,512,3,encrypt,12.621,7139048,0,0,false,tight
UC4,std,DB1,512,3,eval,269.587,52191400,0,0,false,tight
UC4,std,DB1,512,3,decrypt,8.854,-2226400,4194304,1,true,tight
UC4,label_compact,DB1,512,3,setup,202.337,70571840,0,0,false,tight
UC4,label_compact,DB1,512,3,precomp,0.000,0,0,0,false,tight
UC4,label_compact,DB1,512,3,encrypt,15.600,12598128,0,0,false,tight
UC4,label_compact,DB1,512,3,eval,251.971,65261456,0,0,false,tight
UC4,label_compact,DB1,512,3,decrypt,17.255,-1570608,7340032,1,false,tight
UC4,std,DB1,512,4,setup,230.837,68465664,0,0,false,tight
UC4,std,DB1,512,4,precomp,0.000,0,0,0,false,tight
UC4,std,DB1,512,4,encrypt,14.296,7139048,0,0,false,tight
UC4,std,DB1,512,4,eval,270.542,54298520,0,0,false,tight
UC4,std,DB1,512,4,decrypt,8.135,6309032,4194304,1,true,tight
UC4,label_compact,DB1,512,4,setup,197.026,62169280,0,0,false,tight
UC4,label_compact,DB1,512,4,precomp,0.000,0,0,0,false,tight
UC4,label_compact,DB1,512,4,encrypt,14.411,12598272,0,0,false,tight
UC4,label_compact,DB1,512,4,eval,257.931,65261856,0,0,false,tight
UC4,label_compact,DB1,512,4,decrypt,17.555,16675288,7340032,1,false,tight
UC4,std,DB1,512,5,setup,234.042,70304456,0,0,false,tight
UC4,std,DB1,512,5,precomp,0.000,0,0,0,false,tight
UC4,std,DB1,512,5,encrypt,13.223,7139048,0,0,false,tight
UC4,std,DB1,512,5,eval,268.130,54298520,0,0,false,tight
UC4,std,DB1,512,5,decrypt,8.846,6306024,4194304,1,true,tight
UC4,label_compact,DB1,512,5,setup,205.987,56387440,0,0,false,tight
UC4,label_compact,DB1,512,5,precomp,0.000,0,0,0,false,tight
UC4,label_compact,DB1,512,5,encrypt,14.930,12598336,0,0,false,tight
UC4,label_compact,DB1,512,5,eval,259.664,85637120,0,0,false,tight
UC4,label_compact,DB1,512,5,decrypt,20.175,-1570384,7340032,1,false,tight
UC4,std,DB1,512,6,setup,231.861,68465776,0,0,false,tight
UC4,std,DB1,512,6,precomp,0.000,0,0,0,false,tight
UC4,std,DB1,512,6,encrypt,14.264,7139048,0,0,false,tight
UC4,std,DB1,512,6,eval,267.068,53244968,0,0,false,tight
UC4,std,DB1,512,6,decrypt,8.778,4860712,4194304,1,true,tight
UC4,label_compact,DB1,512,6,setup,203.723,51398792,0,0,false,tight
UC4,label_compact,DB1,512,6,precomp,0.000,0,0,0,false,tight
UC4,label_compact,DB1,512,6,encrypt,15.619,12598400,0,0,false,tight
UC4,label_compact,DB1,512,6,eval,249.740,65273296,0,0,false,tight
UC4,label_compact,DB1,512,6,decrypt,18.321,-1571600,7340032,1,false,tight
UC4,std,DB1,512,7,setup,232.908,60063104,0,0,false,tight
UC4,std,DB1,512,7,precomp,0.000,0,0,0,false,tight
UC4,std,DB1,512,7,encrypt,13.891,7139048,0,0,false,tight
UC4,std,DB1,512,7,eval,268.713,53244968,0,0,false,tight
UC4,std,DB1,512,7,decrypt,9.184,-2226272,4194304,1,true,tight
UC4,label_compact,DB1,512,7,setup,208.327,51134576,0,0,false,tight
UC4,label_compact,DB1,512,7,precomp,0.000,0,0,0,false,tight
UC4,label_compact,DB1,512,7,encrypt,14.770,12598448,0,0,false,tight
UC4,label_compact,DB1,512,7,eval,251.451,44505688,0,0,false,tight
UC4,label_compact,DB1,512,7,decrypt,19.841,-1571600,7340032,1,false,tight
UC4,std,DB1,512,8,setup,237.818,70039808,0,0,false,tight
UC4,std,DB1,512,8,precomp,0.000,0,0,0,false,tight
UC4,std,DB1,512,8,encrypt,12.647,7139048,0,0,false,tight
UC4,std,DB1,512,8,eval,267.008,52191400,0,0,false,tight
UC4,std,DB1,512,8,decrypt,8.617,-2226464,4194304,1,true,tight
UC4,label_compact,DB1,512,8,setup,204.776,51267528,0,0,false,tight
UC4,label_compact,DB1,512,8,precomp,0.000,0,0,0,false,tight
UC4,label_compact,DB1,512,8,encrypt,14.376,12598400,0,0,false,tight
UC4,label_compact,DB1,512,8,eval,252.310,65273296,0,0,false,tight
UC4,label_compact,DB1,512,8,decrypt,21.220,16675736,7340032,1,false,tight
UC4,std,DB1,512,9,setup,238.686,54810256,0,0,false,tight
UC4,std,DB1,512,9,precomp,0.000,0,0,0,false,tight
UC4,std,DB1,512,9,encrypt,13.346,7139048,0,0,false,tight
UC4,std,DB1,512,9,eval,270.966,54298696,0,0,false,tight
UC4,std,DB1,512,9,decrypt,8.073,6305896,4194304,1,true,tight
UC4,label_compact,DB1,512,9,setup,209.896,72145776,0,0,false,tight
UC4,label_compact,DB1,512,9,precomp,0.000,0,0,0,false,tight
UC4,label_compact,DB1,512,9,encrypt,14.192,12598240,0,0,false,tight
UC4,label_compact,DB1,512,9,eval,253.411,65273520,0,0,false,tight
UC4,label_compact,DB1,512,9,decrypt,18.637,19303680,7340032,1,false,tight
UC4,std,DB1,512,10,setup,236.118,59799176,0,0,false,tight
UC4,std,DB1,512,10,precomp,0.000,0,0,0,false,tight
UC4,std,DB1,512,10,encrypt,13.221,7139048,0,0,false,tight
UC4,std,DB1,512,10,eval,268.831,52191400,0,0,false,tight
UC4,std,DB1,512,10,decrypt,9.856,-2226272,4194304,1,true,tight
UC4,label_compact,DB1,512,10,setup,208.159,70572064,0,0,false,tight
UC4,label_compact,DB1,512,10,precomp,0.000,0,0,0,false,tight
UC4,label_compact,DB1,512,10,encrypt,14.234,12598128,0,0,false,tight
UC4,label_compact,DB1,512,10,eval,247.882,65265488,0,0,false,tight
UC4,label_compact,DB1,512,10,decrypt,16.927,19303792,7340032,1,false,tight
UC4,std,DB1,512,11,setup,234.651,54813344,0,0,false,tight
UC4,std,DB1,512,11,precomp,0.001,0,0,0,false,tight
UC4,std,DB1,512,11,encrypt,12.906,7139048,0,0,false,tight
UC4,std,DB1,512,11,eval,270.247,54298584,0,0,false,tight
UC4,std,DB1,512,11,decrypt,9.460,6309032,4194304,1,true,tight
UC4,label_compact,DB1,512,11,setup,198.710,60066336,0,0,false,tight
UC4,label_compact,DB1,512,11,precomp,0.000,0,0,0,false,tight
UC4,label_compact,DB1,512,11,encrypt,15.109,12598320,0,0,false,tight
UC4,label_compact,DB1,512,11,eval,257.642,65273520,0,0,false,tight
UC4,label_compact,DB1,512,11,decrypt,17.351,16675736,7340032,1,false,tight
UC4,std,DB1,512,12,setup,234.614,70040304,0,0,false,tight
UC4,std,DB1,512,12,precomp,0.000,0,0,0,false,tight
UC4,std,DB1,512,12,encrypt,12.646,7139048,0,0,false,tight
UC4,std,DB1,512,12,eval,267.549,53244920,0,0,false,tight
UC4,std,DB1,512,12,decrypt,9.117,-2226464,4194304,1,true,tight
UC4,label_compact,DB1,512,12,setup,207.582,51398600,0,0,false,tight
UC4,label_compact,DB1,512,12,precomp,0.000,0,0,0,false,tight
UC4,label_compact,DB1,512,12,encrypt,16.570,12598192,0,0,false,tight
UC4,label_compact,DB1,512,12,eval,257.190,44506984,0,0,false,tight
UC4,label_compact,DB1,512,12,decrypt,19.270,-1570832,7340032,1,false,tight
UC4,std,DB1,512,13,setup,240.257,73718640,0,0,false,tight
UC4,std,DB1,512,13,precomp,0.000,0,0,0,false,tight
UC4,std,DB1,512,13,encrypt,13.470,7139048,0,0,false,tight
UC4,std,DB1,512,13,eval,268.512,55352088,0,0,false,tight
UC4,std,DB1,512,13,decrypt,8.015,6309032,4194304,1,true,tight
UC4,label_compact,DB1,512,13,setup,199.650,61640160,0,0,false,tight
UC4,label_compact,DB1,512,13,precomp,0.000,0,0,0,false,tight
UC4,label_compact,DB1,512,13,encrypt,14.645,12598000,0,0,false,tight
UC4,label_compact,DB1,512,13,eval,250.469,44514040,0,0,false,tight
UC4,label_compact,DB1,512,13,decrypt,18.891,16675288,7340032,1,false,tight
UC4,std,DB1,512,14,setup,230.736,75556952,0,0,false,tight
UC4,std,DB1,512,14,precomp,0.000,0,0,0,false,tight
UC4,std,DB1,512,14,encrypt,12.823,7139048,0,0,false,tight
UC4,std,DB1,512,14,eval,267.871,52191400,0,0,false,tight
UC4,std,DB1,512,14,decrypt,9.210,-2226272,4194304,1,true,tight
UC4,label_compact,DB1,512,14,setup,202.558,67157272,0,0,false,tight
UC4,label_compact,DB1,512,14,precomp,0.000,0,0,0,false,tight
UC4,label_compact,DB1,512,14,encrypt,15.960,12598288,0,0,false,tight
UC4,label_compact,DB1,512,14,eval,248.669,65273760,0,0,false,tight
UC4,label_compact,DB1,512,14,decrypt,17.828,16675512,7340032,1,false,tight
UC4,std,DB1,512,15,setup,228.890,68465888,0,0,false,tight
UC4,std,DB1,512,15,precomp,0.000,0,0,0,false,tight
UC4,std,DB1,512,15,encrypt,13.465,7139048,0,0,false,tight
UC4,std,DB1,512,15,eval,268.803,54298696,0,0,false,tight
UC4,std,DB1,512,15,decrypt,8.696,-2226400,4194304,1,true,tight
UC4,label_compact,DB1,512,15,setup,208.832,51134576,0,0,false,tight
UC4,label_compact,DB1,512,15,precomp,0.000,0,0,0,false,tight
UC4,label_compact,DB1,512,15,encrypt,15.610,12598256,0,0,false,tight
UC4,label_compact,DB1,512,15,eval,250.536,65264200,0,0,false,tight
UC4,label_compact,DB1,512,15,decrypt,18.420,16675288,7340032,1,false,tight
UC4,std,DB1,512,16,setup,235.392,73718528,0,0,false,tight
UC4,std,DB1,512,16,precomp,0.000,0,0,0,false,tight
UC4,std,DB1,512,16,encrypt,12.717,7139048,0,0,false,tight
UC4,std,DB1,512,16,eval,268.527,55352088,0,0,false,tight
UC4,std,DB1,512,16,decrypt,8.303,6309032,4194304,1,true,tight
UC4,label_compact,DB1,512,16,setup,202.408,66893120,0,0,false,tight
UC4,label_compact,DB1,512,16,precomp,0.000,0,0,0,false,tight
UC4,label_compact,DB1,512,16,encrypt,14.305,12598416,0,0,false,tight
UC4,label_compact,DB1,512,16,eval,255.301,65273296,0,0,false,tight
UC4,label_compact,DB1,512,16,decrypt,18.793,-1570384,7340032,1,false,tight
UC4,std,DB1,512,17,setup,237.278,70039920,0,0,false,tight
UC4,std,DB1,512,17,precomp,0.000,0,0,0,false,tight
UC4,std,DB1,512,17,encrypt,13.185,7139048,0,0,false,tight
UC4,std,DB1,512,17,eval,269.222,52191400,0,0,false,tight
UC4,std,DB1,512,17,decrypt,9.039,-2226272,4194304,1,true,tight
UC4,label_compact,DB1,512,17,setup,203.110,51134576,0,0,false,tight
UC4,label_compact,DB1,512,17,precomp,0.000,0,0,0,false,tight
UC4,label_compact,DB1,512,17,encrypt,15.293,12598288,0,0,false,tight
UC4,label_compact,DB1,512,17,eval,254.267,24149704,0,0,false,tight
UC4,label_compact,DB1,512,17,decrypt,19.525,16675176,7340032,1,false,tight
UC4,std,DB1,512,18,setup,240.663,75557192,0,0,false,tight
UC4,std,DB1,512,18,precomp,0.000,0,0,0,false,tight
UC4,std,DB1,512,18,encrypt,14.265,7139048,0,0,false,tight
UC4,std,DB1,512,18,eval,268.323,52191400,0,0,false,tight
UC4,std,DB1,512,18,decrypt,8.219,6305896,4194304,1,true,tight
UC4,label_compact,DB1,512,18,setup,207.653,51134576,0,0,false,tight
UC4,label_compact,DB1,512,18,precomp,0.000,0,0,0,false,tight
UC4,label_compact,DB1,512,18,encrypt,14.099,12598272,0,0,false,tight
UC4,label_compact,DB1,512,18,eval,258.735,44513384,0,0,false,tight
UC4,label_compact,DB1,512,18,decrypt,18.698,-1570384,7340032,1,false,tight
UC4,std,DB1,512,19,setup,231.347,68465664,0,0,false,tight
UC4,std,DB1,512,19,precomp,0.000,0,0,0,false,tight
UC4,std,DB1,512,19,encrypt,12.825,7139048,0,0,false,tight
UC4,std,DB1,512,19,eval,268.241,54298520,0,0,false,tight
UC4,std,DB1,512,19,decrypt,7.824,4860712,4194304,1,true,tight
UC4,label_compact,DB1,512,19,setup,208.574,51134576,0,0,false,tight
UC4,label_compact,DB1,512,19,precomp,0.001,0,0,0,false,tight
UC4,label_compact,DB1,512,19,encrypt,14.375,12598064,0,0,false,tight
UC4,label_compact,DB1,512,19,eval,259.511,24150232,0,0,false,tight
UC4,label_compact,DB1,512,19,decrypt,19.454,16675288,7340032,1,false,tight
UC4,std,DB1,512,20,setup,230.278,57960160,0,0,false,tight
UC4,std,DB1,512,20,precomp,0.000,0,0,0,false,tight
UC4,std,DB1,512,20,encrypt,13.029,7139048,0,0,false,tight
UC4,std,DB1,512,20,eval,268.196,54298520,0,0,false,tight
UC4,std,DB1,512,20,decrypt,9.682,4860712,4194304,1,true,tight
UC4,label_compact,DB1,512,20,setup,207.865,51134576,0,0,false,tight
UC4,label_compact,DB1,512,20,precomp,0.000,0,0,0,false,tight
UC4,label_compact,DB1,512,20,encrypt,16.734,12598272,0,0,false,tight
UC4,label_compact,DB1,512,20,eval,257.578,24150232,0,0,false,tight
UC4,label_compact,DB1,512,20,decrypt,17.543,16675736,7340032,1,false,tight
UC4,std,DB2,100000,1,setup,232.704,65319008,0,0,false,tight
UC4,std,DB2,100000,1,precomp,0.000,0,0,0,false,tight
UC4,std,DB2,100000,1,encrypt,88.866,26251688,0,0,false,tight
UC4,std,DB2,100000,1,eval,1825.739,38766680,0,0,false,tight
UC4,std,DB2,100000,1,decrypt,8.091,4860264,4194304,1,true,tight
UC4,label_compact,DB2,100000,1,setup,192.876,56915808,0,0,false,tight
UC4,label_compact,DB2,100000,1,precomp,0.000,0,0,0,false,tight
UC4,label_compact,DB2,100000,1,encrypt,107.058,50931240,0,0,false,tight
UC4,label_compact,DB2,100000,1,eval,1665.011,44886952,0,0,false,tight
UC4,label_compact,DB2,100000,1,decrypt,101.090,-19135672,45088768,1,false,tight
UC4,std,DB2,100000,2,setup,234.647,75292560,0,0,false,tight
UC4,std,DB2,100000,2,precomp,0.000,0,0,0,false,tight
UC4,std,DB2,100000,2,encrypt,88.929,26251688,0,0,false,tight
UC4,std,DB2,100000,2,eval,1828.616,38766680,0,0,false,tight
UC4,std,DB2,100000,2,decrypt,7.574,4860264,4194304,1,true,tight
UC4,label_compact,DB2,100000,2,setup,197.430,56784656,0,0,false,tight
UC4,label_compact,DB2,100000,2,precomp,0.000,0,0,0,false,tight
UC4,label_compact,DB2,100000,2,encrypt,108.006,50931752,0,0,false,tight
UC4,label_compact,DB2,100000,2,eval,1677.721,125268216,0,0,false,tight
UC4,label_compact,DB2,100000,2,decrypt,103.954,-19135784,45088768,1,false,tight
UC4,std,DB2,100000,3,setup,233.121,54281104,0,0,false,tight
UC4,std,DB2,100000,3,precomp,0.000,0,0,0,false,tight
UC4,std,DB2,100000,3,encrypt,90.650,26251688,0,0,false,tight
UC4,std,DB2,100000,3,eval,1831.853,38766872,0,0,false,tight
UC4,std,DB2,100000,3,decrypt,8.245,4860264,4194304,1,true,tight
UC4,label_compact,DB2,100000,3,setup,201.688,72410056,0,0,false,tight
UC4,label_compact,DB2,100000,3,precomp,0.000,0,0,0,false,tight
UC4,label_compact,DB2,100000,3,encrypt,108.385,50931368,0,0,false,tight
UC4,label_compact,DB2,100000,3,eval,1658.252,104521184,0,0,false,tight
UC4,label_compact,DB2,100000,3,decrypt,103.247,29940968,45088768,1,false,tight
UC4,std,DB2,100000,4,setup,230.019,75292720,0,0,false,tight
UC4,std,DB2,100000,4,precomp,0.000,0,0,0,false,tight
UC4,std,DB2,100000,4,encrypt,88.627,26251688,0,0,false,tight
UC4,std,DB2,100000,4,eval,1827.701,38766648,0,0,false,tight
UC4,std,DB2,100000,4,decrypt,8.296,4860264,4194304,1,true,tight
UC4,label_compact,DB2,100000,4,setup,203.079,72278872,0,0,false,tight
UC4,label_compact,DB2,100000,4,precomp,0.000,0,0,0,false,tight
UC4,label_compact,DB2,100000,4,encrypt,108.531,50931512,0,0,false,tight
UC4,label_compact,DB2,100000,4,eval,1673.972,63396664,0,0,false,tight
UC4,label_compact,DB2,100000,4,decrypt,102.300,32565136,45088768,1,false,tight
UC4,std,DB2,100000,5,setup,229.844,54545384,0,0,false,tight
UC4,std,DB2,100000,5,precomp,0.000,0,0,0,false,tight
UC4,std,DB2,100000,5,encrypt,91.086,26251688,0,0,false,tight
UC4,std,DB2,100000,5,eval,1827.289,38766680,0,0,false,tight
UC4,std,DB2,100000,5,decrypt,8.482,4860600,4194304,1,true,tight
UC4,label_compact,DB2,100000,5,setup,202.292,72410056,0,0,false,tight
UC4,label_compact,DB2,100000,5,precomp,0.000,0,0,0,false,tight
UC4,label_compact,DB2,100000,5,encrypt,108.693,50931768,0,0,false,tight
UC4,label_compact,DB2,100000,5,eval,1663.457,104520096,0,0,false,tight
UC4,label_compact,DB2,100000,5,decrypt,103.250,-19135784,45088768,1,false,tight
UC4,std,DB2,100000,6,setup,230.515,54545992,0,0,false,tight
UC4,std,DB2,100000,6,precomp,0.000,0,0,0,false,tight
UC4,std,DB2,100000,6,encrypt,90.620,26251688,0,0,false,tight
UC4,std,DB2,100000,6,eval,1828.316,38766872,0,0,false,tight
UC4,std,DB2,100000,6,decrypt,7.501,4860264,4194304,1,true,tight
UC4,label_compact,DB2,100000,6,setup,200.382,51134416,0,0,false,tight
UC4,label_compact,DB2,100000,6,precomp,0.000,0,0,0,false,tight
UC4,label_compact,DB2,100000,6,encrypt,109.190,50931160,0,0,false,tight
UC4,label_compact,DB2,100000,6,eval,1697.044,63388840,0,0,false,tight
UC4,label_compact,DB2,100000,6,decrypt,102.739,-19135784,45088768,1,false,tight
UC4,std,DB2,100000,7,setup,235.958,54545176,0,0,false,tight
UC4,std,DB2,100000,7,precomp,0.000,0,0,0,false,tight
UC4,std,DB2,100000,7,encrypt,91.603,26251688,0,0,false,tight
UC4,std,DB2,100000,7,eval,1827.013,38766648,0,0,false,tight
UC4,std,DB2,100000,7,decrypt,8.048,4860264,4194304,1,true,tight
UC4,label_compact,DB2,100000,7,setup,194.070,56915728,0,0,false,tight
UC4,label_compact,DB2,100000,7,precomp,0.000,0,0,0,false,tight
UC4,label_compact,DB2,100000,7,encrypt,112.265,50931672,0,0,false,tight
UC4,label_compact,DB2,100000,7,eval,1679.847,125279992,0,0,false,tight
UC4,label_compact,DB2,100000,7,decrypt,101.210,20879328,45088768,1,false,tight
UC4,std,DB2,100000,8,setup,234.078,70303976,0,0,false,tight
UC4,std,DB2,100000,8,precomp,0.000,0,0,0,false,tight
UC4,std,DB2,100000,8,encrypt,90.144,26251688,0,0,false,tight
UC4,std,DB2,100000,8,eval,1826.922,38766648,0,0,false,tight
UC4,std,DB2,100000,8,decrypt,7.469,4860264,4194304,1,true,tight
UC4,label_compact,DB2,100000,8,setup,198.963,72146256,0,0,false,tight
UC4,label_compact,DB2,100000,8,precomp,0.000,0,0,0,false,tight
UC4,label_compact,DB2,100000,8,encrypt,108.915,50931944,0,0,false,tight
UC4,label_compact,DB2,100000,8,eval,1674.042,84144592,0,0,false,tight
UC4,label_compact,DB2,100000,8,decrypt,101.232,-19135320,45088768,1,false,tight
UC4,std,DB2,100000,9,setup,230.394,54545992,0,0,false,tight
UC4,std,DB2,100000,9,precomp,0.000,0,0,0,false,tight
UC4,std,DB2,100000,9,encrypt,93.698,26251688,0,0,false,tight
UC4,std,DB2,100000,9,eval,1823.620,38766872,0,0,false,tight
UC4,std,DB2,100000,9,decrypt,8.150,4860264,4194304,1,true,tight
UC4,label_compact,DB2,100000,9,setup,205.125,72410760,0,0,false,tight
UC4,label_compact,DB2,100000,9,precomp,0.000,0,0,0,false,tight
UC4,label_compact,DB2,100000,9,encrypt,111.816,50931256,0,0,false,tight
UC4,label_compact,DB2,100000,9,eval,1662.703,84155584,0,0,false,tight
UC4,label_compact,DB2,100000,9,decrypt,107.616,19303888,45088768,1,false,tight
UC4,std,DB2,100000,10,setup,234.888,54281104,0,0,false,tight
UC4,std,DB2,100000,10,precomp,0.000,0,0,0,false,tight
UC4,std,DB2,100000,10,encrypt,88.589,26251688,0,0,false,tight
UC4,std,DB2,100000,10,eval,1847.620,38766856,0,0,false,tight
UC4,std,DB2,100000,10,decrypt,8.626,4860264,4194304,1,true,tight
UC4,label_compact,DB2,100000,10,setup,197.011,56919632,0,0,false,tight
UC4,label_compact,DB2,100000,10,precomp,0.000,0,0,0,false,tight
UC4,label_compact,DB2,100000,10,encrypt,109.773,50931480,0,0,false,tight
UC4,label_compact,DB2,100000,10,eval,1663.924,63396888,0,0,false,tight
UC4,label_compact,DB2,100000,10,decrypt,105.121,-17560224,45088768,1,false,tight
UC4,std,DB2,100000,11,setup,232.820,75292720,0,0,false,tight
UC4,std,DB2,100000,11,precomp,0.001,0,0,0,false,tight
UC4,std,DB2,100000,11,encrypt,89.446,26251688,0,0,false,tight
UC4,std,DB2,100000,11,eval,1827.656,38766648,0,0,false,tight
UC4,std,DB2,100000,11,decrypt,7.735,4860264,4194304,1,true,tight
UC4,label_compact,DB2,100000,11,setup,203.527,72409944,0,0,false,tight
UC4,label_compact,DB2,100000,11,precomp,0.000,0,0,0,false,tight
UC4,label_compact,DB2,100000,11,encrypt,108.074,50930904,0,0,false,tight
UC4,label_compact,DB2,100000,11,eval,1659.645,63396136,0,0,false,tight
UC4,label_compact,DB2,100000,11,decrypt,103.091,-14148736,45088768,1,false,tight
UC4,std,DB2,100000,12,setup,233.976,75292720,0,0,false,tight
UC4,std,DB2,100000,12,precomp,0.000,0,0,0,false,tight
UC4,std,DB2,100000,12,encrypt,90.836,26251688,0,0,false,tight
UC4,std,DB2,100000,12,eval,1842.508,38766648,0,0,false,tight
UC4,std,DB2,100000,12,decrypt,8.357,4860264,4194304,1,true,tight
UC4,label_compact,DB2,100000,12,setup,197.737,51531680,0,0,false,tight
UC4,label_compact,DB2,100000,12,precomp,0.000,0,0,0,false,tight
UC4,label_compact,DB2,100000,12,encrypt,107.194,50931720,0,0,false,tight
UC4,label_compact,DB2,100000,12,eval,1669.236,43032568,0,0,false,tight
UC4,label_compact,DB2,100000,12,decrypt,102.105,16675624,45088768,1,false,tight
UC4,std,DB2,100000,13,setup,229.672,75292832,0,0,false,tight
UC4,std,DB2,100000,13,precomp,0.000,0,0,0,false,tight
UC4,std,DB2,100000,13,encrypt,88.446,26251688,0,0,false,tight
UC4,std,DB2,100000,13,eval,1824.973,38766872,0,0,false,tight
UC4,std,DB2,100000,13,decrypt,8.091,4860264,4194304,1,true,tight
UC4,label_compact,DB2,100000,13,setup,202.920,56784544,0,0,false,tight
UC4,label_compact,DB2,100000,13,precomp,0.001,0,0,0,false,tight
UC4,label_compact,DB2,100000,13,encrypt,107.003,50931720,0,0,false,tight
UC4,label_compact,DB2,100000,13,eval,1655.510,84156480,0,0,false,tight
UC4,label_compact,DB2,100000,13,decrypt,105.224,-19135784,45088768,1,false,tight
UC4,std,DB2,100000,14,setup,231.180,54281104,0,0,false,tight
UC4,std,DB2,100000,14,precomp,0.000,0,0,0,false,tight
UC4,std,DB2,100000,14,encrypt,88.779,26251688,0,0,false,tight
UC4,std,DB2,100000,14,eval,1850.936,38766856,0,0,false,tight
UC4,std,DB2,100000,14,decrypt,9.014,4860264,4194304,1,true,tight
UC4,label_compact,DB2,100000,14,setup,197.451,66893280,0,0,false,tight
UC4,label_compact,DB2,100000,14,precomp,0.000,0,0,0,false,tight
UC4,label_compact,DB2,100000,14,encrypt,107.878,50931208,0,0,false,tight
UC4,label_compact,DB2,100000,14,eval,1657.457,84148112,0,0,false,tight
UC4,label_compact,DB2,100000,14,decrypt,103.576,-19135320,45088768,1,false,tight
UC4,std,DB2,100000,15,setup,232.359,54545176,0,0,false,tight
UC4,std,DB2,100000,15,precomp,0.000,0,0,0,false,tight
UC4,std,DB2,100000,15,encrypt,94.368,26251688,0,0,false,tight
UC4,std,DB2,100000,15,eval,1828.924,38766632,0,0,false,tight
UC4,std,DB2,100000,15,decrypt,8.146,4860264,4194304,1,true,tight
UC4,label_compact,DB2,100000,15,setup,203.070,72146144,0,0,false,tight
UC4,label_compact,DB2,100000,15,precomp,0.000,0,0,0,false,tight
UC4,label_compact,DB2,100000,15,encrypt,108.286,50931256,0,0,false,tight
UC4,label_compact,DB2,100000,15,eval,1663.272,63396824,0,0,false,tight
UC4,label_compact,DB2,100000,15,decrypt,104.694,-20452896,45088768,1,false,tight
UC4,std,DB2,100000,16,setup,228.534,75425560,0,0,false,tight
UC4,std,DB2,100000,16,precomp,0.000,0,0,0,false,tight
UC4,std,DB2,100000,16,encrypt,88.428,26251688,0,0,false,tight
UC4,std,DB2,100000,16,eval,1825.903,38766680,0,0,false,tight
UC4,std,DB2,100000,16,decrypt,8.024,4860264,4194304,1,true,tight
UC4,label_compact,DB2,100000,16,setup,205.172,72410056,0,0,false,tight
UC4,label_compact,DB2,100000,16,precomp,0.000,0,0,0,false,tight
UC4,label_compact,DB2,100000,16,encrypt,108.485,50931528,0,0,false,tight
UC4,label_compact,DB2,100000,16,eval,1674.986,63387784,0,0,false,tight
UC4,label_compact,DB2,100000,16,decrypt,105.278,-17560224,45088768,1,false,tight
UC4,std,DB2,100000,17,setup,230.419,59534240,0,0,false,tight
UC4,std,DB2,100000,17,precomp,0.000,0,0,0,false,tight
UC4,std,DB2,100000,17,encrypt,89.117,26251688,0,0,false,tight
UC4,std,DB2,100000,17,eval,1827.578,38766632,0,0,false,tight
UC4,std,DB2,100000,17,decrypt,8.586,4860264,4194304,1,true,tight
UC4,label_compact,DB2,100000,17,setup,199.806,51666656,0,0,false,tight
UC4,label_compact,DB2,100000,17,precomp,0.000,0,0,0,false,tight
UC4,label_compact,DB2,100000,17,encrypt,109.304,50931512,0,0,false,tight
UC4,label_compact,DB2,100000,17,eval,1670.202,125257432,0,0,false,tight
UC4,label_compact,DB2,100000,17,decrypt,100.577,-19135672,45088768,1,false,tight
UC4,std,DB2,100000,18,setup,235.230,54281216,0,0,false,tight
UC4,std,DB2,100000,18,precomp,0.000,0,0,0,false,tight
UC4,std,DB2,100000,18,encrypt,89.835,26251688,0,0,false,tight
UC4,std,DB2,100000,18,eval,1849.849,38766680,0,0,false,tight
UC4,std,DB2,100000,18,decrypt,7.933,4860264,4194304,1,true,tight
UC4,label_compact,DB2,100000,18,setup,197.347,51531680,0,0,false,tight
UC4,label_compact,DB2,100000,18,precomp,0.000,0,0,0,false,tight
UC4,label_compact,DB2,100000,18,encrypt,110.618,50931464,0,0,false,tight
UC4,label_compact,DB2,100000,18,eval,1666.501,145629160,0,0,false,tight
UC4,label_compact,DB2,100000,18,decrypt,100.948,16674504,45088768,1,false,tight
UC4,std,DB2,100000,19,setup,231.705,60063120,0,0,false,tight
UC4,std,DB2,100000,19,precomp,0.000,0,0,0,false,tight
UC4,std,DB2,100000,19,encrypt,90.083,26251688,0,0,false,tight
UC4,std,DB2,100000,19,eval,1825.785,39820216,0,0,false,tight
UC4,std,DB2,100000,19,decrypt,8.277,4860488,4194304,1,true,tight
UC4,label_compact,DB2,100000,19,setup,193.570,72145984,0,0,false,tight
UC4,label_compact,DB2,100000,19,precomp,0.000,0,0,0,false,tight
UC4,label_compact,DB2,100000,19,encrypt,110.656,50931864,0,0,false,tight
UC4,label_compact,DB2,100000,19,eval,1653.773,63402464,0,0,false,tight
UC4,label_compact,DB2,100000,19,decrypt,104.556,16679512,45088768,1,false,tight
UC4,std,DB2,100000,20,setup,229.990,70039808,0,0,false,tight
UC4,std,DB2,100000,20,precomp,0.000,0,0,0,false,tight
UC4,std,DB2,100000,20,encrypt,90.626,26251688,0,0,false,tight
UC4,std,DB2,100000,20,eval,1832.035,39820440,0,0,false,tight
UC4,std,DB2,100000,20,decrypt,8.330,4860264,4194304,1,true,tight
UC4,label_compact,DB2,100000,20,setup,207.097,51134912,0,0,false,tight
UC4,label_compact,DB2,100000,20,precomp,0.000,0,0,0,false,tight
UC4,label_compact,DB2,100000,20,encrypt,107.979,50931800,0,0,false,tight
UC4,label_compact,DB2,100000,20,eval,1685.033,104519968,0,0,false,tight
UC4,label_compact,DB2,100000,20,decrypt,101.308,21141944,45088768,1,false,tight
UC4,std,DB3,1000000,1,setup,227.046,80545152,0,0,false,tight
UC4,std,DB3,1000000,1,precomp,0.000,0,0,0,false,tight
UC4,std,DB3,1000000,1,encrypt,786.451,137270272,0,0,false,tight
UC4,std,DB3,1000000,1,eval,16012.718,60002488,0,0,false,tight
UC4,std,DB3,1000000,1,decrypt,7.220,11820192,4194304,1,true,tight
UC4,label_compact,DB3,1000000,1,setup,185.670,77640408,0,0,false,tight
UC4,label_compact,DB3,1000000,1,precomp,0.000,0,0,0,false,tight
UC4,label_compact,DB3,1000000,1,encrypt,923.938,221686632,0,0,false,tight
UC4,label_compact,DB3,1000000,1,eval,13857.649,483226760,0,0,false,tight
UC4,label_compact,DB3,1000000,1,decrypt,839.786,29936264,391118848,1,false,tight
UC4,std,DB3,1000000,2,setup,216.806,75824912,0,0,false,tight
UC4,std,DB3,1000000,2,precomp,0.000,0,0,0,false,tight
UC4,std,DB3,1000000,2,encrypt,785.556,137270272,0,0,false,tight
UC4,std,DB3,1000000,2,eval,16038.687,60002488,0,0,false,tight
UC4,std,DB3,1000000,2,decrypt,7.326,11820192,4194304,1,true,tight
UC4,label_compact,DB3,1000000,2,setup,187.884,77398528,0,0,false,tight
UC4,label_compact,DB3,1000000,2,precomp,0.000,0,0,0,false,tight
UC4,label_compact,DB3,1000000,2,encrypt,925.551,221687304,0,0,false,tight
UC4,label_compact,DB3,1000000,2,eval,13869.262,524351360,0,0,false,tight
UC4,label_compact,DB3,1000000,2,decrypt,841.304,207854056,391118848,1,false,tight
UC4,std,DB3,1000000,3,setup,214.243,70039712,0,0,false,tight
UC4,std,DB3,1000000,3,precomp,0.000,0,0,0,false,tight
UC4,std,DB3,1000000,3,encrypt,783.758,137270272,0,0,false,tight
UC4,std,DB3,1000000,3,eval,16030.950,60002680,0,0,false,tight
UC4,std,DB3,1000000,3,decrypt,7.234,11820192,4194304,1,true,tight
UC4,label_compact,DB3,1000000,3,setup,187.151,77642816,0,0,false,tight
UC4,label_compact,DB3,1000000,3,precomp,0.000,0,0,0,false,tight
UC4,label_compact,DB3,1000000,3,encrypt,927.518,221686264,0,0,false,tight
UC4,label_compact,DB3,1000000,3,eval,13830.995,359856160,0,0,false,tight
UC4,label_compact,DB3,1000000,3,decrypt,835.720,207854056,391118848,1,false,tight
UC4,std,DB3,1000000,4,setup,216.765,70039968,0,0,false,tight
UC4,std,DB3,1000000,4,precomp,0.000,0,0,0,false,tight
UC4,std,DB3,1000000,4,encrypt,785.036,137814264,0,0,false,tight
UC4,std,DB3,1000000,4,eval,16007.010,60002488,0,0,false,tight
UC4,std,DB3,1000000,4,decrypt,7.170,11820192,4194304,1,true,tight
UC4,label_compact,DB3,1000000,4,setup,185.838,72649440,0,0,false,tight
UC4,label_compact,DB3,1000000,4,precomp,0.000,0,0,0,false,tight
UC4,label_compact,DB3,1000000,4,encrypt,937.259,221686456,0,0,false,tight
UC4,label_compact,DB3,1000000,4,eval,13851.326,318731704,0,0,false,tight
UC4,label_compact,DB3,1000000,4,decrypt,833.831,189073416,391118848,1,false,tight
UC4,std,DB3,1000000,5,setup,219.417,70564768,0,0,false,tight
UC4,std,DB3,1000000,5,precomp,0.000,0,0,0,false,tight
UC4,std,DB3,1000000,5,encrypt,793.507,137270272,0,0,false,tight
UC4,std,DB3,1000000,5,eval,16006.742,60002680,0,0,false,tight
UC4,std,DB3,1000000,5,decrypt,7.173,11820192,4194304,1,true,tight
UC4,label_compact,DB3,1000000,5,setup,188.599,51267672,0,0,false,tight
UC4,label_compact,DB3,1000000,5,precomp,0.000,0,0,0,false,tight
UC4,label_compact,DB3,1000000,5,encrypt,929.268,221687112,0,0,false,tight
UC4,label_compact,DB3,1000000,5,eval,13840.683,442103456,0,0,false,tight
UC4,label_compact,DB3,1000000,5,decrypt,839.942,202335672,391118848,1,false,tight
UC4,std,DB3,1000000,6,setup,219.323,65315872,0,0,false,tight
UC4,std,DB3,1000000,6,precomp,0.000,0,0,0,false,tight
UC4,std,DB3,1000000,6,encrypt,782.511,137270272,0,0,false,tight
UC4,std,DB3,1000000,6,eval,16095.748,60002488,0,0,false,tight
UC4,std,DB3,1000000,6,decrypt,7.423,11820192,4194304,1,true,tight
UC4,label_compact,DB3,1000000,6,setup,189.805,72134720,0,0,false,tight
UC4,label_compact,DB3,1000000,6,precomp,0.000,0,0,0,false,tight
UC4,label_compact,DB3,1000000,6,encrypt,968.041,221686872,0,0,false,tight
UC4,label_compact,DB3,1000000,6,eval,14639.256,524351040,0,0,false,tight
UC4,label_compact,DB3,1000000,6,decrypt,889.188,189073416,391118848,1,false,tight
UC4,std,DB3,1000000,7,setup,232.714,70568976,0,0,false,tight
UC4,std,DB3,1000000,7,precomp,0.000,0,0,0,false,tight
UC4,std,DB3,1000000,7,encrypt,816.599,137270272,0,0,false,tight
UC4,std,DB3,1000000,7,eval,16154.001,60002552,0,0,false,tight
UC4,std,DB3,1000000,7,decrypt,7.244,11820192,4194304,1,true,tight
UC4,label_compact,DB3,1000000,7,setup,187.797,51267672,0,0,false,tight
UC4,label_compact,DB3,1000000,7,precomp,0.000,0,0,0,false,tight
UC4,label_compact,DB3,1000000,7,encrypt,928.781,221685944,0,0,false,tight
UC4,label_compact,DB3,1000000,7,eval,13864.481,380603816,0,0,false,tight
UC4,label_compact,DB3,1000000,7,decrypt,839.731,189073416,391118848,1,false,tight
UC4,std,DB3,1000000,8,setup,214.713,65318960,0,0,false,tight
UC4,std,DB3,1000000,8,precomp,0.000,0,0,0,false,tight
UC4,std,DB3,1000000,8,encrypt,782.748,137270272,0,0,false,tight
UC4,std,DB3,1000000,8,eval,16035.618,60002440,0,0,false,tight
UC4,std,DB3,1000000,8,decrypt,7.163,11820192,4194304,1,true,tight
UC4,label_compact,DB3,1000000,8,setup,187.952,72654704,0,0,false,tight
UC4,label_compact,DB3,1000000,8,precomp,0.000,0,0,0,false,tight
UC4,label_compact,DB3,1000000,8,encrypt,925.720,221687032,0,0,false,tight
UC4,label_compact,DB3,1000000,8,eval,13856.452,524350704,0,0,false,tight
UC4,label_compact,DB3,1000000,8,decrypt,840.363,175811960,391118848,1,false,tight
UC4,std,DB3,1000000,9,setup,216.723,70568720,0,0,false,tight
UC4,std,DB3,1000000,9,precomp,0.000,0,0,0,false,tight
UC4,std,DB3,1000000,9,encrypt,795.684,137270272,0,0,false,tight
UC4,std,DB3,1000000,9,eval,16031.602,60002488,0,0,false,tight
UC4,std,DB3,1000000,9,decrypt,7.366,11820192,4194304,1,true,tight
UC4,label_compact,DB3,1000000,9,setup,188.859,77398896,0,0,false,tight
UC4,label_compact,DB3,1000000,9,precomp,0.000,0,0,0,false,tight
UC4,label_compact,DB3,1000000,9,encrypt,929.913,221686984,0,0,false,tight
UC4,label_compact,DB3,1000000,9,eval,13861.527,545111720,0,0,false,tight
UC4,label_compact,DB3,1000000,9,decrypt,839.300,202334888,391118848,1,false,tight
UC4,std,DB3,1000000,10,setup,215.836,73718528,0,0,false,tight
UC4,std,DB3,1000000,10,precomp,0.000,0,0,0,false,tight
UC4,std,DB3,1000000,10,encrypt,794.822,137814264,0,0,false,tight
UC4,std,DB3,1000000,10,eval,16018.047,60002456,0,0,false,tight
UC4,std,DB3,1000000,10,decrypt,7.203,11820192,4194304,1,true,tight
UC4,label_compact,DB3,1000000,10,setup,187.961,77637312,0,0,false,tight
UC4,label_compact,DB3,1000000,10,precomp,0.000,0,0,0,false,tight
UC4,label_compact,DB3,1000000,10,encrypt,927.097,221687640,0,0,false,tight
UC4,label_compact,DB3,1000000,10,eval,13864.643,565468248,0,0,false,tight
UC4,label_compact,DB3,1000000,10,decrypt,838.713,189073528,391118848,1,false,tight
UC4,std,DB3,1000000,11,setup,217.534,70304376,0,0,false,tight
UC4,std,DB3,1000000,11,precomp,0.000,0,0,0,false,tight
UC4,std,DB3,1000000,11,encrypt,786.850,137270272,0,0,false,tight
UC4,std,DB3,1000000,11,eval,16042.040,60002456,0,0,false,tight
UC4,std,DB3,1000000,11,decrypt,7.199,11820192,4194304,1,true,tight
UC4,label_compact,DB3,1000000,11,setup,186.981,77398896,0,0,false,tight
UC4,label_compact,DB3,1000000,11,precomp,0.000,0,0,0,false,tight
UC4,label_compact,DB3,1000000,11,encrypt,930.151,221686456,0,0,false,tight
UC4,label_compact,DB3,1000000,11,eval,13867.206,339483168,0,0,false,tight
UC4,label_compact,DB3,1000000,11,decrypt,835.923,189073416,391118848,1,false,tight
UC4,std,DB3,1000000,12,setup,219.271,70039856,0,0,false,tight
UC4,std,DB3,1000000,12,precomp,0.000,0,0,0,false,tight
UC4,std,DB3,1000000,12,encrypt,794.335,137270272,0,0,false,tight
UC4,std,DB3,1000000,12,eval,16053.799,60002488,0,0,false,tight
UC4,std,DB3,1000000,12,decrypt,7.689,11820192,4194304,1,true,tight
UC4,label_compact,DB3,1000000,12,setup,186.994,77398896,0,0,false,tight
UC4,label_compact,DB3,1000000,12,precomp,0.000,0,0,0,false,tight
UC4,label_compact,DB3,1000000,12,encrypt,933.144,221687544,0,0,false,tight
UC4,label_compact,DB3,1000000,12,eval,13870.041,400979288,0,0,false,tight
UC4,label_compact,DB3,1000000,12,decrypt,837.999,202334888,391118848,1,false,tight
UC4,std,DB3,1000000,13,setup,216.903,70568848,0,0,false,tight
UC4,std,DB3,1000000,13,precomp,0.000,0,0,0,false,tight
UC4,std,DB3,1000000,13,encrypt,782.590,137270272,0,0,false,tight
UC4,std,DB3,1000000,13,eval,16013.476,60002440,0,0,false,tight
UC4,std,DB3,1000000,13,decrypt,8.138,11820192,4194304,1,true,tight
UC4,label_compact,DB3,1000000,13,setup,186.697,51267560,0,0,false,tight
UC4,label_compact,DB3,1000000,13,precomp,0.000,0,0,0,false,tight
UC4,label_compact,DB3,1000000,13,encrypt,930.154,221687976,0,0,false,tight
UC4,label_compact,DB3,1000000,13,eval,13862.702,421738992,0,0,false,tight
UC4,label_compact,DB3,1000000,13,decrypt,838.393,29935848,391118848,1,false,tight
UC4,std,DB3,1000000,14,setup,220.390,70039696,0,0,false,tight
UC4,std,DB3,1000000,14,precomp,0.000,0,0,0,false,tight
UC4,std,DB3,1000000,14,encrypt,786.412,137270272,0,0,false,tight
UC4,std,DB3,1000000,14,eval,16066.124,60002552,0,0,false,tight
UC4,std,DB3,1000000,14,decrypt,7.216,11820192,4194304,1,true,tight
UC4,label_compact,DB3,1000000,14,setup,188.045,72649552,0,0,false,tight
UC4,label_compact,DB3,1000000,14,precomp,0.000,0,0,0,false,tight
UC4,label_compact,DB3,1000000,14,encrypt,924.198,221686120,0,0,false,tight
UC4,label_compact,DB3,1000000,14,eval,13856.648,442103248,0,0,false,tight
UC4,label_compact,DB3,1000000,14,decrypt,839.362,29935848,391118848,1,false,tight
UC4,std,DB3,1000000,15,setup,219.520,70436976,0,0,false,tight
UC4,std,DB3,1000000,15,precomp,0.000,0,0,0,false,tight
UC4,std,DB3,1000000,15,encrypt,786.569,137270272,0,0,false,tight
UC4,std,DB3,1000000,15,eval,16014.772,60002488,0,0,false,tight
UC4,std,DB3,1000000,15,decrypt,7.273,11820192,4194304,1,true,tight
UC4,label_compact,DB3,1000000,15,setup,186.669,72651632,0,0,false,tight
UC4,label_compact,DB3,1000000,15,precomp,0.000,0,0,0,false,tight
UC4,label_compact,DB3,1000000,15,encrypt,931.453,221686808,0,0,false,tight
UC4,label_compact,DB3,1000000,15,eval,14000.041,462863592,0,0,false,tight
UC4,label_compact,DB3,1000000,15,decrypt,840.074,189073864,391118848,1,false,tight
UC4,std,DB3,1000000,16,setup,213.274,75292352,0,0,false,tight
UC4,std,DB3,1000000,16,precomp,0.000,0,0,0,false,tight
UC4,std,DB3,1000000,16,encrypt,783.828,137270272,0,0,false,tight
UC4,std,DB3,1000000,16,eval,16033.660,60002456,0,0,false,tight
UC4,std,DB3,1000000,16,decrypt,7.284,11820192,4194304,1,true,tight
UC4,label_compact,DB3,1000000,16,setup,190.204,77398528,0,0,false,tight
UC4,label_compact,DB3,1000000,16,precomp,0.000,0,0,0,false,tight
UC4,label_compact,DB3,1000000,16,encrypt,931.681,221686392,0,0,false,tight
UC4,label_compact,DB3,1000000,16,eval,13870.125,483226632,0,0,false,tight
UC4,label_compact,DB3,1000000,16,decrypt,837.354,189073416,391118848,1,false,tight
UC4,std,DB3,1000000,17,setup,217.866,70568944,0,0,false,tight
UC4,std,DB3,1000000,17,precomp,0.000,0,0,0,false,tight
UC4,std,DB3,1000000,17,encrypt,786.998,137270272,0,0,false,tight
UC4,std,DB3,1000000,17,eval,16045.870,60002488,0,0,false,tight
UC4,std,DB3,1000000,17,decrypt,7.185,11820192,4194304,1,true,tight
UC4,label_compact,DB3,1000000,17,setup,193.240,75824704,0,0,false,tight
UC4,label_compact,DB3,1000000,17,precomp,0.000,0,0,0,false,tight
UC4,label_compact,DB3,1000000,17,encrypt,927.544,221685960,0,0,false,tight
UC4,label_compact,DB3,1000000,17,eval,13862.153,545110952,0,0,false,tight
UC4,label_compact,DB3,1000000,17,decrypt,838.768,189073864,391118848,1,false,tight
UC4,std,DB3,1000000,18,setup,213.736,75292464,0,0,false,tight
UC4,std,DB3,1000000,18,precomp,0.000,0,0,0,false,tight
UC4,std,DB3,1000000,18,encrypt,783.771,137270272,0,0,false,tight
UC4,std,DB3,1000000,18,eval,16026.396,60002488,0,0,false,tight
UC4,std,DB3,1000000,18,decrypt,7.299,11820192,4194304,1,true,tight
UC4,label_compact,DB3,1000000,18,setup,187.516,77398528,0,0,false,tight
UC4,label_compact,DB3,1000000,18,precomp,0.000,0,0,0,false,tight
UC4,label_compact,DB3,1000000,18,encrypt,930.448,221686744,0,0,false,tight
UC4,label_compact,DB3,1000000,18,eval,13835.661,421733024,0,0,false,tight
UC4,label_compact,DB3,1000000,18,decrypt,836.715,189073528,391118848,1,false,tight
UC4,std,DB3,1000000,19,setup,216.660,80545328,0,0,false,tight
UC4,std,DB3,1000000,19,precomp,0.000,0,0,0,false,tight
UC4,std,DB3,1000000,19,encrypt,784.399,137270272,0,0,false,tight
UC4,std,DB3,1000000,19,eval,16049.180,60002488,0,0,false,tight
UC4,std,DB3,1000000,19,decrypt,7.276,11820192,4194304,1,true,tight
UC4,label_compact,DB3,1000000,19,setup,186.422,72651696,0,0,false,tight
UC4,label_compact,DB3,1000000,19,precomp,0.000,0,0,0,false,tight
UC4,label_compact,DB3,1000000,19,encrypt,928.980,221686056,0,0,false,tight
UC4,label_compact,DB3,1000000,19,eval,13846.256,257244992,0,0,false,tight
UC4,label_compact,DB3,1000000,19,decrypt,835.623,16674392,391118848,1,false,tight
UC4,std,DB3,1000000,20,setup,216.020,68465664,0,0,false,tight
UC4,std,DB3,1000000,20,precomp,0.000,0,0,0,false,tight
UC4,std,DB3,1000000,20,encrypt,788.194,137815040,0,0,false,tight
UC4,std,DB3,1000000,20,eval,16026.201,60002488,0,0,false,tight
UC4,std,DB3,1000000,20,decrypt,7.370,11820192,4194304,1,true,tight
UC4,label_compact,DB3,1000000,20,setup,187.145,77638832,0,0,false,tight
UC4,label_compact,DB3,1000000,20,precomp,0.000,0,0,0,false,tight
UC4,label_compact,DB3,1000000,20,encrypt,932.180,221686392,0,0,false,tight
UC4,label_compact,DB3,1000000,20,eval,13881.195,586234000,0,0,false,tight
UC4,label_compact,DB3,1000000,20,decrypt,841.485,189073416,391118848,1,false,tight
UC4,std,DB1,512,1,setup,76.525,24669224,0,0,false,min
UC4,std,DB1,512,1,precomp,0.000,0,0,0,false,min
UC4,std,DB1,512,1,encrypt,8.942,4245424,0,0,false,min
UC4,std,DB1,512,1,eval,129.144,34880680,0,0,false,min
UC4,std,DB1,512,1,decrypt,5.737,3679560,2097152,1,false,min
UC4,label_compact,DB1,512,1,setup,73.381,27565072,0,0,false,min
UC4,label_compact,DB1,512,1,precomp,0.000,0,0,0,false,min
UC4,label_compact,DB1,512,1,encrypt,10.861,8385152,0,0,false,min
UC4,label_compact,DB1,512,1,eval,212.193,37412720,0,0,false,min
UC4,label_compact,DB1,512,1,decrypt,15.365,10902408,5242880,1,false,min
UC4,std,DB1,512,2,setup,84.501,28877752,0,0,false,min
UC4,std,DB1,512,2,precomp,0.000,0,0,0,false,min
UC4,std,DB1,512,2,encrypt,8.813,4245424,0,0,false,min
UC4,std,DB1,512,2,eval,141.178,35408200,0,0,false,min
UC4,std,DB1,512,2,decrypt,5.590,3679480,2097152,1,false,min
UC4,label_compact,DB1,512,2,setup,74.143,21514688,0,0,false,min
UC4,label_compact,DB1,512,2,precomp,0.000,0,0,0,false,min
UC4,label_compact,DB1,512,2,encrypt,10.674,8385264,0,0,false,min
UC4,label_compact,DB1,512,2,eval,216.736,14172008,0,0,false,min
UC4,label_compact,DB1,512,2,decrypt,14.613,10358680,5242880,1,false,min
UC4,std,DB1,512,3,setup,86.367,20064080,0,0,false,min
UC4,std,DB1,512,3,precomp,0.000,0,0,0,false,min
UC4,std,DB1,512,3,encrypt,8.196,4245424,0,0,false,min
UC4,std,DB1,512,3,eval,134.148,35408200,0,0,false,min
UC4,std,DB1,512,3,decrypt,6.279,3679560,2097152,1,false,min
UC4,label_compact,DB1,512,3,setup,71.545,19146144,0,0,false,min
UC4,label_compact,DB1,512,3,precomp,0.000,0,0,0,false,min
UC4,label_compact,DB1,512,3,encrypt,11.229,8384976,0,0,false,min
UC4,label_compact,DB1,512,3,eval,217.733,14171704,0,0,false,min
UC4,label_compact,DB1,512,3,decrypt,15.691,5352,5242880,1,false,min
UC4,std,DB1,512,4,setup,80.664,26509768,0,0,false,min
UC4,std,DB1,512,4,precomp,0.000,0,0,0,false,min
UC4,std,DB1,512,4,encrypt,8.709,4245424,0,0,false,min
UC4,std,DB1,512,4,eval,136.005,34353176,0,0,false,min
UC4,std,DB1,512,4,decrypt,6.621,2759784,2097152,1,false,min
UC4,label_compact,DB1,512,4,setup,71.972,23619368,0,0,false,min
UC4,label_compact,DB1,512,4,precomp,0.000,0,0,0,false,min
UC4,label_compact,DB1,512,4,encrypt,11.418,8385408,0,0,false,min
UC4,label_compact,DB1,512,4,eval,213.569,14171352,0,0,false,min
UC4,label_compact,DB1,512,4,decrypt,13.889,10902408,5242880,1,false,min
UC4,std,DB1,512,5,setup,84.726,22567008,0,0,false,min
UC4,std,DB1,512,5,precomp,0.000,0,0,0,false,min
UC4,std,DB1,512,5,encrypt,8.786,4245424,0,0,false,min
UC4,std,DB1,512,5,eval,134.825,34880680,0,0,false,min
UC4,std,DB1,512,5,decrypt,4.839,3679480,2097152,1,false,min
UC4,label_compact,DB1,512,5,setup,68.918,24671536,0,0,false,min
UC4,label_compact,DB1,512,5,precomp,0.000,0,0,0,false,min
UC4,label_compact,DB1,512,5,encrypt,9.426,8385248,0,0,false,min
UC4,label_compact,DB1,512,5,eval,220.668,14171384,0,0,false,min
UC4,label_compact,DB1,512,5,decrypt,14.821,10902408,5242880,1,false,min
UC4,std,DB1,512,6,setup,85.908,28614080,0,0,false,min
UC4,std,DB1,512,6,precomp,0.000,0,0,0,false,min
UC4,std,DB1,512,6,encrypt,8.282,4245424,0,0,false,min
UC4,std,DB1,512,6,eval,134.975,34353176,0,0,false,min
UC4,std,DB1,512,6,decrypt,5.475,2759336,2097152,1,false,min
UC4,label_compact,DB1,512,6,setup,73.411,23619384,0,0,false,min
UC4,label_compact,DB1,512,6,precomp,0.000,0,0,0,false,min
UC4,label_compact,DB1,512,6,encrypt,11.757,8385248,0,0,false,min
UC4,label_compact,DB1,512,6,eval,216.002,25594696,0,0,false,min
UC4,label_compact,DB1,512,6,decrypt,14.955,10902408,5242880,1,false,min
UC4,std,DB1,512,7,setup,83.785,28482816,0,0,false,min
UC4,std,DB1,512,7,precomp,0.000,0,0,0,false,min
UC4,std,DB1,512,7,encrypt,8.378,4245424,0,0,false,min
UC4,std,DB1,512,7,eval,133.697,34353176,0,0,false,min
UC4,std,DB1,512,7,decrypt,6.629,2759336,2097152,1,false,min
UC4,label_compact,DB1,512,7,setup,73.949,22566968,0,0,false,min
UC4,label_compact,DB1,512,7,precomp,0.000,0,0,0,false,min
UC4,label_compact,DB1,512,7,encrypt,12.788,8385168,0,0,false,min
UC4,label_compact,DB1,512,7,eval,223.456,14171896,0,0,false,min
UC4,label_compact,DB1,512,7,decrypt,15.893,10902520,5242880,1,false,min
UC4,std,DB1,512,8,setup,87.573,20462216,0,0,false,min
UC4,std,DB1,512,8,precomp,0.000,0,0,0,false,min
UC4,std,DB1,512,8,encrypt,7.866,4245424,0,0,false,min
UC4,std,DB1,512,8,eval,134.989,34353352,0,0,false,min
UC4,std,DB1,512,8,decrypt,4.568,2759784,2097152,1,false,min
UC4,label_compact,DB1,512,8,setup,75.263,18882440,0,0,false,min
UC4,label_compact,DB1,512,8,precomp,0.001,0,0,0,false,min
UC4,label_compact,DB1,512,8,encrypt,11.939,8385280,0,0,false,min
UC4,label_compact,DB1,512,8,eval,222.203,37412752,0,0,false,min
UC4,label_compact,DB1,512,8,decrypt,14.997,10903304,5242880,1,false,min
UC4,std,DB1,512,9,setup,85.471,24668632,0,0,false,min
UC4,std,DB1,512,9,precomp,0.000,0,0,0,false,min
UC4,std,DB1,512,9,encrypt,10.326,4245424,0,0,false,min
UC4,std,DB1,512,9,eval,136.126,34880680,0,0,false,min
UC4,std,DB1,512,9,decrypt,5.319,2759784,2097152,1,false,min
UC4,label_compact,DB1,512,9,setup,71.162,21514608,0,0,false,min
UC4,label_compact,DB1,512,9,precomp,0.000,0,0,0,false,min
UC4,label_compact,DB1,512,9,encrypt,11.133,8385232,0,0,false,min
UC4,label_compact,DB1,512,9,eval,216.041,14171464,0,0,false,min
UC4,label_compact,DB1,512,9,decrypt,14.693,9062720,5242880,1,false,min
UC4,std,DB1,512,10,setup,84.269,28877736,0,0,false,min
UC4,std,DB1,512,10,precomp,0.000,0,0,0,false,min
UC4,std,DB1,512,10,encrypt,8.127,4245424,0,0,false,min
UC4,std,DB1,512,10,eval,135.700,34880856,0,0,false,min
UC4,std,DB1,512,10,decrypt,4.835,3679560,2097152,1,false,min
UC4,label_compact,DB1,512,10,setup,74.837,25460376,0,0,false,min
UC4,label_compact,DB1,512,10,precomp,0.000,0,0,0,false,min
UC4,label_compact,DB1,512,10,encrypt,10.950,8385088,0,0,false,min
UC4,label_compact,DB1,512,10,eval,220.193,25594584,0,0,false,min
UC4,label_compact,DB1,512,10,decrypt,17.360,-785840,5242880,1,false,min
UC4,std,DB1,512,11,setup,88.238,20459016,0,0,false,min
UC4,std,DB1,512,11,precomp,0.000,0,0,0,false,min
UC4,std,DB1,512,11,encrypt,8.572,4245424,0,0,false,min
UC4,std,DB1,512,11,eval,138.402,34880680,0,0,false,min
UC4,std,DB1,512,11,decrypt,5.491,2759336,2097152,1,false,min
UC4,label_compact,DB1,512,11,setup,74.965,25460376,0,0,false,min
UC4,label_compact,DB1,512,11,precomp,0.000,0,0,0,false,min
UC4,label_compact,DB1,512,11,encrypt,11.680,8385088,0,0,false,min
UC4,label_compact,DB1,512,11,eval,218.661,37413488,0,0,false,min
UC4,label_compact,DB1,512,11,decrypt,16.295,10902408,5242880,1,false,min
UC4,std,DB1,512,12,setup,84.176,20458840,0,0,false,min
UC4,std,DB1,512,12,precomp,0.000,0,0,0,false,min
UC4,std,DB1,512,12,encrypt,8.023,4245424,0,0,false,min
UC4,std,DB1,512,12,eval,137.046,34880680,0,0,false,min
UC4,std,DB1,512,12,decrypt,4.886,3679480,2097152,1,false,min
UC4,label_compact,DB1,512,12,setup,70.678,25460376,0,0,false,min
UC4,label_compact,DB1,512,12,precomp,0.001,0,0,0,false,min
UC4,label_compact,DB1,512,12,encrypt,13.944,8385488,0,0,false,min
UC4,label_compact,DB1,512,12,eval,216.164,37412752,0,0,false,min
UC4,label_compact,DB1,512,12,decrypt,14.809,10902856,5242880,1,false,min
UC4,std,DB1,512,13,setup,82.635,24537240,0,0,false,min
UC4,std,DB1,512,13,precomp,0.000,0,0,0,false,min
UC4,std,DB1,512,13,encrypt,9.301,4245424,0,0,false,min
UC4,std,DB1,512,13,eval,133.573,34880680,0,0,false,min
UC4,std,DB1,512,13,decrypt,6.445,2759784,2097152,1,false,min
UC4,label_compact,DB1,512,13,setup,69.608,27565072,0,0,false,min
UC4,label_compact,DB1,512,13,precomp,0.000,0,0,0,false,min
UC4,label_compact,DB1,512,13,encrypt,10.710,8385328,0,0,false,min
UC4,label_compact,DB1,512,13,eval,212.737,25594808,0,0,false,min
UC4,label_compact,DB1,512,13,decrypt,13.972,10903304,5242880,1,false,min
UC4,std,DB1,512,14,setup,83.118,20458840,0,0,false,min
UC4,std,DB1,512,14,precomp,0.000,0,0,0,false,min
UC4,std,DB1,512,14,encrypt,9.312,4245424,0,0,false,min
UC4,std,DB1,512,14,eval,134.461,34880856,0,0,false,min
UC4,std,DB1,512,14,decrypt,6.391,3679480,2097152,1,false,min
UC4,label_compact,DB1,512,14,setup,74.265,25460376,0,0,false,min
UC4,label_compact,DB1,512,14,precomp,0.000,0,0,0,false,min
UC4,label_compact,DB1,512,14,encrypt,9.529,8385200,0,0,false,min
UC4,label_compact,DB1,512,14,eval,212.192,48835200,0,0,false,min
UC4,label_compact,DB1,512,14,decrypt,15.418,10902408,5242880,1,false,min
UC4,std,DB1,512,15,setup,79.503,23615880,0,0,false,min
UC4,std,DB1,512,15,precomp,0.001,0,0,0,false,min
UC4,std,DB1,512,15,encrypt,8.862,4245424,0,0,false,min
UC4,std,DB1,512,15,eval,136.189,35408200,0,0,false,min
UC4,std,DB1,512,15,decrypt,5.052,2759336,2097152,1,false,min
UC4,label_compact,DB1,512,15,setup,72.012,23622552,0,0,false,min
UC4,label_compact,DB1,512,15,precomp,0.000,0,0,0,false,min
UC4,label_compact,DB1,512,15,encrypt,10.754,8385168,0,0,false,min
UC4,label_compact,DB1,512,15,eval,224.585,14172008,0,0,false,min
UC4,label_compact,DB1,512,15,decrypt,15.651,-784352,5242880,1,false,min
UC4,std,DB1,512,16,setup,88.365,24668296,0,0,false,min
UC4,std,DB1,512,16,precomp,0.000,0,0,0,false,min
UC4,std,DB1,512,16,encrypt,9.802,4245424,0,0,false,min
UC4,std,DB1,512,16,eval,140.875,35408200,0,0,false,min
UC4,std,DB1,512,16,decrypt,6.682,3679176,2097152,1,false,min
UC4,label_compact,DB1,512,16,setup,75.392,27301384,0,0,false,min
UC4,label_compact,DB1,512,16,precomp,0.000,0,0,0,false,min
UC4,label_compact,DB1,512,16,encrypt,10.679,8385200,0,0,false,min
UC4,label_compact,DB1,512,16,eval,219.408,46983176,0,0,false,min
UC4,label_compact,DB1,512,16,decrypt,15.934,10903416,5242880,1,false,min
UC4,std,DB1,512,17,setup,84.909,28877768,0,0,false,min
UC4,std,DB1,512,17,precomp,0.000,0,0,0,false,min
UC4,std,DB1,512,17,encrypt,8.139,4245424,0,0,false,min
UC4,std,DB1,512,17,eval,136.674,35408200,0,0,false,min
UC4,std,DB1,512,17,decrypt,6.090,3679480,2097152,1,false,min
UC4,label_compact,DB1,512,17,setup,72.906,24671648,0,0,false,min
UC4,label_compact,DB1,512,17,precomp,0.000,0,0,0,false,min
UC4,label_compact,DB1,512,17,encrypt,10.557,8385344,0,0,false,min
UC4,label_compact,DB1,512,17,eval,221.917,37407424,0,0,false,min
UC4,label_compact,DB1,512,17,decrypt,16.133,9062832,5242880,1,false,min
UC4,std,DB1,512,18,setup,83.558,22293208,0,0,false,min
UC4,std,DB1,512,18,precomp,0.000,0,0,0,false,min
UC4,std,DB1,512,18,encrypt,8.512,4245424,0,0,false,min
UC4,std,DB1,512,18,eval,137.262,34353176,0,0,false,min
UC4,std,DB1,512,18,decrypt,5.000,2759336,2097152,1,false,min
UC4,label_compact,DB1,512,18,setup,74.218,27301160,0,0,false,min
UC4,label_compact,DB1,512,18,precomp,0.000,0,0,0,false,min
UC4,label_compact,DB1,512,18,encrypt,11.067,8385136,0,0,false,min
UC4,label_compact,DB1,512,18,eval,215.702,37412832,0,0,false,min
UC4,label_compact,DB1,512,18,decrypt,13.659,10902408,5242880,1,false,min
UC4,std,DB1,512,19,setup,86.491,20195744,0,0,false,min
UC4,std,DB1,512,19,precomp,0.000,0,0,0,false,min
UC4,std,DB1,512,19,encrypt,8.356,4245424,0,0,false,min
UC4,std,DB1,512,19,eval,134.917,34353176,0,0,false,min
UC4,std,DB1,512,19,decrypt,5.820,2759336,2097152,1,false,min
UC4,label_compact,DB1,512,19,setup,72.112,21514688,0,0,false,min
UC4,label_compact,DB1,512,19,precomp,0.000,0,0,0,false,min
UC4,label_compact,DB1,512,19,encrypt,11.921,8385440,0,0,false,min
UC4,label_compact,DB1,512,19,eval,212.795,37412608,0,0,false,min
UC4,label_compact,DB1,512,19,decrypt,17.131,5352,5242880,1,false,min
UC4,std,DB1,512,20,setup,86.009,24404816,0,0,false,min
UC4,std,DB1,512,20,precomp,0.000,0,0,0,false,min
UC4,std,DB1,512,20,encrypt,8.464,4245424,0,0,false,min
UC4,std,DB1,512,20,eval,135.645,35408200,0,0,false,min
UC4,std,DB1,512,20,decrypt,7.015,3679480,2097152,1,false,min
UC4,label_compact,DB1,512,20,setup,71.523,26776216,0,0,false,min
UC4,label_compact,DB1,512,20,precomp,0.000,0,0,0,false,min
UC4,label_compact,DB1,512,20,encrypt,10.082,8385008,0,0,false,min
UC4,label_compact,DB1,512,20,eval,220.982,37387080,0,0,false,min
UC4,label_compact,DB1,512,20,decrypt,15.094,9062720,5242880,1,false,min
UC4,std,DB2,100000,1,setup,88.058,29929952,0,0,false,min
UC4,std,DB2,100000,1,precomp,0.000,0,0,0,false,min
UC4,std,DB2,100000,1,encrypt,56.510,13913392,0,0,false,min
UC4,std,DB2,100000,1,eval,895.809,43061720,0,0,false,min
UC4,std,DB2,100000,1,decrypt,6.579,2758808,2097152,1,false,min
UC4,label_compact,DB2,100000,1,setup,69.631,26776328,0,0,false,min
UC4,label_compact,DB2,100000,1,precomp,0.000,0,0,0,false,min
UC4,label_compact,DB2,100000,1,encrypt,72.042,22173912,0,0,false,min
UC4,label_compact,DB2,100000,1,eval,1437.385,50003904,0,0,false,min
UC4,label_compact,DB2,100000,1,decrypt,83.071,-12584328,30408704,1,false,min
UC4,std,DB2,100000,2,setup,82.061,24140808,0,0,false,min
UC4,std,DB2,100000,2,precomp,0.001,0,0,0,false,min
UC4,std,DB2,100000,2,encrypt,56.499,13913392,0,0,false,min
UC4,std,DB2,100000,2,eval,892.847,43061896,0,0,false,min
UC4,std,DB2,100000,2,decrypt,5.884,2758808,2097152,1,false,min
UC4,label_compact,DB2,100000,2,setup,69.292,26776440,0,0,false,min
UC4,label_compact,DB2,100000,2,precomp,0.001,0,0,0,false,min
UC4,label_compact,DB2,100000,2,encrypt,77.626,22173912,0,0,false,min
UC4,label_compact,DB2,100000,2,eval,1422.086,26761144,0,0,false,min
UC4,label_compact,DB2,100000,2,decrypt,81.695,10903304,30408704,1,false,min
UC4,std,DB2,100000,3,setup,79.361,24404832,0,0,false,min
UC4,std,DB2,100000,3,precomp,0.000,0,0,0,false,min
UC4,std,DB2,100000,3,encrypt,57.707,13913392,0,0,false,min
UC4,std,DB2,100000,3,eval,895.364,43589400,0,0,false,min
UC4,std,DB2,100000,3,decrypt,5.373,2758808,2097152,1,false,min
UC4,label_compact,DB2,100000,3,setup,68.260,27697576,0,0,false,min
UC4,label_compact,DB2,100000,3,precomp,0.000,0,0,0,false,min
UC4,label_compact,DB2,100000,3,encrypt,75.664,22173208,0,0,false,min
UC4,label_compact,DB2,100000,3,eval,1441.792,38184488,0,0,false,min
UC4,label_compact,DB2,100000,3,decrypt,83.316,10904664,30408704,1,false,min
UC4,std,DB2,100000,4,setup,82.016,28877736,0,0,false,min
UC4,std,DB2,100000,4,precomp,0.000,0,0,0,false,min
UC4,std,DB2,100000,4,encrypt,58.348,13913392,0,0,false,min
UC4,std,DB2,100000,4,eval,891.015,43061896,0,0,false,min
UC4,std,DB2,100000,4,decrypt,5.740,2758808,2097152,1,false,min
UC4,label_compact,DB2,100000,4,setup,70.774,20987120,0,0,false,min
UC4,label_compact,DB2,100000,4,precomp,0.000,0,0,0,false,min
UC4,label_compact,DB2,100000,4,encrypt,71.971,22173240,0,0,false,min
UC4,label_compact,DB2,100000,4,eval,1433.007,50008048,0,0,false,min
UC4,label_compact,DB2,100000,4,decrypt,80.343,10902632,30408704,1,false,min
UC4,std,DB2,100000,5,setup,82.016,20458824,0,0,false,min
UC4,std,DB2,100000,5,precomp,0.000,0,0,0,false,min
UC4,std,DB2,100000,5,encrypt,56.412,13913392,0,0,false,min
UC4,std,DB2,100000,5,eval,893.823,43061720,0,0,false,min
UC4,std,DB2,100000,5,decrypt,6.672,2758808,2097152,1,false,min
UC4,label_compact,DB2,100000,5,setup,72.826,27565184,0,0,false,min
UC4,label_compact,DB2,100000,5,precomp,0.000,0,0,0,false,min
UC4,label_compact,DB2,100000,5,encrypt,73.222,22173912,0,0,false,min
UC4,label_compact,DB2,100000,5,eval,1425.201,38184600,0,0,false,min
UC4,label_compact,DB2,100000,5,decrypt,82.522,-13374864,30408704,1,false,min
UC4,std,DB2,100000,6,setup,84.410,20064304,0,0,false,min
UC4,std,DB2,100000,6,precomp,0.000,0,0,0,false,min
UC4,std,DB2,100000,6,encrypt,56.152,13913392,0,0,false,min
UC4,std,DB2,100000,6,eval,900.536,15103592,0,0,false,min
UC4,std,DB2,100000,6,decrypt,6.590,2759336,2097152,1,false,min
UC4,label_compact,DB2,100000,6,setup,72.743,29405840,0,0,false,min
UC4,label_compact,DB2,100000,6,precomp,0.000,0,0,0,false,min
UC4,label_compact,DB2,100000,6,encrypt,75.656,22173176,0,0,false,min
UC4,label_compact,DB2,100000,6,eval,1416.295,26761800,0,0,false,min
UC4,label_compact,DB2,100000,6,decrypt,77.877,19180168,30408704,1,false,min
UC4,std,DB2,100000,7,setup,85.610,20458824,0,0,false,min
UC4,std,DB2,100000,7,precomp,0.001,0,0,0,false,min
UC4,std,DB2,100000,7,encrypt,57.153,13913392,0,0,false,min
UC4,std,DB2,100000,7,eval,900.577,43061720,0,0,false,min
UC4,std,DB2,100000,7,decrypt,5.373,2758808,2097152,1,false,min
UC4,label_compact,DB2,100000,7,setup,76.362,27831912,0,0,false,min
UC4,label_compact,DB2,100000,7,precomp,0.000,0,0,0,false,min
UC4,label_compact,DB2,100000,7,encrypt,72.747,19771096,0,0,false,min
UC4,label_compact,DB2,100000,7,eval,1436.194,26763032,0,0,false,min
UC4,label_compact,DB2,100000,7,decrypt,82.608,19180168,30408704,1,false,min
UC4,std,DB2,100000,8,setup,85.255,24671560,0,0,false,min
UC4,std,DB2,100000,8,precomp,0.000,0,0,0,false,min
UC4,std,DB2,100000,8,encrypt,56.987,13913392,0,0,false,min
UC4,std,DB2,100000,8,eval,891.939,43061720,0,0,false,min
UC4,std,DB2,100000,8,decrypt,5.984,2758808,2097152,1,false,min
UC4,label_compact,DB2,100000,8,setup,72.689,19146448,0,0,false,min
UC4,label_compact,DB2,100000,8,precomp,0.000,0,0,0,false,min
UC4,label_compact,DB2,100000,8,encrypt,73.620,19777352,0,0,false,min
UC4,label_compact,DB2,100000,8,eval,1433.324,50003280,0,0,false,min
UC4,label_compact,DB2,100000,8,decrypt,83.411,10903304,30408704,1,false,min
UC4,std,DB2,100000,9,setup,83.865,24140920,0,0,false,min
UC4,std,DB2,100000,9,precomp,0.000,0,0,0,false,min
UC4,std,DB2,100000,9,encrypt,57.700,13913392,0,0,false,min
UC4,std,DB2,100000,9,eval,895.359,43061720,0,0,false,min
UC4,std,DB2,100000,9,decrypt,5.000,2758920,2097152,1,false,min
UC4,label_compact,DB2,100000,9,setup,75.863,27829112,0,0,false,min
UC4,label_compact,DB2,100000,9,precomp,0.000,0,0,0,false,min
UC4,label_compact,DB2,100000,9,encrypt,73.603,22173256,0,0,false,min
UC4,label_compact,DB2,100000,9,eval,1425.595,60608296,0,0,false,min
UC4,label_compact,DB2,100000,9,decrypt,83.169,20756592,30408704,1,false,min
UC4,std,DB2,100000,10,setup,84.276,28877848,0,0,false,min
UC4,std,DB2,100000,10,precomp,0.000,0,0,0,false,min
UC4,std,DB2,100000,10,encrypt,56.965,13913392,0,0,false,min
UC4,std,DB2,100000,10,eval,895.879,43061720,0,0,false,min
UC4,std,DB2,100000,10,decrypt,4.768,2758808,2097152,1,false,min
UC4,label_compact,DB2,100000,10,setup,71.430,29405840,0,0,false,min
UC4,label_compact,DB2,100000,10,precomp,0.000,0,0,0,false,min
UC4,label_compact,DB2,100000,10,encrypt,72.886,19789864,0,0,false,min
UC4,label_compact,DB2,100000,10,eval,1445.235,38176456,0,0,false,min
UC4,label_compact,DB2,100000,10,decrypt,84.673,-13374416,30408704,1,false,min
UC4,std,DB2,100000,11,setup,79.790,26509784,0,0,false,min
UC4,std,DB2,100000,11,precomp,0.000,0,0,0,false,min
UC4,std,DB2,100000,11,encrypt,56.816,13913392,0,0,false,min
UC4,std,DB2,100000,11,eval,892.585,43061720,0,0,false,min
UC4,std,DB2,100000,11,decrypt,5.760,2758808,2097152,1,false,min
UC4,label_compact,DB2,100000,11,setup,72.093,27831912,0,0,false,min
UC4,label_compact,DB2,100000,11,precomp,0.000,0,0,0,false,min
UC4,label_compact,DB2,100000,11,encrypt,73.248,22172928,0,0,false,min
UC4,label_compact,DB2,100000,11,eval,1428.051,61425328,0,0,false,min
UC4,label_compact,DB2,100000,11,decrypt,81.643,20756592,30408704,1,false,min
UC4,std,DB2,100000,12,setup,85.338,24141032,0,0,false,min
UC4,std,DB2,100000,12,precomp,0.001,0,0,0,false,min
UC4,std,DB2,100000,12,encrypt,56.226,13913392,0,0,false,min
UC4,std,DB2,100000,12,eval,901.358,43061720,0,0,false,min
UC4,std,DB2,100000,12,decrypt,6.227,2758808,2097152,1,false,min
UC4,label_compact,DB2,100000,12,setup,69.897,20987344,0,0,false,min
UC4,label_compact,DB2,100000,12,precomp,0.000,0,0,0,false,min
UC4,label_compact,DB2,100000,12,encrypt,73.861,19771000,0,0,false,min
UC4,label_compact,DB2,100000,12,eval,1462.710,49997664,0,0,false,min
UC4,label_compact,DB2,100000,12,decrypt,82.291,-13374416,30408704,1,false,min
UC4,std,DB2,100000,13,setup,85.452,28877736,0,0,false,min
UC4,std,DB2,100000,13,precomp,0.000,0,0,0,false,min
UC4,std,DB2,100000,13,encrypt,56.083,13913392,0,0,false,min
UC4,std,DB2,100000,13,eval,893.021,44644248,0,0,false,min
UC4,std,DB2,100000,13,decrypt,5.305,2758808,2097152,1,false,min
UC4,label_compact,DB2,100000,13,setup,69.209,27433904,0,0,false,min
UC4,label_compact,DB2,100000,13,precomp,0.001,0,0,0,false,min
UC4,label_compact,DB2,100000,13,encrypt,74.105,22173896,0,0,false,min
UC4,label_compact,DB2,100000,13,eval,1435.949,26762024,0,0,false,min
UC4,label_compact,DB2,100000,13,decrypt,86.682,9062720,30408704,1,false,min
UC4,std,DB2,100000,14,setup,85.794,27825336,0,0,false,min
UC4,std,DB2,100000,14,precomp,0.000,0,0,0,false,min
UC4,std,DB2,100000,14,encrypt,59.013,13913392,0,0,false,min
UC4,std,DB2,100000,14,eval,897.320,44644248,0,0,false,min
UC4,std,DB2,100000,14,decrypt,5.223,2758808,2097152,1,false,min
UC4,label_compact,DB2,100000,14,setup,68.765,20987232,0,0,false,min
UC4,label_compact,DB2,100000,14,precomp,0.000,0,0,0,false,min
UC4,label_compact,DB2,100000,14,encrypt,76.805,22173032,0,0,false,min
UC4,label_compact,DB2,100000,14,eval,1442.484,38184520,0,0,false,min
UC4,label_compact,DB2,100000,14,decrypt,85.431,12480160,30408704,1,false,min
UC4,std,DB2,100000,15,setup,84.908,24140808,0,0,false,min
UC4,std,DB2,100000,15,precomp,0.000,0,0,0,false,min
UC4,std,DB2,100000,15,encrypt,57.951,13913392,0,0,false,min
UC4,std,DB2,100000,15,eval,896.730,43061720,0,0,false,min
UC4,std,DB2,100000,15,decrypt,6.247,2758808,2097152,1,false,min
UC4,label_compact,DB2,100000,15,setup,73.732,27831912,0,0,false,min
UC4,label_compact,DB2,100000,15,precomp,0.000,0,0,0,false,min
UC4,label_compact,DB2,100000,15,encrypt,74.048,19735720,0,0,false,min
UC4,label_compact,DB2,100000,15,eval,1425.580,38185048,0,0,false,min
UC4,label_compact,DB2,100000,15,decrypt,84.055,-8380960,30408704,1,false,min
UC4,std,DB2,100000,16,setup,86.139,20462200,0,0,false,min
UC4,std,DB2,100000,16,precomp,0.000,0,0,0,false,min
UC4,std,DB2,100000,16,encrypt,57.447,13913392,0,0,false,min
UC4,std,DB2,100000,16,eval,899.709,43589224,0,0,false,min
UC4,std,DB2,100000,16,decrypt,5.150,2758808,2097152,1,false,min
UC4,label_compact,DB2,100000,16,setup,73.363,29405840,0,0,false,min
UC4,label_compact,DB2,100000,16,precomp,0.000,0,0,0,false,min
UC4,label_compact,DB2,100000,16,encrypt,74.664,19715128,0,0,false,min
UC4,label_compact,DB2,100000,16,eval,1421.090,38180440,0,0,false,min
UC4,label_compact,DB2,100000,16,decrypt,85.171,12480160,30408704,1,false,min
UC4,std,DB2,100000,17,setup,82.990,28877848,0,0,false,min
UC4,std,DB2,100000,17,precomp,0.000,0,0,0,false,min
UC4,std,DB2,100000,17,encrypt,56.071,13913392,0,0,false,min
UC4,std,DB2,100000,17,eval,893.240,43061720,0,0,false,min
UC4,std,DB2,100000,17,decrypt,4.741,2758808,2097152,1,false,min
UC4,label_compact,DB2,100000,17,setup,69.074,27828840,0,0,false,min
UC4,label_compact,DB2,100000,17,precomp,0.000,0,0,0,false,min
UC4,label_compact,DB2,100000,17,encrypt,76.543,22173720,0,0,false,min
UC4,label_compact,DB2,100000,17,eval,1445.013,46324224,0,0,false,min
UC4,label_compact,DB2,100000,17,decrypt,82.897,-13374416,30408704,1,false,min
UC4,std,DB2,100000,18,setup,83.804,24671560,0,0,false,min
UC4,std,DB2,100000,18,precomp,0.000,0,0,0,false,min
UC4,std,DB2,100000,18,encrypt,57.081,13913392,0,0,false,min
UC4,std,DB2,100000,18,eval,895.389,43061720,0,0,false,min
UC4,std,DB2,100000,18,decrypt,5.896,2758808,2097152,1,false,min
UC4,label_compact,DB2,100000,18,setup,71.356,20462176,0,0,false,min
UC4,label_compact,DB2,100000,18,precomp,0.000,0,0,0,false,min
UC4,label_compact,DB2,100000,18,encrypt,76.859,25710016,0,0,false,min
UC4,label_compact,DB2,100000,18,eval,1448.558,26754856,0,0,false,min
UC4,label_compact,DB2,100000,18,decrypt,81.696,-13110832,30408704,1,false,min
UC4,std,DB2,100000,19,setup,82.287,27825224,0,0,false,min
UC4,std,DB2,100000,19,precomp,0.000,0,0,0,false,min
UC4,std,DB2,100000,19,encrypt,57.969,13913392,0,0,false,min
UC4,std,DB2,100000,19,eval,891.456,45699272,0,0,false,min
UC4,std,DB2,100000,19,decrypt,6.120,2759336,2097152,1,false,min
UC4,label_compact,DB2,100000,19,setup,69.930,23619768,0,0,false,min
UC4,label_compact,DB2,100000,19,precomp,0.000,0,0,0,false,min
UC4,label_compact,DB2,100000,19,encrypt,72.208,22173224,0,0,false,min
UC4,label_compact,DB2,100000,19,eval,1421.921,61425888,0,0,false,min
UC4,label_compact,DB2,100000,19,decrypt,78.909,-13374752,30408704,1,false,min
UC4,std,DB2,100000,20,setup,84.572,30454848,0,0,false,min
UC4,std,DB2,100000,20,precomp,0.000,0,0,0,false,min
UC4,std,DB2,100000,20,encrypt,56.028,13913392,0,0,false,min
UC4,std,DB2,100000,20,eval,893.944,43061720,0,0,false,min
UC4,std,DB2,100000,20,decrypt,5.272,2758808,2097152,1,false,min
UC4,label_compact,DB2,100000,20,setup,68.049,19278968,0,0,false,min
UC4,label_compact,DB2,100000,20,precomp,0.000,0,0,0,false,min
UC4,label_compact,DB2,100000,20,encrypt,75.561,25710320,0,0,false,min
UC4,label_compact,DB2,100000,20,eval,1434.738,50002400,0,0,false,min
UC4,label_compact,DB2,100000,20,decrypt,82.019,9852104,30408704,1,false,min
UC4,std,DB3,1000000,1,setup,76.873,30454784,0,0,false,min
UC4,std,DB3,1000000,1,precomp,0.000,0,0,0,false,min
UC4,std,DB3,1000000,1,encrypt,502.273,89036568,0,0,false,min
UC4,std,DB3,1000000,1,eval,7806.761,78579864,0,0,false,min
UC4,std,DB3,1000000,1,decrypt,4.461,6569568,2097152,1,false,min
UC4,label_compact,DB3,1000000,1,setup,64.476,23488104,0,0,false,min
UC4,label_compact,DB3,1000000,1,precomp,0.000,0,0,0,false,min
UC4,label_compact,DB3,1000000,1,encrypt,621.895,115514840,0,0,false,min
UC4,label_compact,DB3,1000000,1,eval,11943.965,316280256,0,0,false,min
UC4,label_compact,DB3,1000000,1,decrypt,688.029,55965696,261095424,1,false,min
UC4,std,DB3,1000000,2,setup,80.207,30454848,0,0,false,min
UC4,std,DB3,1000000,2,precomp,0.000,0,0,0,false,min
UC4,std,DB3,1000000,2,encrypt,530.082,89317472,0,0,false,min
UC4,std,DB3,1000000,2,eval,8287.676,78579864,0,0,false,min
UC4,std,DB3,1000000,2,decrypt,4.693,6569568,2097152,1,false,min
UC4,label_compact,DB3,1000000,2,setup,69.641,23091800,0,0,false,min
UC4,label_compact,DB3,1000000,2,precomp,0.000,0,0,0,false,min
UC4,label_compact,DB3,1000000,2,encrypt,661.527,115514712,0,0,false,min
UC4,label_compact,DB3,1000000,2,eval,12373.631,316279056,0,0,false,min
UC4,label_compact,DB3,1000000,2,decrypt,696.172,47689264,261095424,1,false,min
UC4,std,DB3,1000000,3,setup,82.338,30982800,0,0,false,min
UC4,std,DB3,1000000,3,precomp,0.000,0,0,0,false,min
UC4,std,DB3,1000000,3,encrypt,517.091,89036360,0,0,false,min
UC4,std,DB3,1000000,3,eval,8266.992,78579864,0,0,false,min
UC4,std,DB3,1000000,3,decrypt,4.687,6569568,2097152,1,false,min
UC4,label_compact,DB3,1000000,3,setup,71.303,23622600,0,0,false,min
UC4,label_compact,DB3,1000000,3,precomp,0.000,0,0,0,false,min
UC4,label_compact,DB3,1000000,3,encrypt,659.865,115515320,0,0,false,min
UC4,label_compact,DB3,1000000,3,eval,12328.658,304856560,0,0,false,min
UC4,label_compact,DB3,1000000,3,decrypt,697.291,47689376,261095424,1,false,min
UC4,std,DB3,1000000,4,setup,81.744,33087496,0,0,false,min
UC4,std,DB3,1000000,4,precomp,0.000,0,0,0,false,min
UC4,std,DB3,1000000,4,encrypt,510.157,89036360,0,0,false,min
UC4,std,DB3,1000000,4,eval,8276.892,78579864,0,0,false,min
UC4,std,DB3,1000000,4,decrypt,5.195,6569568,2097152,1,false,min
UC4,label_compact,DB3,1000000,4,setup,66.931,23091800,0,0,false,min
UC4,label_compact,DB3,1000000,4,precomp,0.000,0,0,0,false,min
UC4,label_compact,DB3,1000000,4,encrypt,653.740,115515368,0,0,false,min
UC4,label_compact,DB3,1000000,4,eval,12327.454,351340080,0,0,false,min
UC4,label_compact,DB3,1000000,4,decrypt,680.099,47689264,261095424,1,false,min
UC4,std,DB3,1000000,5,setup,82.539,30719240,0,0,false,min
UC4,std,DB3,1000000,5,precomp,0.000,0,0,0,false,min
UC4,std,DB3,1000000,5,encrypt,523.152,89036568,0,0,false,min
UC4,std,DB3,1000000,5,eval,8259.298,78579864,0,0,false,min
UC4,std,DB3,1000000,5,decrypt,4.686,6569568,2097152,1,false,min
UC4,label_compact,DB3,1000000,5,setup,69.140,23619176,0,0,false,min
UC4,label_compact,DB3,1000000,5,precomp,0.000,0,0,0,false,min
UC4,label_compact,DB3,1000000,5,encrypt,665.295,115515496,0,0,false,min
UC4,label_compact,DB3,1000000,5,eval,12338.402,235132584,0,0,false,min
UC4,label_compact,DB3,1000000,5,decrypt,694.628,47689264,261095424,1,false,min
UC4,std,DB3,1000000,6,setup,81.070,32559528,0,0,false,min
UC4,std,DB3,1000000,6,precomp,0.000,0,0,0,false,min
UC4,std,DB3,1000000,6,encrypt,528.058,89036568,0,0,false,min
UC4,std,DB3,1000000,6,eval,8400.667,78579864,0,0,false,min
UC4,std,DB3,1000000,6,decrypt,5.026,6569568,2097152,1,false,min
UC4,label_compact,DB3,1000000,6,setup,71.197,23619272,0,0,false,min
UC4,label_compact,DB3,1000000,6,precomp,0.000,0,0,0,false,min
UC4,label_compact,DB3,1000000,6,encrypt,657.550,115515176,0,0,false,min
UC4,label_compact,DB3,1000000,6,eval,12328.917,339513176,0,0,false,min
UC4,label_compact,DB3,1000000,6,decrypt,683.207,46637336,261095424,1,false,min
UC4,std,DB3,1000000,7,setup,82.065,26509192,0,0,false,min
UC4,std,DB3,1000000,7,precomp,0.000,0,0,0,false,min
UC4,std,DB3,1000000,7,encrypt,501.191,89036360,0,0,false,min
UC4,std,DB3,1000000,7,eval,8267.886,78579864,0,0,false,min
UC4,std,DB3,1000000,7,decrypt,5.856,6569568,2097152,1,false,min
UC4,label_compact,DB3,1000000,7,setup,73.829,23622568,0,0,false,min
UC4,label_compact,DB3,1000000,7,precomp,0.000,0,0,0,false,min
UC4,label_compact,DB3,1000000,7,encrypt,669.858,115515400,0,0,false,min
UC4,label_compact,DB3,1000000,7,eval,12150.414,188644184,0,0,false,min
UC4,label_compact,DB3,1000000,7,decrypt,650.775,52284072,261095424,1,false,min
UC4,std,DB3,1000000,8,setup,79.513,30718760,0,0,false,min
UC4,std,DB3,1000000,8,precomp,0.000,0,0,0,false,min
UC4,std,DB3,1000000,8,encrypt,492.102,69639072,0,0,false,min
UC4,std,DB3,1000000,8,eval,7815.516,89657624,0,0,false,min
UC4,std,DB3,1000000,8,decrypt,4.884,6569568,2097152,1,false,min
UC4,label_compact,DB3,1000000,8,setup,63.069,23091800,0,0,false,min
UC4,label_compact,DB3,1000000,8,precomp,0.000,0,0,0,false,min
UC4,label_compact,DB3,1000000,8,encrypt,623.744,115515496,0,0,false,min
UC4,label_compact,DB3,1000000,8,eval,11737.073,351339648,0,0,false,min
UC4,label_compact,DB3,1000000,8,decrypt,651.463,47689488,261095424,1,false,min
UC4,std,DB3,1000000,9,setup,78.589,22036128,0,0,false,min
UC4,std,DB3,1000000,9,precomp,0.000,0,0,0,false,min
UC4,std,DB3,1000000,9,encrypt,498.158,89036568,0,0,false,min
UC4,std,DB3,1000000,9,eval,7845.496,78579864,0,0,false,min
UC4,std,DB3,1000000,9,decrypt,4.822,6569568,2097152,1,false,min
UC4,label_compact,DB3,1000000,9,setup,64.120,23619496,0,0,false,min
UC4,label_compact,DB3,1000000,9,precomp,0.000,0,0,0,false,min
UC4,label_compact,DB3,1000000,9,encrypt,628.066,115515464,0,0,false,min
UC4,label_compact,DB3,1000000,9,eval,11711.298,258368512,0,0,false,min
UC4,label_compact,DB3,1000000,9,decrypt,650.327,47689264,261095424,1,false,min
UC4,std,DB3,1000000,10,setup,74.111,30982224,0,0,false,min
UC4,std,DB3,1000000,10,precomp,0.000,0,0,0,false,min
UC4,std,DB3,1000000,10,encrypt,491.398,89317472,0,0,false,min
UC4,std,DB3,1000000,10,eval,7819.648,78579864,0,0,false,min
UC4,std,DB3,1000000,10,decrypt,4.524,6569568,2097152,1,false,min
UC4,label_compact,DB3,1000000,10,setup,64.838,25460504,0,0,false,min
UC4,label_compact,DB3,1000000,10,precomp,0.000,0,0,0,false,min
UC4,label_compact,DB3,1000000,10,encrypt,631.165,115515336,0,0,false,min
UC4,label_compact,DB3,1000000,10,eval,11740.261,374582472,0,0,false,min
UC4,label_compact,DB3,1000000,10,decrypt,656.352,55965696,261095424,1,false,min
UC4,std,DB3,1000000,11,setup,76.043,34664208,0,0,false,min
UC4,std,DB3,1000000,11,precomp,0.000,0,0,0,false,min
UC4,std,DB3,1000000,11,encrypt,493.816,67953032,0,0,false,min
UC4,std,DB3,1000000,11,eval,7852.254,84910008,0,0,false,min
UC4,std,DB3,1000000,11,decrypt,4.532,6569568,2097152,1,false,min
UC4,label_compact,DB3,1000000,11,setup,64.460,23091912,0,0,false,min
UC4,label_compact,DB3,1000000,11,precomp,0.000,0,0,0,false,min
UC4,label_compact,DB3,1000000,11,encrypt,624.402,115515240,0,0,false,min
UC4,label_compact,DB3,1000000,11,eval,11705.556,293038104,0,0,false,min
UC4,label_compact,DB3,1000000,11,decrypt,654.876,47689264,261095424,1,false,min
UC4,std,DB3,1000000,12,setup,77.124,32823424,0,0,false,min
UC4,std,DB3,1000000,12,precomp,0.000,0,0,0,false,min
UC4,std,DB3,1000000,12,encrypt,494.094,68515272,0,0,false,min
UC4,std,DB3,1000000,12,eval,7817.750,90185128,0,0,false,min
UC4,std,DB3,1000000,12,decrypt,5.490,6569568,2097152,1,false,min
UC4,label_compact,DB3,1000000,12,setup,64.395,23091800,0,0,false,min
UC4,label_compact,DB3,1000000,12,precomp,0.000,0,0,0,false,min
UC4,label_compact,DB3,1000000,12,encrypt,624.285,115514760,0,0,false,min
UC4,label_compact,DB3,1000000,12,eval,11740.276,386003400,0,0,false,min
UC4,label_compact,DB3,1000000,12,decrypt,654.233,47689264,261095424,1,false,min
UC4,std,DB3,1000000,13,setup,77.305,26509512,0,0,false,min
UC4,std,DB3,1000000,13,precomp,0.000,0,0,0,false,min
UC4,std,DB3,1000000,13,encrypt,504.683,89036360,0,0,false,min
UC4,std,DB3,1000000,13,eval,7876.572,78579864,0,0,false,min
UC4,std,DB3,1000000,13,decrypt,4.969,6569568,2097152,1,false,min
UC4,label_compact,DB3,1000000,13,setup,65.097,23619384,0,0,false,min
UC4,label_compact,DB3,1000000,13,precomp,0.000,0,0,0,false,min
UC4,label_compact,DB3,1000000,13,encrypt,622.565,115515128,0,0,false,min
UC4,label_compact,DB3,1000000,13,eval,11721.219,258367408,0,0,false,min
UC4,label_compact,DB3,1000000,13,decrypt,648.327,47689264,261095424,1,false,min
UC4,std,DB3,1000000,14,setup,77.828,22036128,0,0,false,min
UC4,std,DB3,1000000,14,precomp,0.000,0,0,0,false,min
UC4,std,DB3,1000000,14,encrypt,494.083,89036568,0,0,false,min
UC4,std,DB3,1000000,14,eval,7842.064,78579864,0,0,false,min
UC4,std,DB3,1000000,14,decrypt,4.495,6569568,2097152,1,false,min
UC4,label_compact,DB3,1000000,14,setup,62.928,23091912,0,0,false,min
UC4,label_compact,DB3,1000000,14,precomp,0.000,0,0,0,false,min
UC4,label_compact,DB3,1000000,14,encrypt,631.208,115515352,0,0,false,min
UC4,label_compact,DB3,1000000,14,eval,11757.277,223314416,0,0,false,min
UC4,label_compact,DB3,1000000,14,decrypt,647.035,47689264,261095424,1,false,min
UC4,std,DB3,1000000,15,setup,77.045,30985648,0,0,false,min
UC4,std,DB3,1000000,15,precomp,0.000,0,0,0,false,min
UC4,std,DB3,1000000,15,encrypt,492.637,68514592,0,0,false,min
UC4,std,DB3,1000000,15,eval,7840.190,88075080,0,0,false,min
UC4,std,DB3,1000000,15,decrypt,4.457,6569568,2097152,1,false,min
UC4,label_compact,DB3,1000000,15,setup,64.647,23091800,0,0,false,min
UC4,label_compact,DB3,1000000,15,precomp,0.000,0,0,0,false,min
UC4,label_compact,DB3,1000000,15,encrypt,625.614,115514920,0,0,false,min
UC4,label_compact,DB3,1000000,15,eval,11733.597,258374352,0,0,false,min
UC4,label_compact,DB3,1000000,15,decrypt,648.589,54913768,261095424,1,false,min
UC4,std,DB3,1000000,16,setup,76.321,22036128,0,0,false,min
UC4,std,DB3,1000000,16,precomp,0.000,0,0,0,false,min
UC4,std,DB3,1000000,16,encrypt,495.033,89036568,0,0,false,min
UC4,std,DB3,1000000,16,eval,7849.679,78579864,0,0,false,min
UC4,std,DB3,1000000,16,decrypt,4.550,6569568,2097152,1,false,min
UC4,label_compact,DB3,1000000,16,setup,61.648,25196480,0,0,false,min
UC4,label_compact,DB3,1000000,16,precomp,0.000,0,0,0,false,min
UC4,label_compact,DB3,1000000,16,encrypt,630.468,115515304,0,0,false,min
UC4,label_compact,DB3,1000000,16,eval,11834.691,386003384,0,0,false,min
UC4,label_compact,DB3,1000000,16,decrypt,652.940,47689264,261095424,1,false,min
UC4,std,DB3,1000000,17,setup,76.421,22563536,0,0,false,min
UC4,std,DB3,1000000,17,precomp,0.000,0,0,0,false,min
UC4,std,DB3,1000000,17,encrypt,493.495,89036568,0,0,false,min
UC4,std,DB3,1000000,17,eval,7842.647,78579864,0,0,false,min
UC4,std,DB3,1000000,17,decrypt,5.644,6569568,2097152,1,false,min
UC4,label_compact,DB3,1000000,17,setup,69.266,23091800,0,0,false,min
UC4,label_compact,DB3,1000000,17,precomp,0.000,0,0,0,false,min
UC4,label_compact,DB3,1000000,17,encrypt,633.266,115515048,0,0,false,min
UC4,label_compact,DB3,1000000,17,eval,11798.011,176832224,0,0,false,min
UC4,label_compact,DB3,1000000,17,decrypt,669.024,64242112,261095424,1,false,min
UC4,std,DB3,1000000,18,setup,77.119,30454848,0,0,false,min
UC4,std,DB3,1000000,18,precomp,0.000,0,0,0,false,min
UC4,std,DB3,1000000,18,encrypt,495.024,89036568,0,0,false,min
UC4,std,DB3,1000000,18,eval,7856.725,78579864,0,0,false,min
UC4,std,DB3,1000000,18,decrypt,4.545,6569568,2097152,1,false,min
UC4,label_compact,DB3,1000000,18,setup,68.428,25592784,0,0,false,min
UC4,label_compact,DB3,1000000,18,precomp,0.000,0,0,0,false,min
UC4,label_compact,DB3,1000000,18,encrypt,629.071,115515608,0,0,false,min
UC4,label_compact,DB3,1000000,18,eval,11762.453,223313632,0,0,false,min
UC4,label_compact,DB3,1000000,18,decrypt,658.253,46637336,261095424,1,false,min
UC4,std,DB3,1000000,19,setup,76.990,30982432,0,0,false,min
UC4,std,DB3,1000000,19,precomp,0.000,0,0,0,false,min
UC4,std,DB3,1000000,19,encrypt,493.579,89036360,0,0,false,min
UC4,std,DB3,1000000,19,eval,7843.808,78579816,0,0,false,min
UC4,std,DB3,1000000,19,decrypt,4.496,6569568,2097152,1,false,min
UC4,label_compact,DB3,1000000,19,setup,66.193,23619384,0,0,false,min
UC4,label_compact,DB3,1000000,19,precomp,0.001,0,0,0,false,min
UC4,label_compact,DB3,1000000,19,encrypt,626.016,115514952,0,0,false,min
UC4,label_compact,DB3,1000000,19,eval,11765.562,188645496,0,0,false,min
UC4,label_compact,DB3,1000000,19,decrypt,649.162,38888264,261095424,1,false,min
UC4,std,DB3,1000000,20,setup,74.643,26772896,0,0,false,min
UC4,std,DB3,1000000,20,precomp,0.000,0,0,0,false,min
UC4,std,DB3,1000000,20,encrypt,492.986,89317472,0,0,false,min
UC4,std,DB3,1000000,20,eval,8060.311,78579864,0,0,false,min
UC4,std,DB3,1000000,20,decrypt,4.680,6569568,2097152,1,false,min
UC4,label_compact,DB3,1000000,20,setup,69.847,27828648,0,0,false,min
UC4,label_compact,DB3,1000000,20,precomp,0.000,0,0,0,false,min
UC4,label_compact,DB3,1000000,20,encrypt,667.439,115515320,0,0,false,min
UC4,label_compact,DB3,1000000,20,eval,12349.200,188654664,0,0,false,min
UC4,label_compact,DB3,1000000,20,decrypt,652.280,47689264,261095424,1,false,min
